ERROR: logging before google.Init: E0831 01:51:15.599044       1 main.go:606] Failed to redirect output for CLI: creating log file: opening log file: open /home/dd/.gemini/antigravity-cli/log/cli-20260831_015115.log: read-only file system
ERROR: logging before google.Init: I0831 01:51:15.599130      83 server.go:1487] Starting language server process with pid 118
ERROR: logging before google.Init: E0831 01:51:15.599169      83 server.go:1472] Failed to initialize crash reporter: failed to setup crash output: open /home/dd/.gemini/antigravity-cli/crashes/crash_118_4b8ec2d4-440c-4b77-acbc-891a92d2a541.log: read-only file system
ERROR: logging before google.Init: I0831 01:51:15.600492      83 server.go:1540] Language server version: 1.1.22
ERROR: logging before google.Init: I0831 01:51:15.600516      83 server.go:584] Language server will attempt to listen on host localhost
ERROR: logging before google.Init: I0831 01:51:15.601108      83 server.go:599] Language server listening on random port at 35553 for HTTPS (gRPC)
ERROR: logging before google.Init: I0831 01:51:15.601177      83 server.go:607] Language server listening on random port at 46775 for HTTP
ERROR: logging before google.Init: W0831 01:51:15.803651      76 crashreporter.go:122] No active crash reporter, cannot upload previous crashes
ERROR: logging before google.Init: E0831 01:51:15.803922      75 errorreport.go:223] Failed to poll ListExperiments: error getting token source: You are not logged into Antigravity.
ERROR: logging before google.Init: I0831 01:51:15.803985      75 model_configs.go:62] Auth mode is unspecified, skipping fetchAvailableModels and returning empty response
ERROR: logging before google.Init: W0831 01:51:15.805178      83 cache.go:56] Cache(loadCodeAssistResponse): Singleflight refresh failed: error getting token source: You are not logged into Antigravity.
ERROR: logging before google.Init: E0831 01:51:15.805209      83 errorreport.go:223] error getting token source: You are not logged into Antigravity.
ERROR: logging before google.Init: W0831 01:51:15.805270      83 cache.go:56] Cache(userInfo): Singleflight refresh failed: failed to get load code assist response: error getting token source: You are not logged into Antigravity.
ERROR: logging before google.Init: E0831 01:51:15.805281      83 errorreport.go:223] failed to get load code assist response: error getting token source: You are not logged into Antigravity.
ERROR: logging before google.Init: W0831 01:51:15.805457      83 cache.go:56] Cache(loadCodeAssistResponse): Singleflight refresh failed: error getting token source: You are not logged into Antigravity.
ERROR: logging before google.Init: E0831 01:51:15.805468      83 errorreport.go:223] error getting token source: You are not logged into Antigravity.
ERROR: logging before google.Init: W0831 01:51:15.805495      83 cache.go:56] Cache(userInfo): Singleflight refresh failed: failed to get load code assist response: error getting token source: You are not logged into Antigravity.
ERROR: logging before google.Init: E0831 01:51:15.805502      83 errorreport.go:223] failed to get load code assist response: error getting token source: You are not logged into Antigravity.
ERROR: logging before google.Init: W0831 01:51:15.805530      83 cache.go:56] Cache(loadCodeAssistResponse): Singleflight refresh failed: error getting token source: You are not logged into Antigravity.
ERROR: logging before google.Init: E0831 01:51:15.805539      83 errorreport.go:223] error getting token source: You are not logged into Antigravity.
ERROR: logging before google.Init: W0831 01:51:15.805562      83 cache.go:56] Cache(userInfo): Singleflight refresh failed: failed to get load code assist response: error getting token source: You are not logged into Antigravity.
ERROR: logging before google.Init: E0831 01:51:15.805570      83 errorreport.go:223] failed to get load code assist response: error getting token source: You are not logged into Antigravity.
ERROR: logging before google.Init: W0831 01:51:15.805814      83 launchmanager.go:69] Entering local chrome mode! This is WRONG unless you are running tests or in eval mode on Linux.
ERROR: logging before google.Init: W0831 01:51:15.805904     134 cache.go:56] Cache(loadCodeAssistResponse): Singleflight refresh failed: error getting token source: You are not logged into Antigravity.
ERROR: logging before google.Init: E0831 01:51:15.805927     134 errorreport.go:223] error getting token source: You are not logged into Antigravity.
ERROR: logging before google.Init: W0831 01:51:15.806110      83 defaults.go:771] failed to get cs path: cs path /usr/bin/cs invalid
ERROR: logging before google.Init: I0831 01:51:15.806133      83 manager.go:98] Creating trajectory store manager with proto store and SQLite store
ERROR: logging before google.Init: E0831 01:51:15.807853      83 errorreport.go:223] remove /home/dd/.gemini/antigravity-cli/conversations/6ce8acbb-6300-4d0d-ad4a-76e8d68e3d21.db: read-only file system
ERROR: logging before google.Init: E0831 01:51:15.807903      83 errorreport.go:223] Failed to prune trajectory 6ce8acbb-6300-4d0d-ad4a-76e8d68e3d21: remove /home/dd/.gemini/antigravity-cli/conversations/6ce8acbb-6300-4d0d-ad4a-76e8d68e3d21.db: read-only file system
ERROR: logging before google.Init: E0831 01:51:15.807925      83 manager.go:368] Failed to prune trajectory 6ce8acbb-6300-4d0d-ad4a-76e8d68e3d21: remove /home/dd/.gemini/antigravity-cli/conversations/6ce8acbb-6300-4d0d-ad4a-76e8d68e3d21.db: read-only file system
ERROR: logging before google.Init: W0831 01:51:15.807946      83 cache.go:56] Cache(loadCodeAssistResponse): Singleflight refresh failed: error getting token source: You are not logged into Antigravity.
ERROR: logging before google.Init: E0831 01:51:15.807962      83 errorreport.go:223] error getting token source: You are not logged into Antigravity.
ERROR: logging before google.Init: W0831 01:51:15.807987      83 cache.go:56] Cache(userInfo): Singleflight refresh failed: failed to get load code assist response: error getting token source: You are not logged into Antigravity.
ERROR: logging before google.Init: E0831 01:51:15.807997      83 errorreport.go:223] failed to get load code assist response: error getting token source: You are not logged into Antigravity.
ERROR: logging before google.Init: I0831 01:51:15.808138     161 manager.go:88] Migration [MIGRATION_ID_SIDECAR_USER_CONFIG_BYPASS] is disabled, skipping entirely
ERROR: logging before google.Init: I0831 01:51:15.808165     161 manager.go:91] Migration [MIGRATION_ID_SANITY_CHECK_PROJECT_URIS] is enabled
ERROR: logging before google.Init: I0831 01:51:15.808178     161 manager.go:100] Migration [MIGRATION_ID_SANITY_CHECK_PROJECT_URIS] already has status MIGRATION_STATUS_COMPLETED, skipping
ERROR: logging before google.Init: I0831 01:51:15.808185     161 manager.go:91] Migration [MIGRATION_ID_PLUGIN_ENABLEMENT] is enabled
ERROR: logging before google.Init: I0831 01:51:15.808190     161 manager.go:100] Migration [MIGRATION_ID_PLUGIN_ENABLEMENT] already has status MIGRATION_STATUS_COMPLETED, skipping
ERROR: logging before google.Init: I0831 01:51:15.808193     161 manager.go:91] Migration [MIGRATION_ID_BUILTIN_SIDECARS_TO_PLUGINS] is enabled
ERROR: logging before google.Init: I0831 01:51:15.808198     161 manager.go:100] Migration [MIGRATION_ID_BUILTIN_SIDECARS_TO_PLUGINS] already has status MIGRATION_STATUS_COMPLETED, skipping
ERROR: logging before google.Init: W0831 01:51:15.810543     164 cache.go:56] Cache(loadCodeAssistResponse): Singleflight refresh failed: error getting token source: You are not logged into Antigravity.
ERROR: logging before google.Init: E0831 01:51:15.810575     164 errorreport.go:223] error getting token source: You are not logged into Antigravity.
ERROR: logging before google.Init: W0831 01:51:15.810655     164 cache.go:56] Cache(userInfo): Singleflight refresh failed: failed to get load code assist response: error getting token source: You are not logged into Antigravity.
ERROR: logging before google.Init: E0831 01:51:15.810670     164 errorreport.go:223] failed to get load code assist response: error getting token source: You are not logged into Antigravity.
ERROR: logging before google.Init: W0831 01:51:15.810811     105 cache.go:56] Cache(loadCodeAssistResponse): Singleflight refresh failed: error getting token source: You are not logged into Antigravity.
ERROR: logging before google.Init: E0831 01:51:15.810883     105 errorreport.go:223] error getting token source: You are not logged into Antigravity.
ERROR: logging before google.Init: W0831 01:51:15.810914     105 cache.go:56] Cache(userInfo): Singleflight refresh failed: failed to get load code assist response: error getting token source: You are not logged into Antigravity.
ERROR: logging before google.Init: E0831 01:51:15.810924     105 errorreport.go:223] failed to get load code assist response: error getting token source: You are not logged into Antigravity.
ERROR: logging before google.Init: W0831 01:51:15.811032     106 cache.go:56] Cache(loadCodeAssistResponse): Singleflight refresh failed: error getting token source: You are not logged into Antigravity.
ERROR: logging before google.Init: E0831 01:51:15.811053     106 errorreport.go:223] error getting token source: You are not logged into Antigravity.
ERROR: logging before google.Init: W0831 01:51:15.811097     106 cache.go:56] Cache(userInfo): Singleflight refresh failed: failed to get load code assist response: error getting token source: You are not logged into Antigravity.
ERROR: logging before google.Init: E0831 01:51:15.811109     106 errorreport.go:223] failed to get load code assist response: error getting token source: You are not logged into Antigravity.
ERROR: logging before google.Init: W0831 01:51:15.811173     108 cache.go:56] Cache(loadCodeAssistResponse): Singleflight refresh failed: error getting token source: You are not logged into Antigravity.
ERROR: logging before google.Init: E0831 01:51:15.811188     108 errorreport.go:223] error getting token source: You are not logged into Antigravity.
ERROR: logging before google.Init: W0831 01:51:15.811223     108 cache.go:56] Cache(userInfo): Singleflight refresh failed: failed to get load code assist response: error getting token source: You are not logged into Antigravity.
ERROR: logging before google.Init: E0831 01:51:15.811234     108 errorreport.go:223] failed to get load code assist response: error getting token source: You are not logged into Antigravity.
ERROR: logging before google.Init: I0831 01:51:15.811272      83 server.go:2853] Auth succeeded, refreshing features and managers
ERROR: logging before google.Init: W0831 01:51:15.811297     109 cache.go:56] Cache(loadCodeAssistResponse): Singleflight refresh failed: error getting token source: You are not logged into Antigravity.
ERROR: logging before google.Init: E0831 01:51:15.811307     109 errorreport.go:223] error getting token source: You are not logged into Antigravity.
ERROR: logging before google.Init: E0831 01:51:15.811307      83 errorreport.go:223] Failed to poll ListExperiments: error getting token source: You are not logged into Antigravity.
ERROR: logging before google.Init: W0831 01:51:15.811331     109 cache.go:56] Cache(userInfo): Singleflight refresh failed: failed to get load code assist response: error getting token source: You are not logged into Antigravity.
ERROR: logging before google.Init: I0831 01:51:15.811336      83 server.go:2859] State refresh took 0ms
ERROR: logging before google.Init: E0831 01:51:15.811338     109 errorreport.go:223] failed to get load code assist response: error getting token source: You are not logged into Antigravity.
ERROR: logging before google.Init: I0831 01:51:15.811347      83 server.go:2873] [RemoteControl] Subscription callback triggered.
ERROR: logging before google.Init: I0831 01:51:15.811350      83 server.go:2875] [RemoteControl] RemoteControlEnabled value: false
ERROR: logging before google.Init: I0831 01:51:15.811352      83 server.go:3368] [RemoteControl] CLI launched without --remote-control, staying disconnected
ERROR: logging before google.Init: I0831 01:51:15.811356      83 server.go:3186] [RemoteControl] Resolved proxyServerURL: ""
ERROR: logging before google.Init: I0831 01:51:15.811363      83 profiler.go:231] Continuous pprof profiling is disabled.
ERROR: logging before google.Init: I0831 01:51:15.811468     196 manager.go:88] Migration [MIGRATION_ID_SIDECAR_USER_CONFIG_BYPASS] is disabled, skipping entirely
ERROR: logging before google.Init: I0831 01:51:15.811478     196 manager.go:91] Migration [MIGRATION_ID_SANITY_CHECK_PROJECT_URIS] is enabled
ERROR: logging before google.Init: I0831 01:51:15.811486     196 manager.go:100] Migration [MIGRATION_ID_SANITY_CHECK_PROJECT_URIS] already has status MIGRATION_STATUS_COMPLETED, skipping
ERROR: logging before google.Init: I0831 01:51:15.811489     196 manager.go:91] Migration [MIGRATION_ID_PLUGIN_ENABLEMENT] is enabled
ERROR: logging before google.Init: I0831 01:51:15.811494     196 manager.go:100] Migration [MIGRATION_ID_PLUGIN_ENABLEMENT] already has status MIGRATION_STATUS_COMPLETED, skipping
ERROR: logging before google.Init: I0831 01:51:15.811497     196 manager.go:91] Migration [MIGRATION_ID_BUILTIN_SIDECARS_TO_PLUGINS] is enabled
ERROR: logging before google.Init: I0831 01:51:15.811501     196 manager.go:100] Migration [MIGRATION_ID_BUILTIN_SIDECARS_TO_PLUGINS] already has status MIGRATION_STATUS_COMPLETED, skipping
ERROR: logging before google.Init: I0831 01:51:15.811499      83 server.go:2381] initialized server successfully in 212.341935ms
ERROR: logging before google.Init: W0831 01:51:15.811599     199 cache.go:56] Cache(loadCodeAssistResponse): Singleflight refresh failed: error getting token source: You are not logged into Antigravity.
ERROR: logging before google.Init: E0831 01:51:15.811618     199 errorreport.go:223] error getting token source: You are not logged into Antigravity.
ERROR: logging before google.Init: W0831 01:51:15.811664     199 cache.go:56] Cache(userInfo): Singleflight refresh failed: failed to get load code assist response: error getting token source: You are not logged into Antigravity.
ERROR: logging before google.Init: E0831 01:51:15.811672     199 errorreport.go:223] failed to get load code assist response: error getting token source: You are not logged into Antigravity.
ERROR: logging before google.Init: W0831 01:51:15.814179       1 auto_updater.go:245] Directory /usr/bin is not fully accessible (readable: true, writable: false), skipping update
ERROR: logging before google.Init: I0831 01:51:15.814283       1 common.go:150] Launching CLI mode
ERROR: logging before google.Init: E0831 01:51:15.814297       1 launchsteps.go:84] Failed to resolve GeminiDir ".gemini": .gemini must be an absolute path: path is not absolute, falling back to default
ERROR: logging before google.Init: E0831 01:51:15.814910       1 errorreport.go:223] Failed to save trajectory for workspace file:///home/dd/projects/gsd-beads: open /home/dd/.gemini/antigravity-cli/implicit/a96699b1-81a1-4051-8ae4-4fffe4b45975.fe4fd201-668e-42fa-b444-25444ab26d9b.tmp: read-only file system
ERROR: logging before google.Init: I0831 01:51:15.814944       1 common.go:172] CLI app data directory: /home/dd/.gemini/antigravity-cli
ERROR: logging before google.Init: W0831 01:51:15.814946     211 cache.go:56] Cache(loadCodeAssistResponse): Singleflight refresh failed: error getting token source: You are not logged into Antigravity.
ERROR: logging before google.Init: E0831 01:51:15.814960     211 errorreport.go:223] error getting token source: You are not logged into Antigravity.
ERROR: logging before google.Init: I0831 01:51:15.814951       1 server.go:285] Creating CLI server backend: product=antigravity workspaceDirs=[/home/dd/projects/gsd-beads /home/dd/projects/gsd-beads] appDataDir=/home/dd/.gemini/antigravity-cli cascadeManager=true codeAssist=true
ERROR: logging before google.Init: W0831 01:51:15.814988     211 cache.go:56] Cache(userInfo): Singleflight refresh failed: failed to get load code assist response: error getting token source: You are not logged into Antigravity.
ERROR: logging before google.Init: E0831 01:51:15.814997     211 errorreport.go:223] failed to get load code assist response: error getting token source: You are not logged into Antigravity.
ERROR: logging before google.Init: I0831 01:51:15.815016       1 auth_provider.go:735] [AuthProvider] SetEnableBusinessLogin called with enable: true
ERROR: logging before google.Init: E0831 01:51:15.815222       1 summary_store.go:182] summary store open failed (corrupt_on_open), recreating: summary_store: open db: unable to open database file: no such file or directory
ERROR: logging before google.Init: E0831 01:51:15.815272       1 summary_store.go:187] summary store recreate failed: summary_store: open db: unable to open database file: no such file or directory
ERROR: logging before google.Init: I0831 01:51:15.815373       1 server.go:1911] Backend project ID updated dynamically to: default-cli-project
ERROR: logging before google.Init: I0831 01:51:15.815384       1 analytics.go:176] CLI startup completed (took 216.622037ms)
ERROR: logging before google.Init: W0831 01:51:15.815386     142 cache.go:56] Cache(loadCodeAssistResponse): Singleflight refresh failed: error getting token source: You are not logged into Antigravity.
ERROR: logging before google.Init: E0831 01:51:15.815408     142 errorreport.go:223] error getting token source: You are not logged into Antigravity.
ERROR: logging before google.Init: W0831 01:51:15.815450     142 cache.go:56] Cache(userInfo): Singleflight refresh failed: failed to get load code assist response: error getting token source: You are not logged into Antigravity.
ERROR: logging before google.Init: E0831 01:51:15.815460     142 errorreport.go:223] failed to get load code assist response: error getting token source: You are not logged into Antigravity.
ERROR: logging before google.Init: W0831 01:51:15.815495     142 cache.go:56] Cache(loadCodeAssistResponse): Singleflight refresh failed: error getting token source: You are not logged into Antigravity.
ERROR: logging before google.Init: I0831 01:51:15.815391       1 printmode.go:173] Print mode: starting (promptLength=556, model="", conversationID="")
ERROR: logging before google.Init: E0831 01:51:15.815507     142 errorreport.go:223] error getting token source: You are not logged into Antigravity.
ERROR: logging before google.Init: I0831 01:51:15.815510       1 manager.go:398] Initializing CLI store manager for workspace /home/dd/projects/gsd-beads
ERROR: logging before google.Init: W0831 01:51:15.815536     142 cache.go:56] Cache(userInfo): Singleflight refresh failed: failed to get load code assist response: error getting token source: You are not logged into Antigravity.
ERROR: logging before google.Init: E0831 01:51:15.815547     142 errorreport.go:223] failed to get load code assist response: error getting token source: You are not logged into Antigravity.
ERROR: logging before google.Init: W0831 01:51:15.815670     142 cache.go:56] Cache(loadCodeAssistResponse): Singleflight refresh failed: error getting token source: You are not logged into Antigravity.
ERROR: logging before google.Init: I0831 01:51:15.815676       1 cli_setting_manager.go:156] applyUserSettings: no shared config permissions from /home/dd/.gemini/config/config.json
ERROR: logging before google.Init: E0831 01:51:15.815684     142 errorreport.go:223] error getting token source: You are not logged into Antigravity.
ERROR: logging before google.Init: I0831 01:51:15.815691       1 cli_setting_manager.go:922] Skipping telemetry propagation because user is not logged in
ERROR: logging before google.Init: I0831 01:51:15.815695       1 cli_setting_manager.go:92] CLI settings initialized: permissions=&{Allow:[command(git log -n 5 --oneline) mcp(lean-ctx/ctx_tree) mcp(lean-ctx/ctx_shell) mcp(lean-ctx/ctx_read) mcp(lean-ctx/ctx_glob) mcp(lean-ctx/ctx_expand) mcp(lean-ctx/ctx_search)] Deny:[] Ask:[]}, toolPermission=always-proceed
ERROR: logging before google.Init: W0831 01:51:15.815717     142 cache.go:56] Cache(userInfo): Singleflight refresh failed: failed to get load code assist response: error getting token source: You are not logged into Antigravity.
ERROR: logging before google.Init: E0831 01:51:15.815726     142 errorreport.go:223] failed to get load code assist response: error getting token source: You are not logged into Antigravity.
ERROR: logging before google.Init: W0831 01:51:15.815765     142 cache.go:56] Cache(loadCodeAssistResponse): Singleflight refresh failed: error getting token source: You are not logged into Antigravity.
ERROR: logging before google.Init: E0831 01:51:15.815774     142 errorreport.go:223] error getting token source: You are not logged into Antigravity.
ERROR: logging before google.Init: W0831 01:51:15.815796     142 cache.go:56] Cache(userInfo): Singleflight refresh failed: failed to get load code assist response: error getting token source: You are not logged into Antigravity.
ERROR: logging before google.Init: E0831 01:51:15.815804     142 errorreport.go:223] failed to get load code assist response: error getting token source: You are not logged into Antigravity.
ERROR: logging before google.Init: W0831 01:51:15.815833     142 cache.go:56] Cache(loadCodeAssistResponse): Singleflight refresh failed: error getting token source: You are not logged into Antigravity.
ERROR: logging before google.Init: E0831 01:51:15.815842     142 errorreport.go:223] error getting token source: You are not logged into Antigravity.
ERROR: logging before google.Init: I0831 01:51:15.815847       1 hooks_manager.go:53] loaded 0 named hooks from 0 hooks.json file(s)
ERROR: logging before google.Init: I0831 01:51:15.815854       1 manager.go:571] CLI store manager initialized successfully
ERROR: logging before google.Init: I0831 01:51:15.815863       1 printmode.go:364] Print mode: not authenticated, trying silent auth
ERROR: logging before google.Init: W0831 01:51:15.815864     142 cache.go:56] Cache(userInfo): Singleflight refresh failed: failed to get load code assist response: error getting token source: You are not logged into Antigravity.
ERROR: logging before google.Init: E0831 01:51:15.815888     142 errorreport.go:223] failed to get load code assist response: error getting token source: You are not logged into Antigravity.
ERROR: logging before google.Init: W0831 01:51:15.816075     279 composite_token_storage.go:278] Failed to load token from keyring, falling back to file: The name is not activatable
ERROR: logging before google.Init: W0831 01:51:15.816126     142 cache.go:56] Cache(loadCodeAssistResponse): Singleflight refresh failed: error getting token source: You are not logged into Antigravity.
ERROR: logging before google.Init: E0831 01:51:15.816148     142 errorreport.go:223] error getting token source: You are not logged into Antigravity.
ERROR: logging before google.Init: W0831 01:51:15.816186     279 composite_token_storage.go:415] Failed to load stored token from keyring, falling back to file: The name is not activatable
ERROR: logging before google.Init: W0831 01:51:15.816193     142 cache.go:56] Cache(userInfo): Singleflight refresh failed: failed to get load code assist response: error getting token source: You are not logged into Antigravity.
ERROR: logging before google.Init: E0831 01:51:15.816204     142 errorreport.go:223] failed to get load code assist response: error getting token source: You are not logged into Antigravity.
ERROR: logging before google.Init: I0831 01:51:15.816207     279 keyring.go:81] keyringAuth: loaded token, expiry=2026-08-30 22:51:49.005190208 +0200 CEST expired=true
ERROR: logging before google.Init: W0831 01:51:15.816240     142 cache.go:56] Cache(loadCodeAssistResponse): Singleflight refresh failed: error getting token source: You are not logged into Antigravity.
ERROR: logging before google.Init: E0831 01:51:15.816249     142 errorreport.go:223] error getting token source: You are not logged into Antigravity.
ERROR: logging before google.Init: W0831 01:51:15.816273     142 cache.go:56] Cache(userInfo): Singleflight refresh failed: failed to get load code assist response: error getting token source: You are not logged into Antigravity.
ERROR: logging before google.Init: E0831 01:51:15.816282     142 errorreport.go:223] failed to get load code assist response: error getting token source: You are not logged into Antigravity.
ERROR: logging before google.Init: E0831 01:51:15.826367     210 repo.go:368] failed to create patch for untracked file .scratch/phase19-review-cycle2.bChjfV/node-compile-cache/v24.16.0-x64-a638cdcf-1000/00fc5144: bytes are not valid utf8
ERROR: logging before google.Init: E0831 01:51:15.826392     210 repo.go:368] failed to create patch for untracked file .scratch/phase19-review-cycle2.bChjfV/node-compile-cache/v24.16.0-x64-a638cdcf-1000/017b86c0: bytes are not valid utf8
ERROR: logging before google.Init: E0831 01:51:15.826403     210 repo.go:368] failed to create patch for untracked file .scratch/phase19-review-cycle2.bChjfV/node-compile-cache/v24.16.0-x64-a638cdcf-1000/064e5436: bytes are not valid utf8
ERROR: logging before google.Init: E0831 01:51:15.826413     210 repo.go:368] failed to create patch for untracked file .scratch/phase19-review-cycle2.bChjfV/node-compile-cache/v24.16.0-x64-a638cdcf-1000/076405bf: bytes are not valid utf8
ERROR: logging before google.Init: E0831 01:51:15.826423     210 repo.go:368] failed to create patch for untracked file .scratch/phase19-review-cycle2.bChjfV/node-compile-cache/v24.16.0-x64-a638cdcf-1000/0a971687: bytes are not valid utf8
ERROR: logging before google.Init: E0831 01:51:15.826432     210 repo.go:368] failed to create patch for untracked file .scratch/phase19-review-cycle2.bChjfV/node-compile-cache/v24.16.0-x64-a638cdcf-1000/0c0f5984: bytes are not valid utf8
ERROR: logging before google.Init: E0831 01:51:15.826441     210 repo.go:368] failed to create patch for untracked file .scratch/phase19-review-cycle2.bChjfV/node-compile-cache/v24.16.0-x64-a638cdcf-1000/0c14c7a2: bytes are not valid utf8
ERROR: logging before google.Init: E0831 01:51:15.826449     210 repo.go:368] failed to create patch for untracked file .scratch/phase19-review-cycle2.bChjfV/node-compile-cache/v24.16.0-x64-a638cdcf-1000/0ca85b04: bytes are not valid utf8
ERROR: logging before google.Init: E0831 01:51:15.826459     210 repo.go:368] failed to create patch for untracked file .scratch/phase19-review-cycle2.bChjfV/node-compile-cache/v24.16.0-x64-a638cdcf-1000/0ce2c7f6: bytes are not valid utf8
ERROR: logging before google.Init: E0831 01:51:15.826471     210 repo.go:368] failed to create patch for untracked file .scratch/phase19-review-cycle2.bChjfV/node-compile-cache/v24.16.0-x64-a638cdcf-1000/0de54489: bytes are not valid utf8
ERROR: logging before google.Init: E0831 01:51:15.826479     210 repo.go:368] failed to create patch for untracked file .scratch/phase19-review-cycle2.bChjfV/node-compile-cache/v24.16.0-x64-a638cdcf-1000/0eb5f9b3: bytes are not valid utf8
ERROR: logging before google.Init: E0831 01:51:15.826489     210 repo.go:368] failed to create patch for untracked file .scratch/phase19-review-cycle2.bChjfV/node-compile-cache/v24.16.0-x64-a638cdcf-1000/0f6a75d0: bytes are not valid utf8
ERROR: logging before google.Init: E0831 01:51:15.826498     210 repo.go:368] failed to create patch for untracked file .scratch/phase19-review-cycle2.bChjfV/node-compile-cache/v24.16.0-x64-a638cdcf-1000/11aecf42: bytes are not valid utf8
ERROR: logging before google.Init: E0831 01:51:15.826507     210 repo.go:368] failed to create patch for untracked file .scratch/phase19-review-cycle2.bChjfV/node-compile-cache/v24.16.0-x64-a638cdcf-1000/13412e09: bytes are not valid utf8
ERROR: logging before google.Init: E0831 01:51:15.826517     210 repo.go:368] failed to create patch for untracked file .scratch/phase19-review-cycle2.bChjfV/node-compile-cache/v24.16.0-x64-a638cdcf-1000/14411895: bytes are not valid utf8
ERROR: logging before google.Init: E0831 01:51:15.826526     210 repo.go:368] failed to create patch for untracked file .scratch/phase19-review-cycle2.bChjfV/node-compile-cache/v24.16.0-x64-a638cdcf-1000/1ca84db5: bytes are not valid utf8
ERROR: logging before google.Init: E0831 01:51:15.826535     210 repo.go:368] failed to create patch for untracked file .scratch/phase19-review-cycle2.bChjfV/node-compile-cache/v24.16.0-x64-a638cdcf-1000/1e49bfcd: bytes are not valid utf8
ERROR: logging before google.Init: E0831 01:51:15.826543     210 repo.go:368] failed to create patch for untracked file .scratch/phase19-review-cycle2.bChjfV/node-compile-cache/v24.16.0-x64-a638cdcf-1000/22171201: bytes are not valid utf8
ERROR: logging before google.Init: E0831 01:51:15.826551     210 repo.go:368] failed to create patch for untracked file .scratch/phase19-review-cycle2.bChjfV/node-compile-cache/v24.16.0-x64-a638cdcf-1000/222c146e: bytes are not valid utf8
ERROR: logging before google.Init: E0831 01:51:15.826560     210 repo.go:368] failed to create patch for untracked file .scratch/phase19-review-cycle2.bChjfV/node-compile-cache/v24.16.0-x64-a638cdcf-1000/238cf301: bytes are not valid utf8
ERROR: logging before google.Init: E0831 01:51:15.826570     210 repo.go:368] failed to create patch for untracked file .scratch/phase19-review-cycle2.bChjfV/node-compile-cache/v24.16.0-x64-a638cdcf-1000/277d5dc6: bytes are not valid utf8
ERROR: logging before google.Init: E0831 01:51:15.826578     210 repo.go:368] failed to create patch for untracked file .scratch/phase19-review-cycle2.bChjfV/node-compile-cache/v24.16.0-x64-a638cdcf-1000/292f23aa: bytes are not valid utf8
ERROR: logging before google.Init: E0831 01:51:15.826587     210 repo.go:368] failed to create patch for untracked file .scratch/phase19-review-cycle2.bChjfV/node-compile-cache/v24.16.0-x64-a638cdcf-1000/29ed169d: bytes are not valid utf8
ERROR: logging before google.Init: E0831 01:51:15.826596     210 repo.go:368] failed to create patch for untracked file .scratch/phase19-review-cycle2.bChjfV/node-compile-cache/v24.16.0-x64-a638cdcf-1000/2aae7ec2: bytes are not valid utf8
ERROR: logging before google.Init: E0831 01:51:15.826608     210 repo.go:368] failed to create patch for untracked file .scratch/phase19-review-cycle2.bChjfV/node-compile-cache/v24.16.0-x64-a638cdcf-1000/2c91a167: bytes are not valid utf8
ERROR: logging before google.Init: E0831 01:51:15.826623     210 repo.go:368] failed to create patch for untracked file .scratch/phase19-review-cycle2.bChjfV/node-compile-cache/v24.16.0-x64-a638cdcf-1000/2cbc9b87: bytes are not valid utf8
ERROR: logging before google.Init: E0831 01:51:15.826631     210 repo.go:368] failed to create patch for untracked file .scratch/phase19-review-cycle2.bChjfV/node-compile-cache/v24.16.0-x64-a638cdcf-1000/2cf8bc03: bytes are not valid utf8
ERROR: logging before google.Init: E0831 01:51:15.826639     210 repo.go:368] failed to create patch for untracked file .scratch/phase19-review-cycle2.bChjfV/node-compile-cache/v24.16.0-x64-a638cdcf-1000/2d6540a8: bytes are not valid utf8
ERROR: logging before google.Init: E0831 01:51:15.826648     210 repo.go:368] failed to create patch for untracked file .scratch/phase19-review-cycle2.bChjfV/node-compile-cache/v24.16.0-x64-a638cdcf-1000/2d94b111: bytes are not valid utf8
ERROR: logging before google.Init: E0831 01:51:15.826655     210 repo.go:368] failed to create patch for untracked file .scratch/phase19-review-cycle2.bChjfV/node-compile-cache/v24.16.0-x64-a638cdcf-1000/2dd4ab2f: bytes are not valid utf8
ERROR: logging before google.Init: E0831 01:51:15.826664     210 repo.go:368] failed to create patch for untracked file .scratch/phase19-review-cycle2.bChjfV/node-compile-cache/v24.16.0-x64-a638cdcf-1000/33d4ac4e: bytes are not valid utf8
ERROR: logging before google.Init: E0831 01:51:15.826672     210 repo.go:368] failed to create patch for untracked file .scratch/phase19-review-cycle2.bChjfV/node-compile-cache/v24.16.0-x64-a638cdcf-1000/3474ca68: bytes are not valid utf8
ERROR: logging before google.Init: E0831 01:51:15.826681     210 repo.go:368] failed to create patch for untracked file .scratch/phase19-review-cycle2.bChjfV/node-compile-cache/v24.16.0-x64-a638cdcf-1000/34a8d599: bytes are not valid utf8
ERROR: logging before google.Init: E0831 01:51:15.826688     210 repo.go:368] failed to create patch for untracked file .scratch/phase19-review-cycle2.bChjfV/node-compile-cache/v24.16.0-x64-a638cdcf-1000/363b480f: bytes are not valid utf8
ERROR: logging before google.Init: E0831 01:51:15.826700     210 repo.go:368] failed to create patch for untracked file .scratch/phase19-review-cycle2.bChjfV/node-compile-cache/v24.16.0-x64-a638cdcf-1000/380e1b95: bytes are not valid utf8
ERROR: logging before google.Init: E0831 01:51:15.826707     210 repo.go:368] failed to create patch for untracked file .scratch/phase19-review-cycle2.bChjfV/node-compile-cache/v24.16.0-x64-a638cdcf-1000/397648b4: bytes are not valid utf8
ERROR: logging before google.Init: E0831 01:51:15.826716     210 repo.go:368] failed to create patch for untracked file .scratch/phase19-review-cycle2.bChjfV/node-compile-cache/v24.16.0-x64-a638cdcf-1000/3a6b73bf: bytes are not valid utf8
ERROR: logging before google.Init: E0831 01:51:15.826723     210 repo.go:368] failed to create patch for untracked file .scratch/phase19-review-cycle2.bChjfV/node-compile-cache/v24.16.0-x64-a638cdcf-1000/3ba47f8e: bytes are not valid utf8
ERROR: logging before google.Init: E0831 01:51:15.826731     210 repo.go:368] failed to create patch for untracked file .scratch/phase19-review-cycle2.bChjfV/node-compile-cache/v24.16.0-x64-a638cdcf-1000/3c56c2a7: bytes are not valid utf8
ERROR: logging before google.Init: E0831 01:51:15.826739     210 repo.go:368] failed to create patch for untracked file .scratch/phase19-review-cycle2.bChjfV/node-compile-cache/v24.16.0-x64-a638cdcf-1000/3f4e1002: bytes are not valid utf8
ERROR: logging before google.Init: E0831 01:51:15.826749     210 repo.go:368] failed to create patch for untracked file .scratch/phase19-review-cycle2.bChjfV/node-compile-cache/v24.16.0-x64-a638cdcf-1000/42203806: bytes are not valid utf8
ERROR: logging before google.Init: E0831 01:51:15.826765     210 repo.go:368] failed to create patch for untracked file .scratch/phase19-review-cycle2.bChjfV/node-compile-cache/v24.16.0-x64-a638cdcf-1000/443bec60: bytes are not valid utf8
ERROR: logging before google.Init: E0831 01:51:15.826773     210 repo.go:368] failed to create patch for untracked file .scratch/phase19-review-cycle2.bChjfV/node-compile-cache/v24.16.0-x64-a638cdcf-1000/4502b13f: bytes are not valid utf8
ERROR: logging before google.Init: E0831 01:51:15.826782     210 repo.go:368] failed to create patch for untracked file .scratch/phase19-review-cycle2.bChjfV/node-compile-cache/v24.16.0-x64-a638cdcf-1000/4712a260: bytes are not valid utf8
ERROR: logging before google.Init: E0831 01:51:15.826790     210 repo.go:368] failed to create patch for untracked file .scratch/phase19-review-cycle2.bChjfV/node-compile-cache/v24.16.0-x64-a638cdcf-1000/4975c255: bytes are not valid utf8
ERROR: logging before google.Init: E0831 01:51:15.826798     210 repo.go:368] failed to create patch for untracked file .scratch/phase19-review-cycle2.bChjfV/node-compile-cache/v24.16.0-x64-a638cdcf-1000/4bcda8d0: bytes are not valid utf8
ERROR: logging before google.Init: E0831 01:51:15.826806     210 repo.go:368] failed to create patch for untracked file .scratch/phase19-review-cycle2.bChjfV/node-compile-cache/v24.16.0-x64-a638cdcf-1000/4e617775: bytes are not valid utf8
ERROR: logging before google.Init: E0831 01:51:15.826814     210 repo.go:368] failed to create patch for untracked file .scratch/phase19-review-cycle2.bChjfV/node-compile-cache/v24.16.0-x64-a638cdcf-1000/5051f114: bytes are not valid utf8
ERROR: logging before google.Init: E0831 01:51:15.826821     210 repo.go:368] failed to create patch for untracked file .scratch/phase19-review-cycle2.bChjfV/node-compile-cache/v24.16.0-x64-a638cdcf-1000/5208bc92: bytes are not valid utf8
ERROR: logging before google.Init: E0831 01:51:15.826829     210 repo.go:368] failed to create patch for untracked file .scratch/phase19-review-cycle2.bChjfV/node-compile-cache/v24.16.0-x64-a638cdcf-1000/539528b4: bytes are not valid utf8
ERROR: logging before google.Init: E0831 01:51:15.826837     210 repo.go:368] failed to create patch for untracked file .scratch/phase19-review-cycle2.bChjfV/node-compile-cache/v24.16.0-x64-a638cdcf-1000/5422b955: bytes are not valid utf8
ERROR: logging before google.Init: E0831 01:51:15.826846     210 repo.go:368] failed to create patch for untracked file .scratch/phase19-review-cycle2.bChjfV/node-compile-cache/v24.16.0-x64-a638cdcf-1000/54adc9b2: bytes are not valid utf8
ERROR: logging before google.Init: E0831 01:51:15.826855     210 repo.go:368] failed to create patch for untracked file .scratch/phase19-review-cycle2.bChjfV/node-compile-cache/v24.16.0-x64-a638cdcf-1000/576f1f16: bytes are not valid utf8
ERROR: logging before google.Init: E0831 01:51:15.826862     210 repo.go:368] failed to create patch for untracked file .scratch/phase19-review-cycle2.bChjfV/node-compile-cache/v24.16.0-x64-a638cdcf-1000/5d258ddb: bytes are not valid utf8
ERROR: logging before google.Init: E0831 01:51:15.826871     210 repo.go:368] failed to create patch for untracked file .scratch/phase19-review-cycle2.bChjfV/node-compile-cache/v24.16.0-x64-a638cdcf-1000/62841b55: bytes are not valid utf8
ERROR: logging before google.Init: E0831 01:51:15.826880     210 repo.go:368] failed to create patch for untracked file .scratch/phase19-review-cycle2.bChjfV/node-compile-cache/v24.16.0-x64-a638cdcf-1000/63acd7c5: bytes are not valid utf8
ERROR: logging before google.Init: E0831 01:51:15.826891     210 repo.go:368] failed to create patch for untracked file .scratch/phase19-review-cycle2.bChjfV/node-compile-cache/v24.16.0-x64-a638cdcf-1000/661d029e: bytes are not valid utf8
ERROR: logging before google.Init: E0831 01:51:15.826899     210 repo.go:368] failed to create patch for untracked file .scratch/phase19-review-cycle2.bChjfV/node-compile-cache/v24.16.0-x64-a638cdcf-1000/676d76ec: bytes are not valid utf8
ERROR: logging before google.Init: E0831 01:51:15.826907     210 repo.go:368] failed to create patch for untracked file .scratch/phase19-review-cycle2.bChjfV/node-compile-cache/v24.16.0-x64-a638cdcf-1000/68045d8a: bytes are not valid utf8
ERROR: logging before google.Init: E0831 01:51:15.826916     210 repo.go:368] failed to create patch for untracked file .scratch/phase19-review-cycle2.bChjfV/node-compile-cache/v24.16.0-x64-a638cdcf-1000/6a195e46: bytes are not valid utf8
ERROR: logging before google.Init: E0831 01:51:15.826924     210 repo.go:368] failed to create patch for untracked file .scratch/phase19-review-cycle2.bChjfV/node-compile-cache/v24.16.0-x64-a638cdcf-1000/6c0f1701: bytes are not valid utf8
ERROR: logging before google.Init: E0831 01:51:15.826932     210 repo.go:368] failed to create patch for untracked file .scratch/phase19-review-cycle2.bChjfV/node-compile-cache/v24.16.0-x64-a638cdcf-1000/6c36f986: bytes are not valid utf8
ERROR: logging before google.Init: E0831 01:51:15.826939     210 repo.go:368] failed to create patch for untracked file .scratch/phase19-review-cycle2.bChjfV/node-compile-cache/v24.16.0-x64-a638cdcf-1000/6c9cb4e6: bytes are not valid utf8
ERROR: logging before google.Init: E0831 01:51:15.826949     210 repo.go:368] failed to create patch for untracked file .scratch/phase19-review-cycle2.bChjfV/node-compile-cache/v24.16.0-x64-a638cdcf-1000/6cb2fccc: bytes are not valid utf8
ERROR: logging before google.Init: E0831 01:51:15.826956     210 repo.go:368] failed to create patch for untracked file .scratch/phase19-review-cycle2.bChjfV/node-compile-cache/v24.16.0-x64-a638cdcf-1000/6d09090e: bytes are not valid utf8
ERROR: logging before google.Init: E0831 01:51:15.826964     210 repo.go:368] failed to create patch for untracked file .scratch/phase19-review-cycle2.bChjfV/node-compile-cache/v24.16.0-x64-a638cdcf-1000/6f0997d4: bytes are not valid utf8
ERROR: logging before google.Init: E0831 01:51:15.826975     210 repo.go:368] failed to create patch for untracked file .scratch/phase19-review-cycle2.bChjfV/node-compile-cache/v24.16.0-x64-a638cdcf-1000/722853d4: bytes are not valid utf8
ERROR: logging before google.Init: E0831 01:51:15.826982     210 repo.go:368] failed to create patch for untracked file .scratch/phase19-review-cycle2.bChjfV/node-compile-cache/v24.16.0-x64-a638cdcf-1000/74dbfc65: bytes are not valid utf8
ERROR: logging before google.Init: E0831 01:51:15.826993     210 repo.go:368] failed to create patch for untracked file .scratch/phase19-review-cycle2.bChjfV/node-compile-cache/v24.16.0-x64-a638cdcf-1000/74faeac6: bytes are not valid utf8
ERROR: logging before google.Init: E0831 01:51:15.827001     210 repo.go:368] failed to create patch for untracked file .scratch/phase19-review-cycle2.bChjfV/node-compile-cache/v24.16.0-x64-a638cdcf-1000/755eaac8: bytes are not valid utf8
ERROR: logging before google.Init: E0831 01:51:15.827009     210 repo.go:368] failed to create patch for untracked file .scratch/phase19-review-cycle2.bChjfV/node-compile-cache/v24.16.0-x64-a638cdcf-1000/78960ff3: bytes are not valid utf8
ERROR: logging before google.Init: E0831 01:51:15.827016     210 repo.go:368] failed to create patch for untracked file .scratch/phase19-review-cycle2.bChjfV/node-compile-cache/v24.16.0-x64-a638cdcf-1000/7d12cc21: bytes are not valid utf8
ERROR: logging before google.Init: E0831 01:51:15.827024     210 repo.go:368] failed to create patch for untracked file .scratch/phase19-review-cycle2.bChjfV/node-compile-cache/v24.16.0-x64-a638cdcf-1000/7d3095bd: bytes are not valid utf8
ERROR: logging before google.Init: E0831 01:51:15.827032     210 repo.go:368] failed to create patch for untracked file .scratch/phase19-review-cycle2.bChjfV/node-compile-cache/v24.16.0-x64-a638cdcf-1000/7ee4b63c: bytes are not valid utf8
ERROR: logging before google.Init: E0831 01:51:15.827040     210 repo.go:368] failed to create patch for untracked file .scratch/phase19-review-cycle2.bChjfV/node-compile-cache/v24.16.0-x64-a638cdcf-1000/7fd960fb: bytes are not valid utf8
ERROR: logging before google.Init: E0831 01:51:15.827048     210 repo.go:368] failed to create patch for untracked file .scratch/phase19-review-cycle2.bChjfV/node-compile-cache/v24.16.0-x64-a638cdcf-1000/81c4f277: bytes are not valid utf8
ERROR: logging before google.Init: E0831 01:51:15.827056     210 repo.go:368] failed to create patch for untracked file .scratch/phase19-review-cycle2.bChjfV/node-compile-cache/v24.16.0-x64-a638cdcf-1000/83698a21: bytes are not valid utf8
ERROR: logging before google.Init: E0831 01:51:15.827064     210 repo.go:368] failed to create patch for untracked file .scratch/phase19-review-cycle2.bChjfV/node-compile-cache/v24.16.0-x64-a638cdcf-1000/837bc788: bytes are not valid utf8
ERROR: logging before google.Init: E0831 01:51:15.827072     210 repo.go:368] failed to create patch for untracked file .scratch/phase19-review-cycle2.bChjfV/node-compile-cache/v24.16.0-x64-a638cdcf-1000/83d055c3: bytes are not valid utf8
ERROR: logging before google.Init: E0831 01:51:15.827084     210 repo.go:368] failed to create patch for untracked file .scratch/phase19-review-cycle2.bChjfV/node-compile-cache/v24.16.0-x64-a638cdcf-1000/84131f46: bytes are not valid utf8
ERROR: logging before google.Init: E0831 01:51:15.827092     210 repo.go:368] failed to create patch for untracked file .scratch/phase19-review-cycle2.bChjfV/node-compile-cache/v24.16.0-x64-a638cdcf-1000/860b5550: bytes are not valid utf8
ERROR: logging before google.Init: E0831 01:51:15.827101     210 repo.go:368] failed to create patch for untracked file .scratch/phase19-review-cycle2.bChjfV/node-compile-cache/v24.16.0-x64-a638cdcf-1000/8627a850: bytes are not valid utf8
ERROR: logging before google.Init: E0831 01:51:15.827108     210 repo.go:368] failed to create patch for untracked file .scratch/phase19-review-cycle2.bChjfV/node-compile-cache/v24.16.0-x64-a638cdcf-1000/86de0780: bytes are not valid utf8
ERROR: logging before google.Init: E0831 01:51:15.827117     210 repo.go:368] failed to create patch for untracked file .scratch/phase19-review-cycle2.bChjfV/node-compile-cache/v24.16.0-x64-a638cdcf-1000/893e0d3c: bytes are not valid utf8
ERROR: logging before google.Init: E0831 01:51:15.827125     210 repo.go:368] failed to create patch for untracked file .scratch/phase19-review-cycle2.bChjfV/node-compile-cache/v24.16.0-x64-a638cdcf-1000/89fd058d: bytes are not valid utf8
ERROR: logging before google.Init: E0831 01:51:15.827133     210 repo.go:368] failed to create patch for untracked file .scratch/phase19-review-cycle2.bChjfV/node-compile-cache/v24.16.0-x64-a638cdcf-1000/8a1bdd9e: bytes are not valid utf8
ERROR: logging before google.Init: E0831 01:51:15.827142     210 repo.go:368] failed to create patch for untracked file .scratch/phase19-review-cycle2.bChjfV/node-compile-cache/v24.16.0-x64-a638cdcf-1000/8dd343d3: bytes are not valid utf8
ERROR: logging before google.Init: E0831 01:51:15.827151     210 repo.go:368] failed to create patch for untracked file .scratch/phase19-review-cycle2.bChjfV/node-compile-cache/v24.16.0-x64-a638cdcf-1000/901bb925: bytes are not valid utf8
ERROR: logging before google.Init: E0831 01:51:15.827159     210 repo.go:368] failed to create patch for untracked file .scratch/phase19-review-cycle2.bChjfV/node-compile-cache/v24.16.0-x64-a638cdcf-1000/90ae4f72: bytes are not valid utf8
ERROR: logging before google.Init: E0831 01:51:15.827167     210 repo.go:368] failed to create patch for untracked file .scratch/phase19-review-cycle2.bChjfV/node-compile-cache/v24.16.0-x64-a638cdcf-1000/91a9bb81: bytes are not valid utf8
ERROR: logging before google.Init: E0831 01:51:15.827175     210 repo.go:368] failed to create patch for untracked file .scratch/phase19-review-cycle2.bChjfV/node-compile-cache/v24.16.0-x64-a638cdcf-1000/93d995b9: bytes are not valid utf8
ERROR: logging before google.Init: E0831 01:51:15.827184     210 repo.go:368] failed to create patch for untracked file .scratch/phase19-review-cycle2.bChjfV/node-compile-cache/v24.16.0-x64-a638cdcf-1000/95449e74: bytes are not valid utf8
ERROR: logging before google.Init: E0831 01:51:15.827194     210 repo.go:368] failed to create patch for untracked file .scratch/phase19-review-cycle2.bChjfV/node-compile-cache/v24.16.0-x64-a638cdcf-1000/95811550: bytes are not valid utf8
ERROR: logging before google.Init: E0831 01:51:15.827202     210 repo.go:368] failed to create patch for untracked file .scratch/phase19-review-cycle2.bChjfV/node-compile-cache/v24.16.0-x64-a638cdcf-1000/97da49d8: bytes are not valid utf8
ERROR: logging before google.Init: E0831 01:51:15.827210     210 repo.go:368] failed to create patch for untracked file .scratch/phase19-review-cycle2.bChjfV/node-compile-cache/v24.16.0-x64-a638cdcf-1000/9b5e090b: bytes are not valid utf8
ERROR: logging before google.Init: E0831 01:51:15.827217     210 repo.go:368] failed to create patch for untracked file .scratch/phase19-review-cycle2.bChjfV/node-compile-cache/v24.16.0-x64-a638cdcf-1000/9ba6c605: bytes are not valid utf8
ERROR: logging before google.Init: E0831 01:51:15.827225     210 repo.go:368] failed to create patch for untracked file .scratch/phase19-review-cycle2.bChjfV/node-compile-cache/v24.16.0-x64-a638cdcf-1000/9d61ee7f: bytes are not valid utf8
ERROR: logging before google.Init: E0831 01:51:15.827233     210 repo.go:368] failed to create patch for untracked file .scratch/phase19-review-cycle2.bChjfV/node-compile-cache/v24.16.0-x64-a638cdcf-1000/a1785609: bytes are not valid utf8
ERROR: logging before google.Init: E0831 01:51:15.827241     210 repo.go:368] failed to create patch for untracked file .scratch/phase19-review-cycle2.bChjfV/node-compile-cache/v24.16.0-x64-a638cdcf-1000/a1f9532b: bytes are not valid utf8
ERROR: logging before google.Init: E0831 01:51:15.827250     210 repo.go:368] failed to create patch for untracked file .scratch/phase19-review-cycle2.bChjfV/node-compile-cache/v24.16.0-x64-a638cdcf-1000/a5a41807: bytes are not valid utf8
ERROR: logging before google.Init: E0831 01:51:15.827258     210 repo.go:368] failed to create patch for untracked file .scratch/phase19-review-cycle2.bChjfV/node-compile-cache/v24.16.0-x64-a638cdcf-1000/a64cacae: bytes are not valid utf8
ERROR: logging before google.Init: E0831 01:51:15.827265     210 repo.go:368] failed to create patch for untracked file .scratch/phase19-review-cycle2.bChjfV/node-compile-cache/v24.16.0-x64-a638cdcf-1000/a6651458: bytes are not valid utf8
ERROR: logging before google.Init: E0831 01:51:15.827273     210 repo.go:368] failed to create patch for untracked file .scratch/phase19-review-cycle2.bChjfV/node-compile-cache/v24.16.0-x64-a638cdcf-1000/a6718356: bytes are not valid utf8
ERROR: logging before google.Init: E0831 01:51:15.827281     210 repo.go:368] failed to create patch for untracked file .scratch/phase19-review-cycle2.bChjfV/node-compile-cache/v24.16.0-x64-a638cdcf-1000/a6edb7c5: bytes are not valid utf8
ERROR: logging before google.Init: E0831 01:51:15.827289     210 repo.go:368] failed to create patch for untracked file .scratch/phase19-review-cycle2.bChjfV/node-compile-cache/v24.16.0-x64-a638cdcf-1000/a7e2ed95: bytes are not valid utf8
ERROR: logging before google.Init: E0831 01:51:15.827297     210 repo.go:368] failed to create patch for untracked file .scratch/phase19-review-cycle2.bChjfV/node-compile-cache/v24.16.0-x64-a638cdcf-1000/aaed4771: bytes are not valid utf8
ERROR: logging before google.Init: E0831 01:51:15.827306     210 repo.go:368] failed to create patch for untracked file .scratch/phase19-review-cycle2.bChjfV/node-compile-cache/v24.16.0-x64-a638cdcf-1000/ac4e057d: bytes are not valid utf8
ERROR: logging before google.Init: E0831 01:51:15.827315     210 repo.go:368] failed to create patch for untracked file .scratch/phase19-review-cycle2.bChjfV/node-compile-cache/v24.16.0-x64-a638cdcf-1000/b0a8f3fa: bytes are not valid utf8
ERROR: logging before google.Init: E0831 01:51:15.827323     210 repo.go:368] failed to create patch for untracked file .scratch/phase19-review-cycle2.bChjfV/node-compile-cache/v24.16.0-x64-a638cdcf-1000/b1f1332f: bytes are not valid utf8
ERROR: logging before google.Init: E0831 01:51:15.827331     210 repo.go:368] failed to create patch for untracked file .scratch/phase19-review-cycle2.bChjfV/node-compile-cache/v24.16.0-x64-a638cdcf-1000/b74364b4: bytes are not valid utf8
ERROR: logging before google.Init: E0831 01:51:15.827339     210 repo.go:368] failed to create patch for untracked file .scratch/phase19-review-cycle2.bChjfV/node-compile-cache/v24.16.0-x64-a638cdcf-1000/b9fb34f7: bytes are not valid utf8
ERROR: logging before google.Init: E0831 01:51:15.827347     210 repo.go:368] failed to create patch for untracked file .scratch/phase19-review-cycle2.bChjfV/node-compile-cache/v24.16.0-x64-a638cdcf-1000/bbe1526b: bytes are not valid utf8
ERROR: logging before google.Init: E0831 01:51:15.827355     210 repo.go:368] failed to create patch for untracked file .scratch/phase19-review-cycle2.bChjfV/node-compile-cache/v24.16.0-x64-a638cdcf-1000/bc7ecf92: bytes are not valid utf8
ERROR: logging before google.Init: E0831 01:51:15.827364     210 repo.go:368] failed to create patch for untracked file .scratch/phase19-review-cycle2.bChjfV/node-compile-cache/v24.16.0-x64-a638cdcf-1000/bf3999b7: bytes are not valid utf8
ERROR: logging before google.Init: E0831 01:51:15.827372     210 repo.go:368] failed to create patch for untracked file .scratch/phase19-review-cycle2.bChjfV/node-compile-cache/v24.16.0-x64-a638cdcf-1000/c05fb63e: bytes are not valid utf8
ERROR: logging before google.Init: E0831 01:51:15.827380     210 repo.go:368] failed to create patch for untracked file .scratch/phase19-review-cycle2.bChjfV/node-compile-cache/v24.16.0-x64-a638cdcf-1000/c5becfe9: bytes are not valid utf8
ERROR: logging before google.Init: E0831 01:51:15.827390     210 repo.go:368] failed to create patch for untracked file .scratch/phase19-review-cycle2.bChjfV/node-compile-cache/v24.16.0-x64-a638cdcf-1000/c5c16ea1: bytes are not valid utf8
ERROR: logging before google.Init: E0831 01:51:15.827397     210 repo.go:368] failed to create patch for untracked file .scratch/phase19-review-cycle2.bChjfV/node-compile-cache/v24.16.0-x64-a638cdcf-1000/c6bce957: bytes are not valid utf8
ERROR: logging before google.Init: E0831 01:51:15.827405     210 repo.go:368] failed to create patch for untracked file .scratch/phase19-review-cycle2.bChjfV/node-compile-cache/v24.16.0-x64-a638cdcf-1000/c8867b50: bytes are not valid utf8
ERROR: logging before google.Init: E0831 01:51:15.827413     210 repo.go:368] failed to create patch for untracked file .scratch/phase19-review-cycle2.bChjfV/node-compile-cache/v24.16.0-x64-a638cdcf-1000/c8c713a4: bytes are not valid utf8
ERROR: logging before google.Init: E0831 01:51:15.827421     210 repo.go:368] failed to create patch for untracked file .scratch/phase19-review-cycle2.bChjfV/node-compile-cache/v24.16.0-x64-a638cdcf-1000/cac5da3e: bytes are not valid utf8
ERROR: logging before google.Init: E0831 01:51:15.827429     210 repo.go:368] failed to create patch for untracked file .scratch/phase19-review-cycle2.bChjfV/node-compile-cache/v24.16.0-x64-a638cdcf-1000/cbf13d29: bytes are not valid utf8
ERROR: logging before google.Init: E0831 01:51:15.827441     210 repo.go:368] failed to create patch for untracked file .scratch/phase19-review-cycle2.bChjfV/node-compile-cache/v24.16.0-x64-a638cdcf-1000/cf2a2d68: bytes are not valid utf8
ERROR: logging before google.Init: E0831 01:51:15.827449     210 repo.go:368] failed to create patch for untracked file .scratch/phase19-review-cycle2.bChjfV/node-compile-cache/v24.16.0-x64-a638cdcf-1000/cff33166: bytes are not valid utf8
ERROR: logging before google.Init: E0831 01:51:15.827457     210 repo.go:368] failed to create patch for untracked file .scratch/phase19-review-cycle2.bChjfV/node-compile-cache/v24.16.0-x64-a638cdcf-1000/d27ee1e2: bytes are not valid utf8
ERROR: logging before google.Init: E0831 01:51:15.827464     210 repo.go:368] failed to create patch for untracked file .scratch/phase19-review-cycle2.bChjfV/node-compile-cache/v24.16.0-x64-a638cdcf-1000/d538c6b2: bytes are not valid utf8
ERROR: logging before google.Init: E0831 01:51:15.827472     210 repo.go:368] failed to create patch for untracked file .scratch/phase19-review-cycle2.bChjfV/node-compile-cache/v24.16.0-x64-a638cdcf-1000/d85c22ca: bytes are not valid utf8
ERROR: logging before google.Init: E0831 01:51:15.827479     210 repo.go:368] failed to create patch for untracked file .scratch/phase19-review-cycle2.bChjfV/node-compile-cache/v24.16.0-x64-a638cdcf-1000/d87799cd: bytes are not valid utf8
ERROR: logging before google.Init: E0831 01:51:15.827487     210 repo.go:368] failed to create patch for untracked file .scratch/phase19-review-cycle2.bChjfV/node-compile-cache/v24.16.0-x64-a638cdcf-1000/d89efcb0: bytes are not valid utf8
ERROR: logging before google.Init: E0831 01:51:15.827494     210 repo.go:368] failed to create patch for untracked file .scratch/phase19-review-cycle2.bChjfV/node-compile-cache/v24.16.0-x64-a638cdcf-1000/db8b8880: bytes are not valid utf8
ERROR: logging before google.Init: E0831 01:51:15.827502     210 repo.go:368] failed to create patch for untracked file .scratch/phase19-review-cycle2.bChjfV/node-compile-cache/v24.16.0-x64-a638cdcf-1000/db9713a5: bytes are not valid utf8
ERROR: logging before google.Init: E0831 01:51:15.827511     210 repo.go:368] failed to create patch for untracked file .scratch/phase19-review-cycle2.bChjfV/node-compile-cache/v24.16.0-x64-a638cdcf-1000/dd463702: bytes are not valid utf8
ERROR: logging before google.Init: E0831 01:51:15.827520     210 repo.go:368] failed to create patch for untracked file .scratch/phase19-review-cycle2.bChjfV/node-compile-cache/v24.16.0-x64-a638cdcf-1000/dda3a17a: bytes are not valid utf8
ERROR: logging before google.Init: E0831 01:51:15.827527     210 repo.go:368] failed to create patch for untracked file .scratch/phase19-review-cycle2.bChjfV/node-compile-cache/v24.16.0-x64-a638cdcf-1000/de9f53d2: bytes are not valid utf8
ERROR: logging before google.Init: E0831 01:51:15.827535     210 repo.go:368] failed to create patch for untracked file .scratch/phase19-review-cycle2.bChjfV/node-compile-cache/v24.16.0-x64-a638cdcf-1000/deaa7412: bytes are not valid utf8
ERROR: logging before google.Init: E0831 01:51:15.827543     210 repo.go:368] failed to create patch for untracked file .scratch/phase19-review-cycle2.bChjfV/node-compile-cache/v24.16.0-x64-a638cdcf-1000/def1f75e: bytes are not valid utf8
ERROR: logging before google.Init: E0831 01:51:15.827552     210 repo.go:368] failed to create patch for untracked file .scratch/phase19-review-cycle2.bChjfV/node-compile-cache/v24.16.0-x64-a638cdcf-1000/dfb98784: bytes are not valid utf8
ERROR: logging before google.Init: E0831 01:51:15.827559     210 repo.go:368] failed to create patch for untracked file .scratch/phase19-review-cycle2.bChjfV/node-compile-cache/v24.16.0-x64-a638cdcf-1000/dfdf6ef6: bytes are not valid utf8
ERROR: logging before google.Init: E0831 01:51:15.827567     210 repo.go:368] failed to create patch for untracked file .scratch/phase19-review-cycle2.bChjfV/node-compile-cache/v24.16.0-x64-a638cdcf-1000/e02a7d71: bytes are not valid utf8
ERROR: logging before google.Init: E0831 01:51:15.827575     210 repo.go:368] failed to create patch for untracked file .scratch/phase19-review-cycle2.bChjfV/node-compile-cache/v24.16.0-x64-a638cdcf-1000/e1ccd941: bytes are not valid utf8
ERROR: logging before google.Init: E0831 01:51:15.827583     210 repo.go:368] failed to create patch for untracked file .scratch/phase19-review-cycle2.bChjfV/node-compile-cache/v24.16.0-x64-a638cdcf-1000/e570fabc: bytes are not valid utf8
ERROR: logging before google.Init: E0831 01:51:15.827592     210 repo.go:368] failed to create patch for untracked file .scratch/phase19-review-cycle2.bChjfV/node-compile-cache/v24.16.0-x64-a638cdcf-1000/e5ad9250: bytes are not valid utf8
ERROR: logging before google.Init: E0831 01:51:15.827600     210 repo.go:368] failed to create patch for untracked file .scratch/phase19-review-cycle2.bChjfV/node-compile-cache/v24.16.0-x64-a638cdcf-1000/e6cbf296: bytes are not valid utf8
ERROR: logging before google.Init: E0831 01:51:15.827638     210 repo.go:368] failed to create patch for untracked file .scratch/phase19-review-cycle2.bChjfV/node-compile-cache/v24.16.0-x64-a638cdcf-1000/e959fd7e: bytes are not valid utf8
ERROR: logging before google.Init: E0831 01:51:15.827652     210 repo.go:368] failed to create patch for untracked file .scratch/phase19-review-cycle2.bChjfV/node-compile-cache/v24.16.0-x64-a638cdcf-1000/ea09f9ff: bytes are not valid utf8
ERROR: logging before google.Init: E0831 01:51:15.827662     210 repo.go:368] failed to create patch for untracked file .scratch/phase19-review-cycle2.bChjfV/node-compile-cache/v24.16.0-x64-a638cdcf-1000/ead167e3: bytes are not valid utf8
ERROR: logging before google.Init: E0831 01:51:15.827675     210 repo.go:368] failed to create patch for untracked file .scratch/phase19-review-cycle2.bChjfV/node-compile-cache/v24.16.0-x64-a638cdcf-1000/eaf167fb: bytes are not valid utf8
ERROR: logging before google.Init: E0831 01:51:15.827684     210 repo.go:368] failed to create patch for untracked file .scratch/phase19-review-cycle2.bChjfV/node-compile-cache/v24.16.0-x64-a638cdcf-1000/ec7ebb51: bytes are not valid utf8
ERROR: logging before google.Init: E0831 01:51:15.827692     210 repo.go:368] failed to create patch for untracked file .scratch/phase19-review-cycle2.bChjfV/node-compile-cache/v24.16.0-x64-a638cdcf-1000/ef6862fc: bytes are not valid utf8
ERROR: logging before google.Init: E0831 01:51:15.827701     210 repo.go:368] failed to create patch for untracked file .scratch/phase19-review-cycle2.bChjfV/node-compile-cache/v24.16.0-x64-a638cdcf-1000/f01e6dc5: bytes are not valid utf8
ERROR: logging before google.Init: E0831 01:51:15.827709     210 repo.go:368] failed to create patch for untracked file .scratch/phase19-review-cycle2.bChjfV/node-compile-cache/v24.16.0-x64-a638cdcf-1000/f2b24614: bytes are not valid utf8
ERROR: logging before google.Init: E0831 01:51:15.827718     210 repo.go:368] failed to create patch for untracked file .scratch/phase19-review-cycle2.bChjfV/node-compile-cache/v24.16.0-x64-a638cdcf-1000/f4b02fc0: bytes are not valid utf8
ERROR: logging before google.Init: E0831 01:51:15.827727     210 repo.go:368] failed to create patch for untracked file .scratch/phase19-review-cycle2.bChjfV/node-compile-cache/v24.16.0-x64-a638cdcf-1000/f64ca16c: bytes are not valid utf8
ERROR: logging before google.Init: E0831 01:51:15.827737     210 repo.go:368] failed to create patch for untracked file .scratch/phase19-review-cycle2.bChjfV/node-compile-cache/v24.16.0-x64-a638cdcf-1000/f6d0afa9: bytes are not valid utf8
ERROR: logging before google.Init: E0831 01:51:15.827745     210 repo.go:368] failed to create patch for untracked file .scratch/phase19-review-cycle2.bChjfV/node-compile-cache/v24.16.0-x64-a638cdcf-1000/fc287fe5: bytes are not valid utf8
ERROR: logging before google.Init: E0831 01:51:15.827755     210 repo.go:368] failed to create patch for untracked file .scratch/phase19-review-cycle2.bChjfV/node-compile-cache/v24.16.0-x64-a638cdcf-1000/fd400afc: bytes are not valid utf8
ERROR: logging before google.Init: E0831 01:51:15.827763     210 repo.go:368] failed to create patch for untracked file .scratch/phase19-review-cycle2.bChjfV/node-compile-cache/v24.16.0-x64-a638cdcf-1000/fd73df1f: bytes are not valid utf8
ERROR: logging before google.Init: E0831 01:51:15.827772     210 repo.go:368] failed to create patch for untracked file .scratch/phase19-review-cycle2.bChjfV/node-compile-cache/v24.16.0-x64-a638cdcf-1000/fe851085: bytes are not valid utf8
ERROR: logging before google.Init: E0831 01:51:15.827782     210 repo.go:368] failed to create patch for untracked file .scratch/phase19-review-cycle2.bChjfV/node-compile-cache/v26.8.1-x64-8d7ad2ee-1000/00279342: bytes are not valid utf8
ERROR: logging before google.Init: E0831 01:51:15.827790     210 repo.go:368] failed to create patch for untracked file .scratch/phase19-review-cycle2.bChjfV/node-compile-cache/v26.8.1-x64-8d7ad2ee-1000/010ca46c: bytes are not valid utf8
ERROR: logging before google.Init: E0831 01:51:15.827799     210 repo.go:368] failed to create patch for untracked file .scratch/phase19-review-cycle2.bChjfV/node-compile-cache/v26.8.1-x64-8d7ad2ee-1000/01b7386d: bytes are not valid utf8
ERROR: logging before google.Init: E0831 01:51:15.827809     210 repo.go:368] failed to create patch for untracked file .scratch/phase19-review-cycle2.bChjfV/node-compile-cache/v26.8.1-x64-8d7ad2ee-1000/022c8d76: bytes are not valid utf8
ERROR: logging before google.Init: E0831 01:51:15.827818     210 repo.go:368] failed to create patch for untracked file .scratch/phase19-review-cycle2.bChjfV/node-compile-cache/v26.8.1-x64-8d7ad2ee-1000/02ccd9ce: bytes are not valid utf8
ERROR: logging before google.Init: E0831 01:51:15.827826     210 repo.go:368] failed to create patch for untracked file .scratch/phase19-review-cycle2.bChjfV/node-compile-cache/v26.8.1-x64-8d7ad2ee-1000/032e32c2: bytes are not valid utf8
ERROR: logging before google.Init: E0831 01:51:15.827836     210 repo.go:368] failed to create patch for untracked file .scratch/phase19-review-cycle2.bChjfV/node-compile-cache/v26.8.1-x64-8d7ad2ee-1000/044210e1: bytes are not valid utf8
ERROR: logging before google.Init: E0831 01:51:15.827847     210 repo.go:368] failed to create patch for untracked file .scratch/phase19-review-cycle2.bChjfV/node-compile-cache/v26.8.1-x64-8d7ad2ee-1000/046957ae: bytes are not valid utf8
ERROR: logging before google.Init: E0831 01:51:15.827855     210 repo.go:368] failed to create patch for untracked file .scratch/phase19-review-cycle2.bChjfV/node-compile-cache/v26.8.1-x64-8d7ad2ee-1000/04d9d011: bytes are not valid utf8
ERROR: logging before google.Init: E0831 01:51:15.827863     210 repo.go:368] failed to create patch for untracked file .scratch/phase19-review-cycle2.bChjfV/node-compile-cache/v26.8.1-x64-8d7ad2ee-1000/052b4f98: bytes are not valid utf8
ERROR: logging before google.Init: E0831 01:51:15.827872     210 repo.go:368] failed to create patch for untracked file .scratch/phase19-review-cycle2.bChjfV/node-compile-cache/v26.8.1-x64-8d7ad2ee-1000/057f0d84: bytes are not valid utf8
ERROR: logging before google.Init: E0831 01:51:15.827880     210 repo.go:368] failed to create patch for untracked file .scratch/phase19-review-cycle2.bChjfV/node-compile-cache/v26.8.1-x64-8d7ad2ee-1000/059f2378: bytes are not valid utf8
ERROR: logging before google.Init: E0831 01:51:15.827895     210 repo.go:368] failed to create patch for untracked file .scratch/phase19-review-cycle2.bChjfV/node-compile-cache/v26.8.1-x64-8d7ad2ee-1000/05fec450: bytes are not valid utf8
ERROR: logging before google.Init: E0831 01:51:15.827904     210 repo.go:368] failed to create patch for untracked file .scratch/phase19-review-cycle2.bChjfV/node-compile-cache/v26.8.1-x64-8d7ad2ee-1000/06a2a20e: bytes are not valid utf8
ERROR: logging before google.Init: E0831 01:51:15.827913     210 repo.go:368] failed to create patch for untracked file .scratch/phase19-review-cycle2.bChjfV/node-compile-cache/v26.8.1-x64-8d7ad2ee-1000/07c2456e: bytes are not valid utf8
ERROR: logging before google.Init: E0831 01:51:15.827922     210 repo.go:368] failed to create patch for untracked file .scratch/phase19-review-cycle2.bChjfV/node-compile-cache/v26.8.1-x64-8d7ad2ee-1000/07cf3f8a: bytes are not valid utf8
ERROR: logging before google.Init: E0831 01:51:15.827930     210 repo.go:368] failed to create patch for untracked file .scratch/phase19-review-cycle2.bChjfV/node-compile-cache/v26.8.1-x64-8d7ad2ee-1000/084167c6: bytes are not valid utf8
ERROR: logging before google.Init: E0831 01:51:15.827938     210 repo.go:368] failed to create patch for untracked file .scratch/phase19-review-cycle2.bChjfV/node-compile-cache/v26.8.1-x64-8d7ad2ee-1000/091ce0e2: bytes are not valid utf8
ERROR: logging before google.Init: E0831 01:51:15.827947     210 repo.go:368] failed to create patch for untracked file .scratch/phase19-review-cycle2.bChjfV/node-compile-cache/v26.8.1-x64-8d7ad2ee-1000/09275b59: bytes are not valid utf8
ERROR: logging before google.Init: E0831 01:51:15.827955     210 repo.go:368] failed to create patch for untracked file .scratch/phase19-review-cycle2.bChjfV/node-compile-cache/v26.8.1-x64-8d7ad2ee-1000/094e6b9e: bytes are not valid utf8
ERROR: logging before google.Init: E0831 01:51:15.827962     210 repo.go:368] failed to create patch for untracked file .scratch/phase19-review-cycle2.bChjfV/node-compile-cache/v26.8.1-x64-8d7ad2ee-1000/09615a35: bytes are not valid utf8
ERROR: logging before google.Init: E0831 01:51:15.827970     210 repo.go:368] failed to create patch for untracked file .scratch/phase19-review-cycle2.bChjfV/node-compile-cache/v26.8.1-x64-8d7ad2ee-1000/09800fe0: bytes are not valid utf8
ERROR: logging before google.Init: E0831 01:51:15.827979     210 repo.go:368] failed to create patch for untracked file .scratch/phase19-review-cycle2.bChjfV/node-compile-cache/v26.8.1-x64-8d7ad2ee-1000/09dde953: bytes are not valid utf8
ERROR: logging before google.Init: E0831 01:51:15.827987     210 repo.go:368] failed to create patch for untracked file .scratch/phase19-review-cycle2.bChjfV/node-compile-cache/v26.8.1-x64-8d7ad2ee-1000/0a1fa128: bytes are not valid utf8
ERROR: logging before google.Init: E0831 01:51:15.827995     210 repo.go:368] failed to create patch for untracked file .scratch/phase19-review-cycle2.bChjfV/node-compile-cache/v26.8.1-x64-8d7ad2ee-1000/0a70f056: bytes are not valid utf8
ERROR: logging before google.Init: E0831 01:51:15.828003     210 repo.go:368] failed to create patch for untracked file .scratch/phase19-review-cycle2.bChjfV/node-compile-cache/v26.8.1-x64-8d7ad2ee-1000/0b2855c5: bytes are not valid utf8
ERROR: logging before google.Init: E0831 01:51:15.828011     210 repo.go:368] failed to create patch for untracked file .scratch/phase19-review-cycle2.bChjfV/node-compile-cache/v26.8.1-x64-8d7ad2ee-1000/0b712baf: bytes are not valid utf8
ERROR: logging before google.Init: E0831 01:51:15.828019     210 repo.go:368] failed to create patch for untracked file .scratch/phase19-review-cycle2.bChjfV/node-compile-cache/v26.8.1-x64-8d7ad2ee-1000/0c5232a3: bytes are not valid utf8
ERROR: logging before google.Init: E0831 01:51:15.828027     210 repo.go:368] failed to create patch for untracked file .scratch/phase19-review-cycle2.bChjfV/node-compile-cache/v26.8.1-x64-8d7ad2ee-1000/0d04415e: bytes are not valid utf8
ERROR: logging before google.Init: E0831 01:51:15.828035     210 repo.go:368] failed to create patch for untracked file .scratch/phase19-review-cycle2.bChjfV/node-compile-cache/v26.8.1-x64-8d7ad2ee-1000/0d9f97b3: bytes are not valid utf8
ERROR: logging before google.Init: E0831 01:51:15.828042     210 repo.go:368] failed to create patch for untracked file .scratch/phase19-review-cycle2.bChjfV/node-compile-cache/v26.8.1-x64-8d7ad2ee-1000/0f063766: bytes are not valid utf8
ERROR: logging before google.Init: E0831 01:51:15.828051     210 repo.go:368] failed to create patch for untracked file .scratch/phase19-review-cycle2.bChjfV/node-compile-cache/v26.8.1-x64-8d7ad2ee-1000/0f0a7988: bytes are not valid utf8
ERROR: logging before google.Init: E0831 01:51:15.828059     210 repo.go:368] failed to create patch for untracked file .scratch/phase19-review-cycle2.bChjfV/node-compile-cache/v26.8.1-x64-8d7ad2ee-1000/0f0c8433: bytes are not valid utf8
ERROR: logging before google.Init: E0831 01:51:15.828067     210 repo.go:368] failed to create patch for untracked file .scratch/phase19-review-cycle2.bChjfV/node-compile-cache/v26.8.1-x64-8d7ad2ee-1000/0f68cbe2: bytes are not valid utf8
ERROR: logging before google.Init: E0831 01:51:15.828075     210 repo.go:368] failed to create patch for untracked file .scratch/phase19-review-cycle2.bChjfV/node-compile-cache/v26.8.1-x64-8d7ad2ee-1000/0fc51e1f: bytes are not valid utf8
ERROR: logging before google.Init: E0831 01:51:15.828085     210 repo.go:368] failed to create patch for untracked file .scratch/phase19-review-cycle2.bChjfV/node-compile-cache/v26.8.1-x64-8d7ad2ee-1000/0fd0b3f1: bytes are not valid utf8
ERROR: logging before google.Init: E0831 01:51:15.828093     210 repo.go:368] failed to create patch for untracked file .scratch/phase19-review-cycle2.bChjfV/node-compile-cache/v26.8.1-x64-8d7ad2ee-1000/0fdd5abd: bytes are not valid utf8
ERROR: logging before google.Init: E0831 01:51:15.828102     210 repo.go:368] failed to create patch for untracked file .scratch/phase19-review-cycle2.bChjfV/node-compile-cache/v26.8.1-x64-8d7ad2ee-1000/0fef87ad: bytes are not valid utf8
ERROR: logging before google.Init: E0831 01:51:15.828113     210 repo.go:368] failed to create patch for untracked file .scratch/phase19-review-cycle2.bChjfV/node-compile-cache/v26.8.1-x64-8d7ad2ee-1000/10123dee: bytes are not valid utf8
ERROR: logging before google.Init: E0831 01:51:15.828122     210 repo.go:368] failed to create patch for untracked file .scratch/phase19-review-cycle2.bChjfV/node-compile-cache/v26.8.1-x64-8d7ad2ee-1000/102ef5fd: bytes are not valid utf8
ERROR: logging before google.Init: E0831 01:51:15.828130     210 repo.go:368] failed to create patch for untracked file .scratch/phase19-review-cycle2.bChjfV/node-compile-cache/v26.8.1-x64-8d7ad2ee-1000/108bebc6: bytes are not valid utf8
ERROR: logging before google.Init: E0831 01:51:15.828139     210 repo.go:368] failed to create patch for untracked file .scratch/phase19-review-cycle2.bChjfV/node-compile-cache/v26.8.1-x64-8d7ad2ee-1000/10d84fd3: bytes are not valid utf8
ERROR: logging before google.Init: E0831 01:51:15.828147     210 repo.go:368] failed to create patch for untracked file .scratch/phase19-review-cycle2.bChjfV/node-compile-cache/v26.8.1-x64-8d7ad2ee-1000/116cae05: bytes are not valid utf8
ERROR: logging before google.Init: E0831 01:51:15.828155     210 repo.go:368] failed to create patch for untracked file .scratch/phase19-review-cycle2.bChjfV/node-compile-cache/v26.8.1-x64-8d7ad2ee-1000/1172e634: bytes are not valid utf8
ERROR: logging before google.Init: E0831 01:51:15.828164     210 repo.go:368] failed to create patch for untracked file .scratch/phase19-review-cycle2.bChjfV/node-compile-cache/v26.8.1-x64-8d7ad2ee-1000/11cb2a80: bytes are not valid utf8
ERROR: logging before google.Init: E0831 01:51:15.828173     210 repo.go:368] failed to create patch for untracked file .scratch/phase19-review-cycle2.bChjfV/node-compile-cache/v26.8.1-x64-8d7ad2ee-1000/11e1e7e1: bytes are not valid utf8
ERROR: logging before google.Init: E0831 01:51:15.828182     210 repo.go:368] failed to create patch for untracked file .scratch/phase19-review-cycle2.bChjfV/node-compile-cache/v26.8.1-x64-8d7ad2ee-1000/11f1577f: bytes are not valid utf8
ERROR: logging before google.Init: E0831 01:51:15.828190     210 repo.go:368] failed to create patch for untracked file .scratch/phase19-review-cycle2.bChjfV/node-compile-cache/v26.8.1-x64-8d7ad2ee-1000/120fcd18: bytes are not valid utf8
ERROR: logging before google.Init: E0831 01:51:15.828198     210 repo.go:368] failed to create patch for untracked file .scratch/phase19-review-cycle2.bChjfV/node-compile-cache/v26.8.1-x64-8d7ad2ee-1000/12940077: bytes are not valid utf8
ERROR: logging before google.Init: E0831 01:51:15.828207     210 repo.go:368] failed to create patch for untracked file .scratch/phase19-review-cycle2.bChjfV/node-compile-cache/v26.8.1-x64-8d7ad2ee-1000/12d6085e: bytes are not valid utf8
ERROR: logging before google.Init: E0831 01:51:15.828217     210 repo.go:368] failed to create patch for untracked file .scratch/phase19-review-cycle2.bChjfV/node-compile-cache/v26.8.1-x64-8d7ad2ee-1000/13581792: bytes are not valid utf8
ERROR: logging before google.Init: E0831 01:51:15.828225     210 repo.go:368] failed to create patch for untracked file .scratch/phase19-review-cycle2.bChjfV/node-compile-cache/v26.8.1-x64-8d7ad2ee-1000/13bd6df4: bytes are not valid utf8
ERROR: logging before google.Init: E0831 01:51:15.828237     210 repo.go:368] failed to create patch for untracked file .scratch/phase19-review-cycle2.bChjfV/node-compile-cache/v26.8.1-x64-8d7ad2ee-1000/140a0144: bytes are not valid utf8
ERROR: logging before google.Init: E0831 01:51:15.828251     210 repo.go:368] failed to create patch for untracked file .scratch/phase19-review-cycle2.bChjfV/node-compile-cache/v26.8.1-x64-8d7ad2ee-1000/1441efd4: bytes are not valid utf8
ERROR: logging before google.Init: E0831 01:51:15.828259     210 repo.go:368] failed to create patch for untracked file .scratch/phase19-review-cycle2.bChjfV/node-compile-cache/v26.8.1-x64-8d7ad2ee-1000/1497c779: bytes are not valid utf8
ERROR: logging before google.Init: E0831 01:51:15.828267     210 repo.go:368] failed to create patch for untracked file .scratch/phase19-review-cycle2.bChjfV/node-compile-cache/v26.8.1-x64-8d7ad2ee-1000/154af85f: bytes are not valid utf8
ERROR: logging before google.Init: E0831 01:51:15.828276     210 repo.go:368] failed to create patch for untracked file .scratch/phase19-review-cycle2.bChjfV/node-compile-cache/v26.8.1-x64-8d7ad2ee-1000/15f1ac1e: bytes are not valid utf8
ERROR: logging before google.Init: E0831 01:51:15.828283     210 repo.go:368] failed to create patch for untracked file .scratch/phase19-review-cycle2.bChjfV/node-compile-cache/v26.8.1-x64-8d7ad2ee-1000/164dc688: bytes are not valid utf8
ERROR: logging before google.Init: E0831 01:51:15.828291     210 repo.go:368] failed to create patch for untracked file .scratch/phase19-review-cycle2.bChjfV/node-compile-cache/v26.8.1-x64-8d7ad2ee-1000/16ad2109: bytes are not valid utf8
ERROR: logging before google.Init: E0831 01:51:15.828299     210 repo.go:368] failed to create patch for untracked file .scratch/phase19-review-cycle2.bChjfV/node-compile-cache/v26.8.1-x64-8d7ad2ee-1000/16e14a72: bytes are not valid utf8
ERROR: logging before google.Init: E0831 01:51:15.828307     210 repo.go:368] failed to create patch for untracked file .scratch/phase19-review-cycle2.bChjfV/node-compile-cache/v26.8.1-x64-8d7ad2ee-1000/178cdd1b: bytes are not valid utf8
ERROR: logging before google.Init: E0831 01:51:15.828316     210 repo.go:368] failed to create patch for untracked file .scratch/phase19-review-cycle2.bChjfV/node-compile-cache/v26.8.1-x64-8d7ad2ee-1000/17bea670: bytes are not valid utf8
ERROR: logging before google.Init: E0831 01:51:15.828324     210 repo.go:368] failed to create patch for untracked file .scratch/phase19-review-cycle2.bChjfV/node-compile-cache/v26.8.1-x64-8d7ad2ee-1000/17fb02de: bytes are not valid utf8
ERROR: logging before google.Init: E0831 01:51:15.828333     210 repo.go:368] failed to create patch for untracked file .scratch/phase19-review-cycle2.bChjfV/node-compile-cache/v26.8.1-x64-8d7ad2ee-1000/186176c2: bytes are not valid utf8
ERROR: logging before google.Init: E0831 01:51:15.828341     210 repo.go:368] failed to create patch for untracked file .scratch/phase19-review-cycle2.bChjfV/node-compile-cache/v26.8.1-x64-8d7ad2ee-1000/187eddc9: bytes are not valid utf8
ERROR: logging before google.Init: E0831 01:51:15.828349     210 repo.go:368] failed to create patch for untracked file .scratch/phase19-review-cycle2.bChjfV/node-compile-cache/v26.8.1-x64-8d7ad2ee-1000/18997b58: bytes are not valid utf8
ERROR: logging before google.Init: E0831 01:51:15.828356     210 repo.go:368] failed to create patch for untracked file .scratch/phase19-review-cycle2.bChjfV/node-compile-cache/v26.8.1-x64-8d7ad2ee-1000/18bd97ff: bytes are not valid utf8
ERROR: logging before google.Init: E0831 01:51:15.828365     210 repo.go:368] failed to create patch for untracked file .scratch/phase19-review-cycle2.bChjfV/node-compile-cache/v26.8.1-x64-8d7ad2ee-1000/1978cd64: bytes are not valid utf8
ERROR: logging before google.Init: E0831 01:51:15.828372     210 repo.go:368] failed to create patch for untracked file .scratch/phase19-review-cycle2.bChjfV/node-compile-cache/v26.8.1-x64-8d7ad2ee-1000/19b40a6a: bytes are not valid utf8
ERROR: logging before google.Init: E0831 01:51:15.828380     210 repo.go:368] failed to create patch for untracked file .scratch/phase19-review-cycle2.bChjfV/node-compile-cache/v26.8.1-x64-8d7ad2ee-1000/1a0b6a98: bytes are not valid utf8
ERROR: logging before google.Init: E0831 01:51:15.828389     210 repo.go:368] failed to create patch for untracked file .scratch/phase19-review-cycle2.bChjfV/node-compile-cache/v26.8.1-x64-8d7ad2ee-1000/1a1a92fe: bytes are not valid utf8
ERROR: logging before google.Init: E0831 01:51:15.828396     210 repo.go:368] failed to create patch for untracked file .scratch/phase19-review-cycle2.bChjfV/node-compile-cache/v26.8.1-x64-8d7ad2ee-1000/1ac49b5c: bytes are not valid utf8
ERROR: logging before google.Init: E0831 01:51:15.828405     210 repo.go:368] failed to create patch for untracked file .scratch/phase19-review-cycle2.bChjfV/node-compile-cache/v26.8.1-x64-8d7ad2ee-1000/1b2a3a2a: bytes are not valid utf8
ERROR: logging before google.Init: E0831 01:51:15.828412     210 repo.go:368] failed to create patch for untracked file .scratch/phase19-review-cycle2.bChjfV/node-compile-cache/v26.8.1-x64-8d7ad2ee-1000/1b65f769: bytes are not valid utf8
ERROR: logging before google.Init: E0831 01:51:15.828420     210 repo.go:368] failed to create patch for untracked file .scratch/phase19-review-cycle2.bChjfV/node-compile-cache/v26.8.1-x64-8d7ad2ee-1000/1b6d87f9: bytes are not valid utf8
ERROR: logging before google.Init: E0831 01:51:15.828429     210 repo.go:368] failed to create patch for untracked file .scratch/phase19-review-cycle2.bChjfV/node-compile-cache/v26.8.1-x64-8d7ad2ee-1000/1bbb6102: bytes are not valid utf8
ERROR: logging before google.Init: E0831 01:51:15.828437     210 repo.go:368] failed to create patch for untracked file .scratch/phase19-review-cycle2.bChjfV/node-compile-cache/v26.8.1-x64-8d7ad2ee-1000/1bd412a9: bytes are not valid utf8
ERROR: logging before google.Init: E0831 01:51:15.828444     210 repo.go:368] failed to create patch for untracked file .scratch/phase19-review-cycle2.bChjfV/node-compile-cache/v26.8.1-x64-8d7ad2ee-1000/1c7cc057: bytes are not valid utf8
ERROR: logging before google.Init: E0831 01:51:15.828453     210 repo.go:368] failed to create patch for untracked file .scratch/phase19-review-cycle2.bChjfV/node-compile-cache/v26.8.1-x64-8d7ad2ee-1000/1e79468d: bytes are not valid utf8
ERROR: logging before google.Init: E0831 01:51:15.828462     210 repo.go:368] failed to create patch for untracked file .scratch/phase19-review-cycle2.bChjfV/node-compile-cache/v26.8.1-x64-8d7ad2ee-1000/1e880b66: bytes are not valid utf8
ERROR: logging before google.Init: E0831 01:51:15.828470     210 repo.go:368] failed to create patch for untracked file .scratch/phase19-review-cycle2.bChjfV/node-compile-cache/v26.8.1-x64-8d7ad2ee-1000/1f328c74: bytes are not valid utf8
ERROR: logging before google.Init: E0831 01:51:15.828478     210 repo.go:368] failed to create patch for untracked file .scratch/phase19-review-cycle2.bChjfV/node-compile-cache/v26.8.1-x64-8d7ad2ee-1000/1f9b0e5c: bytes are not valid utf8
ERROR: logging before google.Init: E0831 01:51:15.828487     210 repo.go:368] failed to create patch for untracked file .scratch/phase19-review-cycle2.bChjfV/node-compile-cache/v26.8.1-x64-8d7ad2ee-1000/1fa45f11: bytes are not valid utf8
ERROR: logging before google.Init: E0831 01:51:15.828495     210 repo.go:368] failed to create patch for untracked file .scratch/phase19-review-cycle2.bChjfV/node-compile-cache/v26.8.1-x64-8d7ad2ee-1000/1fdf173b: bytes are not valid utf8
ERROR: logging before google.Init: E0831 01:51:15.828503     210 repo.go:368] failed to create patch for untracked file .scratch/phase19-review-cycle2.bChjfV/node-compile-cache/v26.8.1-x64-8d7ad2ee-1000/204d30cc: bytes are not valid utf8
ERROR: logging before google.Init: E0831 01:51:15.828510     210 repo.go:368] failed to create patch for untracked file .scratch/phase19-review-cycle2.bChjfV/node-compile-cache/v26.8.1-x64-8d7ad2ee-1000/206cdb5e: bytes are not valid utf8
ERROR: logging before google.Init: E0831 01:51:15.828518     210 repo.go:368] failed to create patch for untracked file .scratch/phase19-review-cycle2.bChjfV/node-compile-cache/v26.8.1-x64-8d7ad2ee-1000/207c7dae: bytes are not valid utf8
ERROR: logging before google.Init: E0831 01:51:15.828526     210 repo.go:368] failed to create patch for untracked file .scratch/phase19-review-cycle2.bChjfV/node-compile-cache/v26.8.1-x64-8d7ad2ee-1000/20995dbb: bytes are not valid utf8
ERROR: logging before google.Init: E0831 01:51:15.828534     210 repo.go:368] failed to create patch for untracked file .scratch/phase19-review-cycle2.bChjfV/node-compile-cache/v26.8.1-x64-8d7ad2ee-1000/20cad7f4: bytes are not valid utf8
ERROR: logging before google.Init: E0831 01:51:15.828542     210 repo.go:368] failed to create patch for untracked file .scratch/phase19-review-cycle2.bChjfV/node-compile-cache/v26.8.1-x64-8d7ad2ee-1000/20d4355f: bytes are not valid utf8
ERROR: logging before google.Init: E0831 01:51:15.828550     210 repo.go:368] failed to create patch for untracked file .scratch/phase19-review-cycle2.bChjfV/node-compile-cache/v26.8.1-x64-8d7ad2ee-1000/221af82a: bytes are not valid utf8
ERROR: logging before google.Init: E0831 01:51:15.828558     210 repo.go:368] failed to create patch for untracked file .scratch/phase19-review-cycle2.bChjfV/node-compile-cache/v26.8.1-x64-8d7ad2ee-1000/22a111e0: bytes are not valid utf8
ERROR: logging before google.Init: E0831 01:51:15.828566     210 repo.go:368] failed to create patch for untracked file .scratch/phase19-review-cycle2.bChjfV/node-compile-cache/v26.8.1-x64-8d7ad2ee-1000/232bb390: bytes are not valid utf8
ERROR: logging before google.Init: E0831 01:51:15.828574     210 repo.go:368] failed to create patch for untracked file .scratch/phase19-review-cycle2.bChjfV/node-compile-cache/v26.8.1-x64-8d7ad2ee-1000/2357f5d4: bytes are not valid utf8
ERROR: logging before google.Init: E0831 01:51:15.828582     210 repo.go:368] failed to create patch for untracked file .scratch/phase19-review-cycle2.bChjfV/node-compile-cache/v26.8.1-x64-8d7ad2ee-1000/23ac1f21: bytes are not valid utf8
ERROR: logging before google.Init: E0831 01:51:15.828590     210 repo.go:368] failed to create patch for untracked file .scratch/phase19-review-cycle2.bChjfV/node-compile-cache/v26.8.1-x64-8d7ad2ee-1000/23c95ffc: bytes are not valid utf8
ERROR: logging before google.Init: E0831 01:51:15.828599     210 repo.go:368] failed to create patch for untracked file .scratch/phase19-review-cycle2.bChjfV/node-compile-cache/v26.8.1-x64-8d7ad2ee-1000/2442c1f5: bytes are not valid utf8
ERROR: logging before google.Init: E0831 01:51:15.828608     210 repo.go:368] failed to create patch for untracked file .scratch/phase19-review-cycle2.bChjfV/node-compile-cache/v26.8.1-x64-8d7ad2ee-1000/24d32a8d: bytes are not valid utf8
ERROR: logging before google.Init: E0831 01:51:15.828616     210 repo.go:368] failed to create patch for untracked file .scratch/phase19-review-cycle2.bChjfV/node-compile-cache/v26.8.1-x64-8d7ad2ee-1000/250f9c68: bytes are not valid utf8
ERROR: logging before google.Init: E0831 01:51:15.828625     210 repo.go:368] failed to create patch for untracked file .scratch/phase19-review-cycle2.bChjfV/node-compile-cache/v26.8.1-x64-8d7ad2ee-1000/25cb1a0e: bytes are not valid utf8
ERROR: logging before google.Init: E0831 01:51:15.828639     210 repo.go:368] failed to create patch for untracked file .scratch/phase19-review-cycle2.bChjfV/node-compile-cache/v26.8.1-x64-8d7ad2ee-1000/26386c07: bytes are not valid utf8
ERROR: logging before google.Init: E0831 01:51:15.828647     210 repo.go:368] failed to create patch for untracked file .scratch/phase19-review-cycle2.bChjfV/node-compile-cache/v26.8.1-x64-8d7ad2ee-1000/263f0e14: bytes are not valid utf8
ERROR: logging before google.Init: E0831 01:51:15.828655     210 repo.go:368] failed to create patch for untracked file .scratch/phase19-review-cycle2.bChjfV/node-compile-cache/v26.8.1-x64-8d7ad2ee-1000/26489bb3: bytes are not valid utf8
ERROR: logging before google.Init: E0831 01:51:15.828663     210 repo.go:368] failed to create patch for untracked file .scratch/phase19-review-cycle2.bChjfV/node-compile-cache/v26.8.1-x64-8d7ad2ee-1000/269c56d8: bytes are not valid utf8
ERROR: logging before google.Init: E0831 01:51:15.828671     210 repo.go:368] failed to create patch for untracked file .scratch/phase19-review-cycle2.bChjfV/node-compile-cache/v26.8.1-x64-8d7ad2ee-1000/278f25ae: bytes are not valid utf8
ERROR: logging before google.Init: E0831 01:51:15.828679     210 repo.go:368] failed to create patch for untracked file .scratch/phase19-review-cycle2.bChjfV/node-compile-cache/v26.8.1-x64-8d7ad2ee-1000/27f07a12: bytes are not valid utf8
ERROR: logging before google.Init: E0831 01:51:15.828687     210 repo.go:368] failed to create patch for untracked file .scratch/phase19-review-cycle2.bChjfV/node-compile-cache/v26.8.1-x64-8d7ad2ee-1000/284df1ba: bytes are not valid utf8
ERROR: logging before google.Init: E0831 01:51:15.828695     210 repo.go:368] failed to create patch for untracked file .scratch/phase19-review-cycle2.bChjfV/node-compile-cache/v26.8.1-x64-8d7ad2ee-1000/28cd767f: bytes are not valid utf8
ERROR: logging before google.Init: E0831 01:51:15.828703     210 repo.go:368] failed to create patch for untracked file .scratch/phase19-review-cycle2.bChjfV/node-compile-cache/v26.8.1-x64-8d7ad2ee-1000/28f2d72a: bytes are not valid utf8
ERROR: logging before google.Init: E0831 01:51:15.828711     210 repo.go:368] failed to create patch for untracked file .scratch/phase19-review-cycle2.bChjfV/node-compile-cache/v26.8.1-x64-8d7ad2ee-1000/298138b1: bytes are not valid utf8
ERROR: logging before google.Init: E0831 01:51:15.828719     210 repo.go:368] failed to create patch for untracked file .scratch/phase19-review-cycle2.bChjfV/node-compile-cache/v26.8.1-x64-8d7ad2ee-1000/29ae7849: bytes are not valid utf8
ERROR: logging before google.Init: E0831 01:51:15.828727     210 repo.go:368] failed to create patch for untracked file .scratch/phase19-review-cycle2.bChjfV/node-compile-cache/v26.8.1-x64-8d7ad2ee-1000/2a8813f8: bytes are not valid utf8
ERROR: logging before google.Init: E0831 01:51:15.828736     210 repo.go:368] failed to create patch for untracked file .scratch/phase19-review-cycle2.bChjfV/node-compile-cache/v26.8.1-x64-8d7ad2ee-1000/2bc0d199: bytes are not valid utf8
ERROR: logging before google.Init: E0831 01:51:15.828743     210 repo.go:368] failed to create patch for untracked file .scratch/phase19-review-cycle2.bChjfV/node-compile-cache/v26.8.1-x64-8d7ad2ee-1000/2bdcf063: bytes are not valid utf8
ERROR: logging before google.Init: E0831 01:51:15.828752     210 repo.go:368] failed to create patch for untracked file .scratch/phase19-review-cycle2.bChjfV/node-compile-cache/v26.8.1-x64-8d7ad2ee-1000/2c66374b: bytes are not valid utf8
ERROR: logging before google.Init: E0831 01:51:15.828760     210 repo.go:368] failed to create patch for untracked file .scratch/phase19-review-cycle2.bChjfV/node-compile-cache/v26.8.1-x64-8d7ad2ee-1000/2cc8e4ff: bytes are not valid utf8
ERROR: logging before google.Init: E0831 01:51:15.828768     210 repo.go:368] failed to create patch for untracked file .scratch/phase19-review-cycle2.bChjfV/node-compile-cache/v26.8.1-x64-8d7ad2ee-1000/2d464d3d: bytes are not valid utf8
ERROR: logging before google.Init: E0831 01:51:15.828775     210 repo.go:368] failed to create patch for untracked file .scratch/phase19-review-cycle2.bChjfV/node-compile-cache/v26.8.1-x64-8d7ad2ee-1000/2d474a8e: bytes are not valid utf8
ERROR: logging before google.Init: E0831 01:51:15.828783     210 repo.go:368] failed to create patch for untracked file .scratch/phase19-review-cycle2.bChjfV/node-compile-cache/v26.8.1-x64-8d7ad2ee-1000/2d96951b: bytes are not valid utf8
ERROR: logging before google.Init: E0831 01:51:15.828792     210 repo.go:368] failed to create patch for untracked file .scratch/phase19-review-cycle2.bChjfV/node-compile-cache/v26.8.1-x64-8d7ad2ee-1000/2dfc3763: bytes are not valid utf8
ERROR: logging before google.Init: E0831 01:51:15.828799     210 repo.go:368] failed to create patch for untracked file .scratch/phase19-review-cycle2.bChjfV/node-compile-cache/v26.8.1-x64-8d7ad2ee-1000/2e55c3a5: bytes are not valid utf8
ERROR: logging before google.Init: E0831 01:51:15.828807     210 repo.go:368] failed to create patch for untracked file .scratch/phase19-review-cycle2.bChjfV/node-compile-cache/v26.8.1-x64-8d7ad2ee-1000/2e67f1f7: bytes are not valid utf8
ERROR: logging before google.Init: E0831 01:51:15.828815     210 repo.go:368] failed to create patch for untracked file .scratch/phase19-review-cycle2.bChjfV/node-compile-cache/v26.8.1-x64-8d7ad2ee-1000/2e914e8b: bytes are not valid utf8
ERROR: logging before google.Init: E0831 01:51:15.828823     210 repo.go:368] failed to create patch for untracked file .scratch/phase19-review-cycle2.bChjfV/node-compile-cache/v26.8.1-x64-8d7ad2ee-1000/2ecc8411: bytes are not valid utf8
ERROR: logging before google.Init: E0831 01:51:15.828832     210 repo.go:368] failed to create patch for untracked file .scratch/phase19-review-cycle2.bChjfV/node-compile-cache/v26.8.1-x64-8d7ad2ee-1000/2ed48d5f: bytes are not valid utf8
ERROR: logging before google.Init: E0831 01:51:15.828840     210 repo.go:368] failed to create patch for untracked file .scratch/phase19-review-cycle2.bChjfV/node-compile-cache/v26.8.1-x64-8d7ad2ee-1000/2fcd57fe: bytes are not valid utf8
ERROR: logging before google.Init: E0831 01:51:15.828848     210 repo.go:368] failed to create patch for untracked file .scratch/phase19-review-cycle2.bChjfV/node-compile-cache/v26.8.1-x64-8d7ad2ee-1000/3029e332: bytes are not valid utf8
ERROR: logging before google.Init: E0831 01:51:15.828856     210 repo.go:368] failed to create patch for untracked file .scratch/phase19-review-cycle2.bChjfV/node-compile-cache/v26.8.1-x64-8d7ad2ee-1000/303a53bd: bytes are not valid utf8
ERROR: logging before google.Init: E0831 01:51:15.828864     210 repo.go:368] failed to create patch for untracked file .scratch/phase19-review-cycle2.bChjfV/node-compile-cache/v26.8.1-x64-8d7ad2ee-1000/304a34e9: bytes are not valid utf8
ERROR: logging before google.Init: E0831 01:51:15.828873     210 repo.go:368] failed to create patch for untracked file .scratch/phase19-review-cycle2.bChjfV/node-compile-cache/v26.8.1-x64-8d7ad2ee-1000/30841eca: bytes are not valid utf8
ERROR: logging before google.Init: E0831 01:51:15.828881     210 repo.go:368] failed to create patch for untracked file .scratch/phase19-review-cycle2.bChjfV/node-compile-cache/v26.8.1-x64-8d7ad2ee-1000/30b81987: bytes are not valid utf8
ERROR: logging before google.Init: E0831 01:51:15.828889     210 repo.go:368] failed to create patch for untracked file .scratch/phase19-review-cycle2.bChjfV/node-compile-cache/v26.8.1-x64-8d7ad2ee-1000/311bad02: bytes are not valid utf8
ERROR: logging before google.Init: E0831 01:51:15.828896     210 repo.go:368] failed to create patch for untracked file .scratch/phase19-review-cycle2.bChjfV/node-compile-cache/v26.8.1-x64-8d7ad2ee-1000/317ac786: bytes are not valid utf8
ERROR: logging before google.Init: E0831 01:51:15.828905     210 repo.go:368] failed to create patch for untracked file .scratch/phase19-review-cycle2.bChjfV/node-compile-cache/v26.8.1-x64-8d7ad2ee-1000/3280507c: bytes are not valid utf8
ERROR: logging before google.Init: E0831 01:51:15.828914     210 repo.go:368] failed to create patch for untracked file .scratch/phase19-review-cycle2.bChjfV/node-compile-cache/v26.8.1-x64-8d7ad2ee-1000/32c3690e: bytes are not valid utf8
ERROR: logging before google.Init: E0831 01:51:15.828921     210 repo.go:368] failed to create patch for untracked file .scratch/phase19-review-cycle2.bChjfV/node-compile-cache/v26.8.1-x64-8d7ad2ee-1000/3322776f: bytes are not valid utf8
ERROR: logging before google.Init: E0831 01:51:15.828929     210 repo.go:368] failed to create patch for untracked file .scratch/phase19-review-cycle2.bChjfV/node-compile-cache/v26.8.1-x64-8d7ad2ee-1000/335a9bcb: bytes are not valid utf8
ERROR: logging before google.Init: E0831 01:51:15.828937     210 repo.go:368] failed to create patch for untracked file .scratch/phase19-review-cycle2.bChjfV/node-compile-cache/v26.8.1-x64-8d7ad2ee-1000/35ecf28e: bytes are not valid utf8
ERROR: logging before google.Init: E0831 01:51:15.828945     210 repo.go:368] failed to create patch for untracked file .scratch/phase19-review-cycle2.bChjfV/node-compile-cache/v26.8.1-x64-8d7ad2ee-1000/35ff1778: bytes are not valid utf8
ERROR: logging before google.Init: E0831 01:51:15.828953     210 repo.go:368] failed to create patch for untracked file .scratch/phase19-review-cycle2.bChjfV/node-compile-cache/v26.8.1-x64-8d7ad2ee-1000/3613671b: bytes are not valid utf8
ERROR: logging before google.Init: E0831 01:51:15.828961     210 repo.go:368] failed to create patch for untracked file .scratch/phase19-review-cycle2.bChjfV/node-compile-cache/v26.8.1-x64-8d7ad2ee-1000/36cc4850: bytes are not valid utf8
ERROR: logging before google.Init: E0831 01:51:15.828969     210 repo.go:368] failed to create patch for untracked file .scratch/phase19-review-cycle2.bChjfV/node-compile-cache/v26.8.1-x64-8d7ad2ee-1000/373ef455: bytes are not valid utf8
ERROR: logging before google.Init: E0831 01:51:15.828977     210 repo.go:368] failed to create patch for untracked file .scratch/phase19-review-cycle2.bChjfV/node-compile-cache/v26.8.1-x64-8d7ad2ee-1000/389c2a48: bytes are not valid utf8
ERROR: logging before google.Init: E0831 01:51:15.828985     210 repo.go:368] failed to create patch for untracked file .scratch/phase19-review-cycle2.bChjfV/node-compile-cache/v26.8.1-x64-8d7ad2ee-1000/391c424a: bytes are not valid utf8
ERROR: logging before google.Init: E0831 01:51:15.828993     210 repo.go:368] failed to create patch for untracked file .scratch/phase19-review-cycle2.bChjfV/node-compile-cache/v26.8.1-x64-8d7ad2ee-1000/39f3776e: bytes are not valid utf8
ERROR: logging before google.Init: E0831 01:51:15.829002     210 repo.go:368] failed to create patch for untracked file .scratch/phase19-review-cycle2.bChjfV/node-compile-cache/v26.8.1-x64-8d7ad2ee-1000/3a521e90: bytes are not valid utf8
ERROR: logging before google.Init: E0831 01:51:15.829010     210 repo.go:368] failed to create patch for untracked file .scratch/phase19-review-cycle2.bChjfV/node-compile-cache/v26.8.1-x64-8d7ad2ee-1000/3a9df0e4: bytes are not valid utf8
ERROR: logging before google.Init: E0831 01:51:15.829018     210 repo.go:368] failed to create patch for untracked file .scratch/phase19-review-cycle2.bChjfV/node-compile-cache/v26.8.1-x64-8d7ad2ee-1000/3c07ab31: bytes are not valid utf8
ERROR: logging before google.Init: E0831 01:51:15.829025     210 repo.go:368] failed to create patch for untracked file .scratch/phase19-review-cycle2.bChjfV/node-compile-cache/v26.8.1-x64-8d7ad2ee-1000/3c29b655: bytes are not valid utf8
ERROR: logging before google.Init: E0831 01:51:15.829033     210 repo.go:368] failed to create patch for untracked file .scratch/phase19-review-cycle2.bChjfV/node-compile-cache/v26.8.1-x64-8d7ad2ee-1000/3c3ab2f4: bytes are not valid utf8
ERROR: logging before google.Init: E0831 01:51:15.829046     210 repo.go:368] failed to create patch for untracked file .scratch/phase19-review-cycle2.bChjfV/node-compile-cache/v26.8.1-x64-8d7ad2ee-1000/3c3fb401: bytes are not valid utf8
ERROR: logging before google.Init: E0831 01:51:15.829054     210 repo.go:368] failed to create patch for untracked file .scratch/phase19-review-cycle2.bChjfV/node-compile-cache/v26.8.1-x64-8d7ad2ee-1000/3c96dce2: bytes are not valid utf8
ERROR: logging before google.Init: E0831 01:51:15.829062     210 repo.go:368] failed to create patch for untracked file .scratch/phase19-review-cycle2.bChjfV/node-compile-cache/v26.8.1-x64-8d7ad2ee-1000/3e94bd3f: bytes are not valid utf8
ERROR: logging before google.Init: E0831 01:51:15.829069     210 repo.go:368] failed to create patch for untracked file .scratch/phase19-review-cycle2.bChjfV/node-compile-cache/v26.8.1-x64-8d7ad2ee-1000/3f3308c6: bytes are not valid utf8
ERROR: logging before google.Init: E0831 01:51:15.829078     210 repo.go:368] failed to create patch for untracked file .scratch/phase19-review-cycle2.bChjfV/node-compile-cache/v26.8.1-x64-8d7ad2ee-1000/3f63fdd3: bytes are not valid utf8
ERROR: logging before google.Init: E0831 01:51:15.829086     210 repo.go:368] failed to create patch for untracked file .scratch/phase19-review-cycle2.bChjfV/node-compile-cache/v26.8.1-x64-8d7ad2ee-1000/3fb014f3: bytes are not valid utf8
ERROR: logging before google.Init: E0831 01:51:15.829094     210 repo.go:368] failed to create patch for untracked file .scratch/phase19-review-cycle2.bChjfV/node-compile-cache/v26.8.1-x64-8d7ad2ee-1000/3fbc5c53: bytes are not valid utf8
ERROR: logging before google.Init: E0831 01:51:15.829102     210 repo.go:368] failed to create patch for untracked file .scratch/phase19-review-cycle2.bChjfV/node-compile-cache/v26.8.1-x64-8d7ad2ee-1000/4124d0d7: bytes are not valid utf8
ERROR: logging before google.Init: E0831 01:51:15.829110     210 repo.go:368] failed to create patch for untracked file .scratch/phase19-review-cycle2.bChjfV/node-compile-cache/v26.8.1-x64-8d7ad2ee-1000/41847ab3: bytes are not valid utf8
ERROR: logging before google.Init: E0831 01:51:15.829118     210 repo.go:368] failed to create patch for untracked file .scratch/phase19-review-cycle2.bChjfV/node-compile-cache/v26.8.1-x64-8d7ad2ee-1000/428aca58: bytes are not valid utf8
ERROR: logging before google.Init: E0831 01:51:15.829125     210 repo.go:368] failed to create patch for untracked file .scratch/phase19-review-cycle2.bChjfV/node-compile-cache/v26.8.1-x64-8d7ad2ee-1000/436e0990: bytes are not valid utf8
ERROR: logging before google.Init: E0831 01:51:15.829132     210 repo.go:368] failed to create patch for untracked file .scratch/phase19-review-cycle2.bChjfV/node-compile-cache/v26.8.1-x64-8d7ad2ee-1000/4390ba1e: bytes are not valid utf8
ERROR: logging before google.Init: E0831 01:51:15.829140     210 repo.go:368] failed to create patch for untracked file .scratch/phase19-review-cycle2.bChjfV/node-compile-cache/v26.8.1-x64-8d7ad2ee-1000/4456be48: bytes are not valid utf8
ERROR: logging before google.Init: E0831 01:51:15.829149     210 repo.go:368] failed to create patch for untracked file .scratch/phase19-review-cycle2.bChjfV/node-compile-cache/v26.8.1-x64-8d7ad2ee-1000/460f652e: bytes are not valid utf8
ERROR: logging before google.Init: E0831 01:51:15.829157     210 repo.go:368] failed to create patch for untracked file .scratch/phase19-review-cycle2.bChjfV/node-compile-cache/v26.8.1-x64-8d7ad2ee-1000/465030ee: bytes are not valid utf8
ERROR: logging before google.Init: E0831 01:51:15.829164     210 repo.go:368] failed to create patch for untracked file .scratch/phase19-review-cycle2.bChjfV/node-compile-cache/v26.8.1-x64-8d7ad2ee-1000/4652bac2: bytes are not valid utf8
ERROR: logging before google.Init: E0831 01:51:15.829173     210 repo.go:368] failed to create patch for untracked file .scratch/phase19-review-cycle2.bChjfV/node-compile-cache/v26.8.1-x64-8d7ad2ee-1000/46772a61: bytes are not valid utf8
ERROR: logging before google.Init: E0831 01:51:15.829181     210 repo.go:368] failed to create patch for untracked file .scratch/phase19-review-cycle2.bChjfV/node-compile-cache/v26.8.1-x64-8d7ad2ee-1000/468005ea: bytes are not valid utf8
ERROR: logging before google.Init: E0831 01:51:15.829189     210 repo.go:368] failed to create patch for untracked file .scratch/phase19-review-cycle2.bChjfV/node-compile-cache/v26.8.1-x64-8d7ad2ee-1000/469fc81d: bytes are not valid utf8
ERROR: logging before google.Init: E0831 01:51:15.829196     210 repo.go:368] failed to create patch for untracked file .scratch/phase19-review-cycle2.bChjfV/node-compile-cache/v26.8.1-x64-8d7ad2ee-1000/46d4b6e7: bytes are not valid utf8
ERROR: logging before google.Init: E0831 01:51:15.829205     210 repo.go:368] failed to create patch for untracked file .scratch/phase19-review-cycle2.bChjfV/node-compile-cache/v26.8.1-x64-8d7ad2ee-1000/4744f7d7: bytes are not valid utf8
ERROR: logging before google.Init: E0831 01:51:15.829213     210 repo.go:368] failed to create patch for untracked file .scratch/phase19-review-cycle2.bChjfV/node-compile-cache/v26.8.1-x64-8d7ad2ee-1000/47508c2e: bytes are not valid utf8
ERROR: logging before google.Init: E0831 01:51:15.829221     210 repo.go:368] failed to create patch for untracked file .scratch/phase19-review-cycle2.bChjfV/node-compile-cache/v26.8.1-x64-8d7ad2ee-1000/475bb660: bytes are not valid utf8
ERROR: logging before google.Init: E0831 01:51:15.829229     210 repo.go:368] failed to create patch for untracked file .scratch/phase19-review-cycle2.bChjfV/node-compile-cache/v26.8.1-x64-8d7ad2ee-1000/47dd1147: bytes are not valid utf8
ERROR: logging before google.Init: E0831 01:51:15.829237     210 repo.go:368] failed to create patch for untracked file .scratch/phase19-review-cycle2.bChjfV/node-compile-cache/v26.8.1-x64-8d7ad2ee-1000/47ede548: bytes are not valid utf8
ERROR: logging before google.Init: E0831 01:51:15.829245     210 repo.go:368] failed to create patch for untracked file .scratch/phase19-review-cycle2.bChjfV/node-compile-cache/v26.8.1-x64-8d7ad2ee-1000/48aa5edb: bytes are not valid utf8
ERROR: logging before google.Init: E0831 01:51:15.829254     210 repo.go:368] failed to create patch for untracked file .scratch/phase19-review-cycle2.bChjfV/node-compile-cache/v26.8.1-x64-8d7ad2ee-1000/48d1f1c8: bytes are not valid utf8
ERROR: logging before google.Init: E0831 01:51:15.829262     210 repo.go:368] failed to create patch for untracked file .scratch/phase19-review-cycle2.bChjfV/node-compile-cache/v26.8.1-x64-8d7ad2ee-1000/49a5ba30: bytes are not valid utf8
ERROR: logging before google.Init: E0831 01:51:15.829270     210 repo.go:368] failed to create patch for untracked file .scratch/phase19-review-cycle2.bChjfV/node-compile-cache/v26.8.1-x64-8d7ad2ee-1000/49d1006b: bytes are not valid utf8
ERROR: logging before google.Init: E0831 01:51:15.829277     210 repo.go:368] failed to create patch for untracked file .scratch/phase19-review-cycle2.bChjfV/node-compile-cache/v26.8.1-x64-8d7ad2ee-1000/4a2f7337: bytes are not valid utf8
ERROR: logging before google.Init: E0831 01:51:15.829286     210 repo.go:368] failed to create patch for untracked file .scratch/phase19-review-cycle2.bChjfV/node-compile-cache/v26.8.1-x64-8d7ad2ee-1000/4a7f67b1: bytes are not valid utf8
ERROR: logging before google.Init: E0831 01:51:15.829293     210 repo.go:368] failed to create patch for untracked file .scratch/phase19-review-cycle2.bChjfV/node-compile-cache/v26.8.1-x64-8d7ad2ee-1000/4a98117d: bytes are not valid utf8
ERROR: logging before google.Init: E0831 01:51:15.829301     210 repo.go:368] failed to create patch for untracked file .scratch/phase19-review-cycle2.bChjfV/node-compile-cache/v26.8.1-x64-8d7ad2ee-1000/4baab70c: bytes are not valid utf8
ERROR: logging before google.Init: E0831 01:51:15.829308     210 repo.go:368] failed to create patch for untracked file .scratch/phase19-review-cycle2.bChjfV/node-compile-cache/v26.8.1-x64-8d7ad2ee-1000/4bbd7e97: bytes are not valid utf8
ERROR: logging before google.Init: E0831 01:51:15.829315     210 repo.go:368] failed to create patch for untracked file .scratch/phase19-review-cycle2.bChjfV/node-compile-cache/v26.8.1-x64-8d7ad2ee-1000/4c47dc52: bytes are not valid utf8
ERROR: logging before google.Init: E0831 01:51:15.829323     210 repo.go:368] failed to create patch for untracked file .scratch/phase19-review-cycle2.bChjfV/node-compile-cache/v26.8.1-x64-8d7ad2ee-1000/4c58a332: bytes are not valid utf8
ERROR: logging before google.Init: E0831 01:51:15.829332     210 repo.go:368] failed to create patch for untracked file .scratch/phase19-review-cycle2.bChjfV/node-compile-cache/v26.8.1-x64-8d7ad2ee-1000/4ca766a3: bytes are not valid utf8
ERROR: logging before google.Init: E0831 01:51:15.829339     210 repo.go:368] failed to create patch for untracked file .scratch/phase19-review-cycle2.bChjfV/node-compile-cache/v26.8.1-x64-8d7ad2ee-1000/4cdf50fd: bytes are not valid utf8
ERROR: logging before google.Init: E0831 01:51:15.829348     210 repo.go:368] failed to create patch for untracked file .scratch/phase19-review-cycle2.bChjfV/node-compile-cache/v26.8.1-x64-8d7ad2ee-1000/4d2f83f7: bytes are not valid utf8
ERROR: logging before google.Init: E0831 01:51:15.829356     210 repo.go:368] failed to create patch for untracked file .scratch/phase19-review-cycle2.bChjfV/node-compile-cache/v26.8.1-x64-8d7ad2ee-1000/4d531b7f: bytes are not valid utf8
ERROR: logging before google.Init: E0831 01:51:15.829364     210 repo.go:368] failed to create patch for untracked file .scratch/phase19-review-cycle2.bChjfV/node-compile-cache/v26.8.1-x64-8d7ad2ee-1000/4d78a390: bytes are not valid utf8
ERROR: logging before google.Init: E0831 01:51:15.829372     210 repo.go:368] failed to create patch for untracked file .scratch/phase19-review-cycle2.bChjfV/node-compile-cache/v26.8.1-x64-8d7ad2ee-1000/4dbc19b7: bytes are not valid utf8
ERROR: logging before google.Init: E0831 01:51:15.829379     210 repo.go:368] failed to create patch for untracked file .scratch/phase19-review-cycle2.bChjfV/node-compile-cache/v26.8.1-x64-8d7ad2ee-1000/4e546049: bytes are not valid utf8
ERROR: logging before google.Init: E0831 01:51:15.829387     210 repo.go:368] failed to create patch for untracked file .scratch/phase19-review-cycle2.bChjfV/node-compile-cache/v26.8.1-x64-8d7ad2ee-1000/4e8be31e: bytes are not valid utf8
ERROR: logging before google.Init: E0831 01:51:15.829395     210 repo.go:368] failed to create patch for untracked file .scratch/phase19-review-cycle2.bChjfV/node-compile-cache/v26.8.1-x64-8d7ad2ee-1000/4ede0a43: bytes are not valid utf8
ERROR: logging before google.Init: E0831 01:51:15.829403     210 repo.go:368] failed to create patch for untracked file .scratch/phase19-review-cycle2.bChjfV/node-compile-cache/v26.8.1-x64-8d7ad2ee-1000/4f340aea: bytes are not valid utf8
ERROR: logging before google.Init: E0831 01:51:15.829411     210 repo.go:368] failed to create patch for untracked file .scratch/phase19-review-cycle2.bChjfV/node-compile-cache/v26.8.1-x64-8d7ad2ee-1000/4f764ed1: bytes are not valid utf8
ERROR: logging before google.Init: E0831 01:51:15.829419     210 repo.go:368] failed to create patch for untracked file .scratch/phase19-review-cycle2.bChjfV/node-compile-cache/v26.8.1-x64-8d7ad2ee-1000/4fe1f8a6: bytes are not valid utf8
ERROR: logging before google.Init: E0831 01:51:15.829428     210 repo.go:368] failed to create patch for untracked file .scratch/phase19-review-cycle2.bChjfV/node-compile-cache/v26.8.1-x64-8d7ad2ee-1000/50248d19: bytes are not valid utf8
ERROR: logging before google.Init: E0831 01:51:15.829436     210 repo.go:368] failed to create patch for untracked file .scratch/phase19-review-cycle2.bChjfV/node-compile-cache/v26.8.1-x64-8d7ad2ee-1000/5088a5b2: bytes are not valid utf8
ERROR: logging before google.Init: E0831 01:51:15.829444     210 repo.go:368] failed to create patch for untracked file .scratch/phase19-review-cycle2.bChjfV/node-compile-cache/v26.8.1-x64-8d7ad2ee-1000/50a7b1d6: bytes are not valid utf8
ERROR: logging before google.Init: E0831 01:51:15.829452     210 repo.go:368] failed to create patch for untracked file .scratch/phase19-review-cycle2.bChjfV/node-compile-cache/v26.8.1-x64-8d7ad2ee-1000/50b941b1: bytes are not valid utf8
ERROR: logging before google.Init: E0831 01:51:15.829460     210 repo.go:368] failed to create patch for untracked file .scratch/phase19-review-cycle2.bChjfV/node-compile-cache/v26.8.1-x64-8d7ad2ee-1000/50f35ebe: bytes are not valid utf8
ERROR: logging before google.Init: E0831 01:51:15.829468     210 repo.go:368] failed to create patch for untracked file .scratch/phase19-review-cycle2.bChjfV/node-compile-cache/v26.8.1-x64-8d7ad2ee-1000/5119a082: bytes are not valid utf8
ERROR: logging before google.Init: E0831 01:51:15.829477     210 repo.go:368] failed to create patch for untracked file .scratch/phase19-review-cycle2.bChjfV/node-compile-cache/v26.8.1-x64-8d7ad2ee-1000/518e6db2: bytes are not valid utf8
ERROR: logging before google.Init: E0831 01:51:15.829485     210 repo.go:368] failed to create patch for untracked file .scratch/phase19-review-cycle2.bChjfV/node-compile-cache/v26.8.1-x64-8d7ad2ee-1000/5191235d: bytes are not valid utf8
ERROR: logging before google.Init: E0831 01:51:15.829492     210 repo.go:368] failed to create patch for untracked file .scratch/phase19-review-cycle2.bChjfV/node-compile-cache/v26.8.1-x64-8d7ad2ee-1000/52059bbd: bytes are not valid utf8
ERROR: logging before google.Init: E0831 01:51:15.829500     210 repo.go:368] failed to create patch for untracked file .scratch/phase19-review-cycle2.bChjfV/node-compile-cache/v26.8.1-x64-8d7ad2ee-1000/52a098ea: bytes are not valid utf8
ERROR: logging before google.Init: E0831 01:51:15.829508     210 repo.go:368] failed to create patch for untracked file .scratch/phase19-review-cycle2.bChjfV/node-compile-cache/v26.8.1-x64-8d7ad2ee-1000/52db7dd4: bytes are not valid utf8
ERROR: logging before google.Init: E0831 01:51:15.829517     210 repo.go:368] failed to create patch for untracked file .scratch/phase19-review-cycle2.bChjfV/node-compile-cache/v26.8.1-x64-8d7ad2ee-1000/52fc01a1: bytes are not valid utf8
ERROR: logging before google.Init: E0831 01:51:15.829525     210 repo.go:368] failed to create patch for untracked file .scratch/phase19-review-cycle2.bChjfV/node-compile-cache/v26.8.1-x64-8d7ad2ee-1000/5390c10f: bytes are not valid utf8
ERROR: logging before google.Init: E0831 01:51:15.829534     210 repo.go:368] failed to create patch for untracked file .scratch/phase19-review-cycle2.bChjfV/node-compile-cache/v26.8.1-x64-8d7ad2ee-1000/5467f56d: bytes are not valid utf8
ERROR: logging before google.Init: E0831 01:51:15.829542     210 repo.go:368] failed to create patch for untracked file .scratch/phase19-review-cycle2.bChjfV/node-compile-cache/v26.8.1-x64-8d7ad2ee-1000/54709ba1: bytes are not valid utf8
ERROR: logging before google.Init: E0831 01:51:15.829551     210 repo.go:368] failed to create patch for untracked file .scratch/phase19-review-cycle2.bChjfV/node-compile-cache/v26.8.1-x64-8d7ad2ee-1000/55309bda: bytes are not valid utf8
ERROR: logging before google.Init: E0831 01:51:15.829559     210 repo.go:368] failed to create patch for untracked file .scratch/phase19-review-cycle2.bChjfV/node-compile-cache/v26.8.1-x64-8d7ad2ee-1000/5556610b: bytes are not valid utf8
ERROR: logging before google.Init: E0831 01:51:15.829569     210 repo.go:368] failed to create patch for untracked file .scratch/phase19-review-cycle2.bChjfV/node-compile-cache/v26.8.1-x64-8d7ad2ee-1000/55888762: bytes are not valid utf8
ERROR: logging before google.Init: E0831 01:51:15.829578     210 repo.go:368] failed to create patch for untracked file .scratch/phase19-review-cycle2.bChjfV/node-compile-cache/v26.8.1-x64-8d7ad2ee-1000/55920610: bytes are not valid utf8
ERROR: logging before google.Init: E0831 01:51:15.829586     210 repo.go:368] failed to create patch for untracked file .scratch/phase19-review-cycle2.bChjfV/node-compile-cache/v26.8.1-x64-8d7ad2ee-1000/559ad2c2: bytes are not valid utf8
ERROR: logging before google.Init: E0831 01:51:15.829595     210 repo.go:368] failed to create patch for untracked file .scratch/phase19-review-cycle2.bChjfV/node-compile-cache/v26.8.1-x64-8d7ad2ee-1000/563aaba5: bytes are not valid utf8
ERROR: logging before google.Init: E0831 01:51:15.829604     210 repo.go:368] failed to create patch for untracked file .scratch/phase19-review-cycle2.bChjfV/node-compile-cache/v26.8.1-x64-8d7ad2ee-1000/563c5a5b: bytes are not valid utf8
ERROR: logging before google.Init: E0831 01:51:15.829612     210 repo.go:368] failed to create patch for untracked file .scratch/phase19-review-cycle2.bChjfV/node-compile-cache/v26.8.1-x64-8d7ad2ee-1000/58a86747: bytes are not valid utf8
ERROR: logging before google.Init: E0831 01:51:15.829620     210 repo.go:368] failed to create patch for untracked file .scratch/phase19-review-cycle2.bChjfV/node-compile-cache/v26.8.1-x64-8d7ad2ee-1000/59813190: bytes are not valid utf8
ERROR: logging before google.Init: E0831 01:51:15.829629     210 repo.go:368] failed to create patch for untracked file .scratch/phase19-review-cycle2.bChjfV/node-compile-cache/v26.8.1-x64-8d7ad2ee-1000/59c632ba: bytes are not valid utf8
ERROR: logging before google.Init: E0831 01:51:15.829637     210 repo.go:368] failed to create patch for untracked file .scratch/phase19-review-cycle2.bChjfV/node-compile-cache/v26.8.1-x64-8d7ad2ee-1000/5a02de71: bytes are not valid utf8
ERROR: logging before google.Init: E0831 01:51:15.829644     210 repo.go:368] failed to create patch for untracked file .scratch/phase19-review-cycle2.bChjfV/node-compile-cache/v26.8.1-x64-8d7ad2ee-1000/5a2bad40: bytes are not valid utf8
ERROR: logging before google.Init: E0831 01:51:15.829652     210 repo.go:368] failed to create patch for untracked file .scratch/phase19-review-cycle2.bChjfV/node-compile-cache/v26.8.1-x64-8d7ad2ee-1000/5a4f0644: bytes are not valid utf8
ERROR: logging before google.Init: E0831 01:51:15.829661     210 repo.go:368] failed to create patch for untracked file .scratch/phase19-review-cycle2.bChjfV/node-compile-cache/v26.8.1-x64-8d7ad2ee-1000/5b11a02a: bytes are not valid utf8
ERROR: logging before google.Init: E0831 01:51:15.829668     210 repo.go:368] failed to create patch for untracked file .scratch/phase19-review-cycle2.bChjfV/node-compile-cache/v26.8.1-x64-8d7ad2ee-1000/5b85805a: bytes are not valid utf8
ERROR: logging before google.Init: E0831 01:51:15.829676     210 repo.go:368] failed to create patch for untracked file .scratch/phase19-review-cycle2.bChjfV/node-compile-cache/v26.8.1-x64-8d7ad2ee-1000/5c70eb54: bytes are not valid utf8
ERROR: logging before google.Init: E0831 01:51:15.829684     210 repo.go:368] failed to create patch for untracked file .scratch/phase19-review-cycle2.bChjfV/node-compile-cache/v26.8.1-x64-8d7ad2ee-1000/5cb4a584: bytes are not valid utf8
ERROR: logging before google.Init: E0831 01:51:15.829692     210 repo.go:368] failed to create patch for untracked file .scratch/phase19-review-cycle2.bChjfV/node-compile-cache/v26.8.1-x64-8d7ad2ee-1000/5d2f2ae5: bytes are not valid utf8
ERROR: logging before google.Init: E0831 01:51:15.829700     210 repo.go:368] failed to create patch for untracked file .scratch/phase19-review-cycle2.bChjfV/node-compile-cache/v26.8.1-x64-8d7ad2ee-1000/5d92a678: bytes are not valid utf8
ERROR: logging before google.Init: E0831 01:51:15.829707     210 repo.go:368] failed to create patch for untracked file .scratch/phase19-review-cycle2.bChjfV/node-compile-cache/v26.8.1-x64-8d7ad2ee-1000/5dca1a77: bytes are not valid utf8
ERROR: logging before google.Init: E0831 01:51:15.829714     210 repo.go:368] failed to create patch for untracked file .scratch/phase19-review-cycle2.bChjfV/node-compile-cache/v26.8.1-x64-8d7ad2ee-1000/5e8eedb9: bytes are not valid utf8
ERROR: logging before google.Init: E0831 01:51:15.829723     210 repo.go:368] failed to create patch for untracked file .scratch/phase19-review-cycle2.bChjfV/node-compile-cache/v26.8.1-x64-8d7ad2ee-1000/5edebc65: bytes are not valid utf8
ERROR: logging before google.Init: E0831 01:51:15.829731     210 repo.go:368] failed to create patch for untracked file .scratch/phase19-review-cycle2.bChjfV/node-compile-cache/v26.8.1-x64-8d7ad2ee-1000/5f1df0eb: bytes are not valid utf8
ERROR: logging before google.Init: E0831 01:51:15.829739     210 repo.go:368] failed to create patch for untracked file .scratch/phase19-review-cycle2.bChjfV/node-compile-cache/v26.8.1-x64-8d7ad2ee-1000/5f56d863: bytes are not valid utf8
ERROR: logging before google.Init: E0831 01:51:15.829746     210 repo.go:368] failed to create patch for untracked file .scratch/phase19-review-cycle2.bChjfV/node-compile-cache/v26.8.1-x64-8d7ad2ee-1000/5f7e7acf: bytes are not valid utf8
ERROR: logging before google.Init: E0831 01:51:15.829754     210 repo.go:368] failed to create patch for untracked file .scratch/phase19-review-cycle2.bChjfV/node-compile-cache/v26.8.1-x64-8d7ad2ee-1000/5f919d1b: bytes are not valid utf8
ERROR: logging before google.Init: E0831 01:51:15.829761     210 repo.go:368] failed to create patch for untracked file .scratch/phase19-review-cycle2.bChjfV/node-compile-cache/v26.8.1-x64-8d7ad2ee-1000/5fe6ecaf: bytes are not valid utf8
ERROR: logging before google.Init: E0831 01:51:15.829774     210 repo.go:368] failed to create patch for untracked file .scratch/phase19-review-cycle2.bChjfV/node-compile-cache/v26.8.1-x64-8d7ad2ee-1000/6016cac3: bytes are not valid utf8
ERROR: logging before google.Init: E0831 01:51:15.829781     210 repo.go:368] failed to create patch for untracked file .scratch/phase19-review-cycle2.bChjfV/node-compile-cache/v26.8.1-x64-8d7ad2ee-1000/6048ce02: bytes are not valid utf8
ERROR: logging before google.Init: E0831 01:51:15.829790     210 repo.go:368] failed to create patch for untracked file .scratch/phase19-review-cycle2.bChjfV/node-compile-cache/v26.8.1-x64-8d7ad2ee-1000/61f7bb7b: bytes are not valid utf8
ERROR: logging before google.Init: E0831 01:51:15.829798     210 repo.go:368] failed to create patch for untracked file .scratch/phase19-review-cycle2.bChjfV/node-compile-cache/v26.8.1-x64-8d7ad2ee-1000/622b33b0: bytes are not valid utf8
ERROR: logging before google.Init: E0831 01:51:15.829806     210 repo.go:368] failed to create patch for untracked file .scratch/phase19-review-cycle2.bChjfV/node-compile-cache/v26.8.1-x64-8d7ad2ee-1000/62586457: bytes are not valid utf8
ERROR: logging before google.Init: E0831 01:51:15.829813     210 repo.go:368] failed to create patch for untracked file .scratch/phase19-review-cycle2.bChjfV/node-compile-cache/v26.8.1-x64-8d7ad2ee-1000/62ed7fd1: bytes are not valid utf8
ERROR: logging before google.Init: E0831 01:51:15.829822     210 repo.go:368] failed to create patch for untracked file .scratch/phase19-review-cycle2.bChjfV/node-compile-cache/v26.8.1-x64-8d7ad2ee-1000/636599f0: bytes are not valid utf8
ERROR: logging before google.Init: E0831 01:51:15.829830     210 repo.go:368] failed to create patch for untracked file .scratch/phase19-review-cycle2.bChjfV/node-compile-cache/v26.8.1-x64-8d7ad2ee-1000/6522fba8: bytes are not valid utf8
ERROR: logging before google.Init: E0831 01:51:15.829842     210 repo.go:368] failed to create patch for untracked file .scratch/phase19-review-cycle2.bChjfV/node-compile-cache/v26.8.1-x64-8d7ad2ee-1000/65ab8216: bytes are not valid utf8
ERROR: logging before google.Init: E0831 01:51:15.829850     210 repo.go:368] failed to create patch for untracked file .scratch/phase19-review-cycle2.bChjfV/node-compile-cache/v26.8.1-x64-8d7ad2ee-1000/65cde378: bytes are not valid utf8
ERROR: logging before google.Init: E0831 01:51:15.829857     210 repo.go:368] failed to create patch for untracked file .scratch/phase19-review-cycle2.bChjfV/node-compile-cache/v26.8.1-x64-8d7ad2ee-1000/660988f2: bytes are not valid utf8
ERROR: logging before google.Init: E0831 01:51:15.829865     210 repo.go:368] failed to create patch for untracked file .scratch/phase19-review-cycle2.bChjfV/node-compile-cache/v26.8.1-x64-8d7ad2ee-1000/66718a50: bytes are not valid utf8
ERROR: logging before google.Init: E0831 01:51:15.829873     210 repo.go:368] failed to create patch for untracked file .scratch/phase19-review-cycle2.bChjfV/node-compile-cache/v26.8.1-x64-8d7ad2ee-1000/66b0f63a: bytes are not valid utf8
ERROR: logging before google.Init: E0831 01:51:15.829881     210 repo.go:368] failed to create patch for untracked file .scratch/phase19-review-cycle2.bChjfV/node-compile-cache/v26.8.1-x64-8d7ad2ee-1000/6784e3ae: bytes are not valid utf8
ERROR: logging before google.Init: E0831 01:51:15.829888     210 repo.go:368] failed to create patch for untracked file .scratch/phase19-review-cycle2.bChjfV/node-compile-cache/v26.8.1-x64-8d7ad2ee-1000/6824ca7e: bytes are not valid utf8
ERROR: logging before google.Init: E0831 01:51:15.829896     210 repo.go:368] failed to create patch for untracked file .scratch/phase19-review-cycle2.bChjfV/node-compile-cache/v26.8.1-x64-8d7ad2ee-1000/684322c8: bytes are not valid utf8
ERROR: logging before google.Init: E0831 01:51:15.829904     210 repo.go:368] failed to create patch for untracked file .scratch/phase19-review-cycle2.bChjfV/node-compile-cache/v26.8.1-x64-8d7ad2ee-1000/694ec7e6: bytes are not valid utf8
ERROR: logging before google.Init: E0831 01:51:15.829912     210 repo.go:368] failed to create patch for untracked file .scratch/phase19-review-cycle2.bChjfV/node-compile-cache/v26.8.1-x64-8d7ad2ee-1000/6a65a83f: bytes are not valid utf8
ERROR: logging before google.Init: E0831 01:51:15.829919     210 repo.go:368] failed to create patch for untracked file .scratch/phase19-review-cycle2.bChjfV/node-compile-cache/v26.8.1-x64-8d7ad2ee-1000/6a7808c6: bytes are not valid utf8
ERROR: logging before google.Init: E0831 01:51:15.829928     210 repo.go:368] failed to create patch for untracked file .scratch/phase19-review-cycle2.bChjfV/node-compile-cache/v26.8.1-x64-8d7ad2ee-1000/6ae82fed: bytes are not valid utf8
ERROR: logging before google.Init: E0831 01:51:15.829936     210 repo.go:368] failed to create patch for untracked file .scratch/phase19-review-cycle2.bChjfV/node-compile-cache/v26.8.1-x64-8d7ad2ee-1000/6aea0ceb: bytes are not valid utf8
ERROR: logging before google.Init: E0831 01:51:15.829945     210 repo.go:368] failed to create patch for untracked file .scratch/phase19-review-cycle2.bChjfV/node-compile-cache/v26.8.1-x64-8d7ad2ee-1000/6b685747: bytes are not valid utf8
ERROR: logging before google.Init: E0831 01:51:15.829953     210 repo.go:368] failed to create patch for untracked file .scratch/phase19-review-cycle2.bChjfV/node-compile-cache/v26.8.1-x64-8d7ad2ee-1000/6c301b7e: bytes are not valid utf8
ERROR: logging before google.Init: E0831 01:51:15.829961     210 repo.go:368] failed to create patch for untracked file .scratch/phase19-review-cycle2.bChjfV/node-compile-cache/v26.8.1-x64-8d7ad2ee-1000/6c450625: bytes are not valid utf8
ERROR: logging before google.Init: E0831 01:51:15.829969     210 repo.go:368] failed to create patch for untracked file .scratch/phase19-review-cycle2.bChjfV/node-compile-cache/v26.8.1-x64-8d7ad2ee-1000/6c53203c: bytes are not valid utf8
ERROR: logging before google.Init: E0831 01:51:15.829977     210 repo.go:368] failed to create patch for untracked file .scratch/phase19-review-cycle2.bChjfV/node-compile-cache/v26.8.1-x64-8d7ad2ee-1000/6d365289: bytes are not valid utf8
ERROR: logging before google.Init: E0831 01:51:15.829985     210 repo.go:368] failed to create patch for untracked file .scratch/phase19-review-cycle2.bChjfV/node-compile-cache/v26.8.1-x64-8d7ad2ee-1000/6d6d5f1c: bytes are not valid utf8
ERROR: logging before google.Init: E0831 01:51:15.829994     210 repo.go:368] failed to create patch for untracked file .scratch/phase19-review-cycle2.bChjfV/node-compile-cache/v26.8.1-x64-8d7ad2ee-1000/6e21950d: bytes are not valid utf8
ERROR: logging before google.Init: E0831 01:51:15.830001     210 repo.go:368] failed to create patch for untracked file .scratch/phase19-review-cycle2.bChjfV/node-compile-cache/v26.8.1-x64-8d7ad2ee-1000/6f06e5c8: bytes are not valid utf8
ERROR: logging before google.Init: E0831 01:51:15.830008     210 repo.go:368] failed to create patch for untracked file .scratch/phase19-review-cycle2.bChjfV/node-compile-cache/v26.8.1-x64-8d7ad2ee-1000/70ea9bd2: bytes are not valid utf8
ERROR: logging before google.Init: E0831 01:51:15.830016     210 repo.go:368] failed to create patch for untracked file .scratch/phase19-review-cycle2.bChjfV/node-compile-cache/v26.8.1-x64-8d7ad2ee-1000/71670fc7: bytes are not valid utf8
ERROR: logging before google.Init: E0831 01:51:15.830025     210 repo.go:368] failed to create patch for untracked file .scratch/phase19-review-cycle2.bChjfV/node-compile-cache/v26.8.1-x64-8d7ad2ee-1000/72440b2a: bytes are not valid utf8
ERROR: logging before google.Init: E0831 01:51:15.830033     210 repo.go:368] failed to create patch for untracked file .scratch/phase19-review-cycle2.bChjfV/node-compile-cache/v26.8.1-x64-8d7ad2ee-1000/7264f2d9: bytes are not valid utf8
ERROR: logging before google.Init: E0831 01:51:15.830041     210 repo.go:368] failed to create patch for untracked file .scratch/phase19-review-cycle2.bChjfV/node-compile-cache/v26.8.1-x64-8d7ad2ee-1000/73dc70c8: bytes are not valid utf8
ERROR: logging before google.Init: E0831 01:51:15.830049     210 repo.go:368] failed to create patch for untracked file .scratch/phase19-review-cycle2.bChjfV/node-compile-cache/v26.8.1-x64-8d7ad2ee-1000/73e61496: bytes are not valid utf8
ERROR: logging before google.Init: E0831 01:51:15.830057     210 repo.go:368] failed to create patch for untracked file .scratch/phase19-review-cycle2.bChjfV/node-compile-cache/v26.8.1-x64-8d7ad2ee-1000/744355f7: bytes are not valid utf8
ERROR: logging before google.Init: E0831 01:51:15.830064     210 repo.go:368] failed to create patch for untracked file .scratch/phase19-review-cycle2.bChjfV/node-compile-cache/v26.8.1-x64-8d7ad2ee-1000/753fef06: bytes are not valid utf8
ERROR: logging before google.Init: E0831 01:51:15.830073     210 repo.go:368] failed to create patch for untracked file .scratch/phase19-review-cycle2.bChjfV/node-compile-cache/v26.8.1-x64-8d7ad2ee-1000/7566a99c: bytes are not valid utf8
ERROR: logging before google.Init: E0831 01:51:15.830081     210 repo.go:368] failed to create patch for untracked file .scratch/phase19-review-cycle2.bChjfV/node-compile-cache/v26.8.1-x64-8d7ad2ee-1000/758cf23f: bytes are not valid utf8
ERROR: logging before google.Init: E0831 01:51:15.830095     210 repo.go:368] failed to create patch for untracked file .scratch/phase19-review-cycle2.bChjfV/node-compile-cache/v26.8.1-x64-8d7ad2ee-1000/76499fec: bytes are not valid utf8
ERROR: logging before google.Init: E0831 01:51:15.830103     210 repo.go:368] failed to create patch for untracked file .scratch/phase19-review-cycle2.bChjfV/node-compile-cache/v26.8.1-x64-8d7ad2ee-1000/764f1fcf: bytes are not valid utf8
ERROR: logging before google.Init: E0831 01:51:15.830111     210 repo.go:368] failed to create patch for untracked file .scratch/phase19-review-cycle2.bChjfV/node-compile-cache/v26.8.1-x64-8d7ad2ee-1000/77f31fbb: bytes are not valid utf8
ERROR: logging before google.Init: E0831 01:51:15.830118     210 repo.go:368] failed to create patch for untracked file .scratch/phase19-review-cycle2.bChjfV/node-compile-cache/v26.8.1-x64-8d7ad2ee-1000/781b61c0: bytes are not valid utf8
ERROR: logging before google.Init: E0831 01:51:15.830126     210 repo.go:368] failed to create patch for untracked file .scratch/phase19-review-cycle2.bChjfV/node-compile-cache/v26.8.1-x64-8d7ad2ee-1000/78b374bb: bytes are not valid utf8
ERROR: logging before google.Init: E0831 01:51:15.830139     210 repo.go:368] failed to create patch for untracked file .scratch/phase19-review-cycle2.bChjfV/node-compile-cache/v26.8.1-x64-8d7ad2ee-1000/78e935bf: bytes are not valid utf8
ERROR: logging before google.Init: E0831 01:51:15.830146     210 repo.go:368] failed to create patch for untracked file .scratch/phase19-review-cycle2.bChjfV/node-compile-cache/v26.8.1-x64-8d7ad2ee-1000/78ec12fe: bytes are not valid utf8
ERROR: logging before google.Init: E0831 01:51:15.830155     210 repo.go:368] failed to create patch for untracked file .scratch/phase19-review-cycle2.bChjfV/node-compile-cache/v26.8.1-x64-8d7ad2ee-1000/7a29d76e: bytes are not valid utf8
ERROR: logging before google.Init: E0831 01:51:15.830163     210 repo.go:368] failed to create patch for untracked file .scratch/phase19-review-cycle2.bChjfV/node-compile-cache/v26.8.1-x64-8d7ad2ee-1000/7a4cedbe: bytes are not valid utf8
ERROR: logging before google.Init: E0831 01:51:15.830170     210 repo.go:368] failed to create patch for untracked file .scratch/phase19-review-cycle2.bChjfV/node-compile-cache/v26.8.1-x64-8d7ad2ee-1000/7a9833a6: bytes are not valid utf8
ERROR: logging before google.Init: E0831 01:51:15.830178     210 repo.go:368] failed to create patch for untracked file .scratch/phase19-review-cycle2.bChjfV/node-compile-cache/v26.8.1-x64-8d7ad2ee-1000/7ba1b446: bytes are not valid utf8
ERROR: logging before google.Init: E0831 01:51:15.830185     210 repo.go:368] failed to create patch for untracked file .scratch/phase19-review-cycle2.bChjfV/node-compile-cache/v26.8.1-x64-8d7ad2ee-1000/7c63e190: bytes are not valid utf8
ERROR: logging before google.Init: E0831 01:51:15.830192     210 repo.go:368] failed to create patch for untracked file .scratch/phase19-review-cycle2.bChjfV/node-compile-cache/v26.8.1-x64-8d7ad2ee-1000/7d43326e: bytes are not valid utf8
ERROR: logging before google.Init: E0831 01:51:15.830200     210 repo.go:368] failed to create patch for untracked file .scratch/phase19-review-cycle2.bChjfV/node-compile-cache/v26.8.1-x64-8d7ad2ee-1000/7d9fc342: bytes are not valid utf8
ERROR: logging before google.Init: E0831 01:51:15.830207     210 repo.go:368] failed to create patch for untracked file .scratch/phase19-review-cycle2.bChjfV/node-compile-cache/v26.8.1-x64-8d7ad2ee-1000/7eed8663: bytes are not valid utf8
ERROR: logging before google.Init: E0831 01:51:15.830216     210 repo.go:368] failed to create patch for untracked file .scratch/phase19-review-cycle2.bChjfV/node-compile-cache/v26.8.1-x64-8d7ad2ee-1000/7f33eb18: bytes are not valid utf8
ERROR: logging before google.Init: E0831 01:51:15.830223     210 repo.go:368] failed to create patch for untracked file .scratch/phase19-review-cycle2.bChjfV/node-compile-cache/v26.8.1-x64-8d7ad2ee-1000/7f8f0416: bytes are not valid utf8
ERROR: logging before google.Init: E0831 01:51:15.830232     210 repo.go:368] failed to create patch for untracked file .scratch/phase19-review-cycle2.bChjfV/node-compile-cache/v26.8.1-x64-8d7ad2ee-1000/7faaa2b7: bytes are not valid utf8
ERROR: logging before google.Init: E0831 01:51:15.830239     210 repo.go:368] failed to create patch for untracked file .scratch/phase19-review-cycle2.bChjfV/node-compile-cache/v26.8.1-x64-8d7ad2ee-1000/7fc846f5: bytes are not valid utf8
ERROR: logging before google.Init: E0831 01:51:15.830247     210 repo.go:368] failed to create patch for untracked file .scratch/phase19-review-cycle2.bChjfV/node-compile-cache/v26.8.1-x64-8d7ad2ee-1000/804cf119: bytes are not valid utf8
ERROR: logging before google.Init: E0831 01:51:15.830256     210 repo.go:368] failed to create patch for untracked file .scratch/phase19-review-cycle2.bChjfV/node-compile-cache/v26.8.1-x64-8d7ad2ee-1000/80623fd1: bytes are not valid utf8
ERROR: logging before google.Init: E0831 01:51:15.830264     210 repo.go:368] failed to create patch for untracked file .scratch/phase19-review-cycle2.bChjfV/node-compile-cache/v26.8.1-x64-8d7ad2ee-1000/80cea747: bytes are not valid utf8
ERROR: logging before google.Init: E0831 01:51:15.830271     210 repo.go:368] failed to create patch for untracked file .scratch/phase19-review-cycle2.bChjfV/node-compile-cache/v26.8.1-x64-8d7ad2ee-1000/80d419f1: bytes are not valid utf8
ERROR: logging before google.Init: E0831 01:51:15.830279     210 repo.go:368] failed to create patch for untracked file .scratch/phase19-review-cycle2.bChjfV/node-compile-cache/v26.8.1-x64-8d7ad2ee-1000/80e0f000: bytes are not valid utf8
ERROR: logging before google.Init: E0831 01:51:15.830287     210 repo.go:368] failed to create patch for untracked file .scratch/phase19-review-cycle2.bChjfV/node-compile-cache/v26.8.1-x64-8d7ad2ee-1000/8166bce3: bytes are not valid utf8
ERROR: logging before google.Init: E0831 01:51:15.830295     210 repo.go:368] failed to create patch for untracked file .scratch/phase19-review-cycle2.bChjfV/node-compile-cache/v26.8.1-x64-8d7ad2ee-1000/819fbc00: bytes are not valid utf8
ERROR: logging before google.Init: E0831 01:51:15.830303     210 repo.go:368] failed to create patch for untracked file .scratch/phase19-review-cycle2.bChjfV/node-compile-cache/v26.8.1-x64-8d7ad2ee-1000/8235ed93: bytes are not valid utf8
ERROR: logging before google.Init: E0831 01:51:15.830310     210 repo.go:368] failed to create patch for untracked file .scratch/phase19-review-cycle2.bChjfV/node-compile-cache/v26.8.1-x64-8d7ad2ee-1000/82c56f9d: bytes are not valid utf8
ERROR: logging before google.Init: E0831 01:51:15.830318     210 repo.go:368] failed to create patch for untracked file .scratch/phase19-review-cycle2.bChjfV/node-compile-cache/v26.8.1-x64-8d7ad2ee-1000/82ffa636: bytes are not valid utf8
ERROR: logging before google.Init: E0831 01:51:15.830326     210 repo.go:368] failed to create patch for untracked file .scratch/phase19-review-cycle2.bChjfV/node-compile-cache/v26.8.1-x64-8d7ad2ee-1000/83412358: bytes are not valid utf8
ERROR: logging before google.Init: E0831 01:51:15.830333     210 repo.go:368] failed to create patch for untracked file .scratch/phase19-review-cycle2.bChjfV/node-compile-cache/v26.8.1-x64-8d7ad2ee-1000/84171089: bytes are not valid utf8
ERROR: logging before google.Init: E0831 01:51:15.830341     210 repo.go:368] failed to create patch for untracked file .scratch/phase19-review-cycle2.bChjfV/node-compile-cache/v26.8.1-x64-8d7ad2ee-1000/844075b3: bytes are not valid utf8
ERROR: logging before google.Init: E0831 01:51:15.830349     210 repo.go:368] failed to create patch for untracked file .scratch/phase19-review-cycle2.bChjfV/node-compile-cache/v26.8.1-x64-8d7ad2ee-1000/8480710b: bytes are not valid utf8
ERROR: logging before google.Init: E0831 01:51:15.830356     210 repo.go:368] failed to create patch for untracked file .scratch/phase19-review-cycle2.bChjfV/node-compile-cache/v26.8.1-x64-8d7ad2ee-1000/85ee96ac: bytes are not valid utf8
ERROR: logging before google.Init: E0831 01:51:15.830363     210 repo.go:368] failed to create patch for untracked file .scratch/phase19-review-cycle2.bChjfV/node-compile-cache/v26.8.1-x64-8d7ad2ee-1000/86d3f244: bytes are not valid utf8
ERROR: logging before google.Init: E0831 01:51:15.830370     210 repo.go:368] failed to create patch for untracked file .scratch/phase19-review-cycle2.bChjfV/node-compile-cache/v26.8.1-x64-8d7ad2ee-1000/87e9eef0: bytes are not valid utf8
ERROR: logging before google.Init: E0831 01:51:15.830378     210 repo.go:368] failed to create patch for untracked file .scratch/phase19-review-cycle2.bChjfV/node-compile-cache/v26.8.1-x64-8d7ad2ee-1000/8840590a: bytes are not valid utf8
ERROR: logging before google.Init: E0831 01:51:15.830386     210 repo.go:368] failed to create patch for untracked file .scratch/phase19-review-cycle2.bChjfV/node-compile-cache/v26.8.1-x64-8d7ad2ee-1000/888c8220: bytes are not valid utf8
ERROR: logging before google.Init: E0831 01:51:15.830393     210 repo.go:368] failed to create patch for untracked file .scratch/phase19-review-cycle2.bChjfV/node-compile-cache/v26.8.1-x64-8d7ad2ee-1000/88d80057: bytes are not valid utf8
ERROR: logging before google.Init: E0831 01:51:15.830401     210 repo.go:368] failed to create patch for untracked file .scratch/phase19-review-cycle2.bChjfV/node-compile-cache/v26.8.1-x64-8d7ad2ee-1000/88e0f645: bytes are not valid utf8
ERROR: logging before google.Init: E0831 01:51:15.830409     210 repo.go:368] failed to create patch for untracked file .scratch/phase19-review-cycle2.bChjfV/node-compile-cache/v26.8.1-x64-8d7ad2ee-1000/88f715d0: bytes are not valid utf8
ERROR: logging before google.Init: E0831 01:51:15.830417     210 repo.go:368] failed to create patch for untracked file .scratch/phase19-review-cycle2.bChjfV/node-compile-cache/v26.8.1-x64-8d7ad2ee-1000/89a78b27: bytes are not valid utf8
ERROR: logging before google.Init: E0831 01:51:15.830424     210 repo.go:368] failed to create patch for untracked file .scratch/phase19-review-cycle2.bChjfV/node-compile-cache/v26.8.1-x64-8d7ad2ee-1000/89adba7c: bytes are not valid utf8
ERROR: logging before google.Init: E0831 01:51:15.830432     210 repo.go:368] failed to create patch for untracked file .scratch/phase19-review-cycle2.bChjfV/node-compile-cache/v26.8.1-x64-8d7ad2ee-1000/8aa2de4d: bytes are not valid utf8
ERROR: logging before google.Init: E0831 01:51:15.830440     210 repo.go:368] failed to create patch for untracked file .scratch/phase19-review-cycle2.bChjfV/node-compile-cache/v26.8.1-x64-8d7ad2ee-1000/8b0142f4: bytes are not valid utf8
ERROR: logging before google.Init: E0831 01:51:15.830447     210 repo.go:368] failed to create patch for untracked file .scratch/phase19-review-cycle2.bChjfV/node-compile-cache/v26.8.1-x64-8d7ad2ee-1000/8c431d24: bytes are not valid utf8
ERROR: logging before google.Init: E0831 01:51:15.830454     210 repo.go:368] failed to create patch for untracked file .scratch/phase19-review-cycle2.bChjfV/node-compile-cache/v26.8.1-x64-8d7ad2ee-1000/8cee33a3: bytes are not valid utf8
ERROR: logging before google.Init: E0831 01:51:15.830461     210 repo.go:368] failed to create patch for untracked file .scratch/phase19-review-cycle2.bChjfV/node-compile-cache/v26.8.1-x64-8d7ad2ee-1000/8d921cb6: bytes are not valid utf8
ERROR: logging before google.Init: E0831 01:51:15.830470     210 repo.go:368] failed to create patch for untracked file .scratch/phase19-review-cycle2.bChjfV/node-compile-cache/v26.8.1-x64-8d7ad2ee-1000/8e77503a: bytes are not valid utf8
ERROR: logging before google.Init: E0831 01:51:15.830477     210 repo.go:368] failed to create patch for untracked file .scratch/phase19-review-cycle2.bChjfV/node-compile-cache/v26.8.1-x64-8d7ad2ee-1000/8f0d912a: bytes are not valid utf8
ERROR: logging before google.Init: E0831 01:51:15.830485     210 repo.go:368] failed to create patch for untracked file .scratch/phase19-review-cycle2.bChjfV/node-compile-cache/v26.8.1-x64-8d7ad2ee-1000/8fd2d67a: bytes are not valid utf8
ERROR: logging before google.Init: E0831 01:51:15.830493     210 repo.go:368] failed to create patch for untracked file .scratch/phase19-review-cycle2.bChjfV/node-compile-cache/v26.8.1-x64-8d7ad2ee-1000/8fec5c6a: bytes are not valid utf8
ERROR: logging before google.Init: E0831 01:51:15.830501     210 repo.go:368] failed to create patch for untracked file .scratch/phase19-review-cycle2.bChjfV/node-compile-cache/v26.8.1-x64-8d7ad2ee-1000/90014fac: bytes are not valid utf8
ERROR: logging before google.Init: E0831 01:51:15.830514     210 repo.go:368] failed to create patch for untracked file .scratch/phase19-review-cycle2.bChjfV/node-compile-cache/v26.8.1-x64-8d7ad2ee-1000/90925e8d: bytes are not valid utf8
ERROR: logging before google.Init: E0831 01:51:15.830522     210 repo.go:368] failed to create patch for untracked file .scratch/phase19-review-cycle2.bChjfV/node-compile-cache/v26.8.1-x64-8d7ad2ee-1000/9200ae60: bytes are not valid utf8
ERROR: logging before google.Init: E0831 01:51:15.830529     210 repo.go:368] failed to create patch for untracked file .scratch/phase19-review-cycle2.bChjfV/node-compile-cache/v26.8.1-x64-8d7ad2ee-1000/9222b63d: bytes are not valid utf8
ERROR: logging before google.Init: E0831 01:51:15.830537     210 repo.go:368] failed to create patch for untracked file .scratch/phase19-review-cycle2.bChjfV/node-compile-cache/v26.8.1-x64-8d7ad2ee-1000/923b43eb: bytes are not valid utf8
ERROR: logging before google.Init: E0831 01:51:15.830545     210 repo.go:368] failed to create patch for untracked file .scratch/phase19-review-cycle2.bChjfV/node-compile-cache/v26.8.1-x64-8d7ad2ee-1000/92e8e3a2: bytes are not valid utf8
ERROR: logging before google.Init: E0831 01:51:15.830554     210 repo.go:368] failed to create patch for untracked file .scratch/phase19-review-cycle2.bChjfV/node-compile-cache/v26.8.1-x64-8d7ad2ee-1000/94aced3c: bytes are not valid utf8
ERROR: logging before google.Init: E0831 01:51:15.830561     210 repo.go:368] failed to create patch for untracked file .scratch/phase19-review-cycle2.bChjfV/node-compile-cache/v26.8.1-x64-8d7ad2ee-1000/94cd4d86: bytes are not valid utf8
ERROR: logging before google.Init: E0831 01:51:15.830569     210 repo.go:368] failed to create patch for untracked file .scratch/phase19-review-cycle2.bChjfV/node-compile-cache/v26.8.1-x64-8d7ad2ee-1000/954df96b: bytes are not valid utf8
ERROR: logging before google.Init: E0831 01:51:15.830577     210 repo.go:368] failed to create patch for untracked file .scratch/phase19-review-cycle2.bChjfV/node-compile-cache/v26.8.1-x64-8d7ad2ee-1000/95847940: bytes are not valid utf8
ERROR: logging before google.Init: E0831 01:51:15.830585     210 repo.go:368] failed to create patch for untracked file .scratch/phase19-review-cycle2.bChjfV/node-compile-cache/v26.8.1-x64-8d7ad2ee-1000/9597e005: bytes are not valid utf8
ERROR: logging before google.Init: E0831 01:51:15.830594     210 repo.go:368] failed to create patch for untracked file .scratch/phase19-review-cycle2.bChjfV/node-compile-cache/v26.8.1-x64-8d7ad2ee-1000/973c40c2: bytes are not valid utf8
ERROR: logging before google.Init: E0831 01:51:15.830636     210 repo.go:368] failed to create patch for untracked file .scratch/phase19-review-cycle2.bChjfV/node-compile-cache/v26.8.1-x64-8d7ad2ee-1000/97e2a22a: bytes are not valid utf8
ERROR: logging before google.Init: E0831 01:51:15.830661     210 repo.go:368] failed to create patch for untracked file .scratch/phase19-review-cycle2.bChjfV/node-compile-cache/v26.8.1-x64-8d7ad2ee-1000/97ea8261: bytes are not valid utf8
ERROR: logging before google.Init: E0831 01:51:15.830671     210 repo.go:368] failed to create patch for untracked file .scratch/phase19-review-cycle2.bChjfV/node-compile-cache/v26.8.1-x64-8d7ad2ee-1000/9858c0ef: bytes are not valid utf8
ERROR: logging before google.Init: E0831 01:51:15.830682     210 repo.go:368] failed to create patch for untracked file .scratch/phase19-review-cycle2.bChjfV/node-compile-cache/v26.8.1-x64-8d7ad2ee-1000/98f34ccb: bytes are not valid utf8
ERROR: logging before google.Init: E0831 01:51:15.830692     210 repo.go:368] failed to create patch for untracked file .scratch/phase19-review-cycle2.bChjfV/node-compile-cache/v26.8.1-x64-8d7ad2ee-1000/992bebce: bytes are not valid utf8
ERROR: logging before google.Init: E0831 01:51:15.830701     210 repo.go:368] failed to create patch for untracked file .scratch/phase19-review-cycle2.bChjfV/node-compile-cache/v26.8.1-x64-8d7ad2ee-1000/99757a15: bytes are not valid utf8
ERROR: logging before google.Init: E0831 01:51:15.830711     210 repo.go:368] failed to create patch for untracked file .scratch/phase19-review-cycle2.bChjfV/node-compile-cache/v26.8.1-x64-8d7ad2ee-1000/99b6a49a: bytes are not valid utf8
ERROR: logging before google.Init: E0831 01:51:15.830719     210 repo.go:368] failed to create patch for untracked file .scratch/phase19-review-cycle2.bChjfV/node-compile-cache/v26.8.1-x64-8d7ad2ee-1000/99b73f3a: bytes are not valid utf8
ERROR: logging before google.Init: E0831 01:51:15.830729     210 repo.go:368] failed to create patch for untracked file .scratch/phase19-review-cycle2.bChjfV/node-compile-cache/v26.8.1-x64-8d7ad2ee-1000/9af85e0f: bytes are not valid utf8
ERROR: logging before google.Init: E0831 01:51:15.830738     210 repo.go:368] failed to create patch for untracked file .scratch/phase19-review-cycle2.bChjfV/node-compile-cache/v26.8.1-x64-8d7ad2ee-1000/9b798567: bytes are not valid utf8
ERROR: logging before google.Init: E0831 01:51:15.830748     210 repo.go:368] failed to create patch for untracked file .scratch/phase19-review-cycle2.bChjfV/node-compile-cache/v26.8.1-x64-8d7ad2ee-1000/9b8bdc7b: bytes are not valid utf8
ERROR: logging before google.Init: E0831 01:51:15.830758     210 repo.go:368] failed to create patch for untracked file .scratch/phase19-review-cycle2.bChjfV/node-compile-cache/v26.8.1-x64-8d7ad2ee-1000/9c0221fb: bytes are not valid utf8
ERROR: logging before google.Init: E0831 01:51:15.830767     210 repo.go:368] failed to create patch for untracked file .scratch/phase19-review-cycle2.bChjfV/node-compile-cache/v26.8.1-x64-8d7ad2ee-1000/9c02fb6b: bytes are not valid utf8
ERROR: logging before google.Init: E0831 01:51:15.830777     210 repo.go:368] failed to create patch for untracked file .scratch/phase19-review-cycle2.bChjfV/node-compile-cache/v26.8.1-x64-8d7ad2ee-1000/9c1a7992: bytes are not valid utf8
ERROR: logging before google.Init: E0831 01:51:15.830787     210 repo.go:368] failed to create patch for untracked file .scratch/phase19-review-cycle2.bChjfV/node-compile-cache/v26.8.1-x64-8d7ad2ee-1000/9c2a21eb: bytes are not valid utf8
ERROR: logging before google.Init: E0831 01:51:15.830799     210 repo.go:368] failed to create patch for untracked file .scratch/phase19-review-cycle2.bChjfV/node-compile-cache/v26.8.1-x64-8d7ad2ee-1000/9c3fa6ef: bytes are not valid utf8
ERROR: logging before google.Init: E0831 01:51:15.830809     210 repo.go:368] failed to create patch for untracked file .scratch/phase19-review-cycle2.bChjfV/node-compile-cache/v26.8.1-x64-8d7ad2ee-1000/9c56a88b: bytes are not valid utf8
ERROR: logging before google.Init: E0831 01:51:15.830821     210 repo.go:368] failed to create patch for untracked file .scratch/phase19-review-cycle2.bChjfV/node-compile-cache/v26.8.1-x64-8d7ad2ee-1000/9c667eb9: bytes are not valid utf8
ERROR: logging before google.Init: E0831 01:51:15.830829     210 repo.go:368] failed to create patch for untracked file .scratch/phase19-review-cycle2.bChjfV/node-compile-cache/v26.8.1-x64-8d7ad2ee-1000/9c6a3dce: bytes are not valid utf8
ERROR: logging before google.Init: E0831 01:51:15.830838     210 repo.go:368] failed to create patch for untracked file .scratch/phase19-review-cycle2.bChjfV/node-compile-cache/v26.8.1-x64-8d7ad2ee-1000/9ccf5632: bytes are not valid utf8
ERROR: logging before google.Init: E0831 01:51:15.830847     210 repo.go:368] failed to create patch for untracked file .scratch/phase19-review-cycle2.bChjfV/node-compile-cache/v26.8.1-x64-8d7ad2ee-1000/9d887cbe: bytes are not valid utf8
ERROR: logging before google.Init: E0831 01:51:15.830855     210 repo.go:368] failed to create patch for untracked file .scratch/phase19-review-cycle2.bChjfV/node-compile-cache/v26.8.1-x64-8d7ad2ee-1000/9e25568a: bytes are not valid utf8
ERROR: logging before google.Init: E0831 01:51:15.830864     210 repo.go:368] failed to create patch for untracked file .scratch/phase19-review-cycle2.bChjfV/node-compile-cache/v26.8.1-x64-8d7ad2ee-1000/9e724a52: bytes are not valid utf8
ERROR: logging before google.Init: E0831 01:51:15.830875     210 repo.go:368] failed to create patch for untracked file .scratch/phase19-review-cycle2.bChjfV/node-compile-cache/v26.8.1-x64-8d7ad2ee-1000/9f2a355d: bytes are not valid utf8
ERROR: logging before google.Init: E0831 01:51:15.830884     210 repo.go:368] failed to create patch for untracked file .scratch/phase19-review-cycle2.bChjfV/node-compile-cache/v26.8.1-x64-8d7ad2ee-1000/9f9db43a: bytes are not valid utf8
ERROR: logging before google.Init: E0831 01:51:15.830892     210 repo.go:368] failed to create patch for untracked file .scratch/phase19-review-cycle2.bChjfV/node-compile-cache/v26.8.1-x64-8d7ad2ee-1000/a089927c: bytes are not valid utf8
ERROR: logging before google.Init: E0831 01:51:15.830900     210 repo.go:368] failed to create patch for untracked file .scratch/phase19-review-cycle2.bChjfV/node-compile-cache/v26.8.1-x64-8d7ad2ee-1000/a0e6c283: bytes are not valid utf8
ERROR: logging before google.Init: E0831 01:51:15.830909     210 repo.go:368] failed to create patch for untracked file .scratch/phase19-review-cycle2.bChjfV/node-compile-cache/v26.8.1-x64-8d7ad2ee-1000/a271b133: bytes are not valid utf8
ERROR: logging before google.Init: E0831 01:51:15.830918     210 repo.go:368] failed to create patch for untracked file .scratch/phase19-review-cycle2.bChjfV/node-compile-cache/v26.8.1-x64-8d7ad2ee-1000/a28a8663: bytes are not valid utf8
ERROR: logging before google.Init: E0831 01:51:15.830926     210 repo.go:368] failed to create patch for untracked file .scratch/phase19-review-cycle2.bChjfV/node-compile-cache/v26.8.1-x64-8d7ad2ee-1000/a2a3e151: bytes are not valid utf8
ERROR: logging before google.Init: E0831 01:51:15.830935     210 repo.go:368] failed to create patch for untracked file .scratch/phase19-review-cycle2.bChjfV/node-compile-cache/v26.8.1-x64-8d7ad2ee-1000/a339d434: bytes are not valid utf8
ERROR: logging before google.Init: E0831 01:51:15.830944     210 repo.go:368] failed to create patch for untracked file .scratch/phase19-review-cycle2.bChjfV/node-compile-cache/v26.8.1-x64-8d7ad2ee-1000/a3cd86f4: bytes are not valid utf8
ERROR: logging before google.Init: E0831 01:51:15.830952     210 repo.go:368] failed to create patch for untracked file .scratch/phase19-review-cycle2.bChjfV/node-compile-cache/v26.8.1-x64-8d7ad2ee-1000/a490d57b: bytes are not valid utf8
ERROR: logging before google.Init: E0831 01:51:15.830961     210 repo.go:368] failed to create patch for untracked file .scratch/phase19-review-cycle2.bChjfV/node-compile-cache/v26.8.1-x64-8d7ad2ee-1000/a5bdcdc2: bytes are not valid utf8
ERROR: logging before google.Init: E0831 01:51:15.830969     210 repo.go:368] failed to create patch for untracked file .scratch/phase19-review-cycle2.bChjfV/node-compile-cache/v26.8.1-x64-8d7ad2ee-1000/a5d5052b: bytes are not valid utf8
ERROR: logging before google.Init: E0831 01:51:15.830977     210 repo.go:368] failed to create patch for untracked file .scratch/phase19-review-cycle2.bChjfV/node-compile-cache/v26.8.1-x64-8d7ad2ee-1000/a6305dfb: bytes are not valid utf8
ERROR: logging before google.Init: E0831 01:51:15.830985     210 repo.go:368] failed to create patch for untracked file .scratch/phase19-review-cycle2.bChjfV/node-compile-cache/v26.8.1-x64-8d7ad2ee-1000/a6983ac8: bytes are not valid utf8
ERROR: logging before google.Init: E0831 01:51:15.830994     210 repo.go:368] failed to create patch for untracked file .scratch/phase19-review-cycle2.bChjfV/node-compile-cache/v26.8.1-x64-8d7ad2ee-1000/a6a586d8: bytes are not valid utf8
ERROR: logging before google.Init: E0831 01:51:15.831001     210 repo.go:368] failed to create patch for untracked file .scratch/phase19-review-cycle2.bChjfV/node-compile-cache/v26.8.1-x64-8d7ad2ee-1000/a86547b7: bytes are not valid utf8
ERROR: logging before google.Init: E0831 01:51:15.831011     210 repo.go:368] failed to create patch for untracked file .scratch/phase19-review-cycle2.bChjfV/node-compile-cache/v26.8.1-x64-8d7ad2ee-1000/a98da92f: bytes are not valid utf8
ERROR: logging before google.Init: E0831 01:51:15.831020     210 repo.go:368] failed to create patch for untracked file .scratch/phase19-review-cycle2.bChjfV/node-compile-cache/v26.8.1-x64-8d7ad2ee-1000/a98e7733: bytes are not valid utf8
ERROR: logging before google.Init: E0831 01:51:15.831028     210 repo.go:368] failed to create patch for untracked file .scratch/phase19-review-cycle2.bChjfV/node-compile-cache/v26.8.1-x64-8d7ad2ee-1000/a9a31f40: bytes are not valid utf8
ERROR: logging before google.Init: E0831 01:51:15.831036     210 repo.go:368] failed to create patch for untracked file .scratch/phase19-review-cycle2.bChjfV/node-compile-cache/v26.8.1-x64-8d7ad2ee-1000/a9df960c: bytes are not valid utf8
ERROR: logging before google.Init: E0831 01:51:15.831044     210 repo.go:368] failed to create patch for untracked file .scratch/phase19-review-cycle2.bChjfV/node-compile-cache/v26.8.1-x64-8d7ad2ee-1000/aa742600: bytes are not valid utf8
ERROR: logging before google.Init: E0831 01:51:15.831053     210 repo.go:368] failed to create patch for untracked file .scratch/phase19-review-cycle2.bChjfV/node-compile-cache/v26.8.1-x64-8d7ad2ee-1000/aa862e85: bytes are not valid utf8
ERROR: logging before google.Init: E0831 01:51:15.831069     210 repo.go:368] failed to create patch for untracked file .scratch/phase19-review-cycle2.bChjfV/node-compile-cache/v26.8.1-x64-8d7ad2ee-1000/aaff74f9: bytes are not valid utf8
ERROR: logging before google.Init: E0831 01:51:15.831077     210 repo.go:368] failed to create patch for untracked file .scratch/phase19-review-cycle2.bChjfV/node-compile-cache/v26.8.1-x64-8d7ad2ee-1000/ab50a3c6: bytes are not valid utf8
ERROR: logging before google.Init: E0831 01:51:15.831085     210 repo.go:368] failed to create patch for untracked file .scratch/phase19-review-cycle2.bChjfV/node-compile-cache/v26.8.1-x64-8d7ad2ee-1000/abaad1bb: bytes are not valid utf8
ERROR: logging before google.Init: E0831 01:51:15.831094     210 repo.go:368] failed to create patch for untracked file .scratch/phase19-review-cycle2.bChjfV/node-compile-cache/v26.8.1-x64-8d7ad2ee-1000/ac2bd971: bytes are not valid utf8
ERROR: logging before google.Init: E0831 01:51:15.831103     210 repo.go:368] failed to create patch for untracked file .scratch/phase19-review-cycle2.bChjfV/node-compile-cache/v26.8.1-x64-8d7ad2ee-1000/acddb56f: bytes are not valid utf8
ERROR: logging before google.Init: E0831 01:51:15.831113     210 repo.go:368] failed to create patch for untracked file .scratch/phase19-review-cycle2.bChjfV/node-compile-cache/v26.8.1-x64-8d7ad2ee-1000/acfd8818: bytes are not valid utf8
ERROR: logging before google.Init: E0831 01:51:15.831122     210 repo.go:368] failed to create patch for untracked file .scratch/phase19-review-cycle2.bChjfV/node-compile-cache/v26.8.1-x64-8d7ad2ee-1000/ad1d190c: bytes are not valid utf8
ERROR: logging before google.Init: E0831 01:51:15.831130     210 repo.go:368] failed to create patch for untracked file .scratch/phase19-review-cycle2.bChjfV/node-compile-cache/v26.8.1-x64-8d7ad2ee-1000/ad4a0ba9: bytes are not valid utf8
ERROR: logging before google.Init: E0831 01:51:15.831137     210 repo.go:368] failed to create patch for untracked file .scratch/phase19-review-cycle2.bChjfV/node-compile-cache/v26.8.1-x64-8d7ad2ee-1000/ae2aa98b: bytes are not valid utf8
ERROR: logging before google.Init: E0831 01:51:15.831145     210 repo.go:368] failed to create patch for untracked file .scratch/phase19-review-cycle2.bChjfV/node-compile-cache/v26.8.1-x64-8d7ad2ee-1000/ae5cd13f: bytes are not valid utf8
ERROR: logging before google.Init: E0831 01:51:15.831154     210 repo.go:368] failed to create patch for untracked file .scratch/phase19-review-cycle2.bChjfV/node-compile-cache/v26.8.1-x64-8d7ad2ee-1000/ae7303a9: bytes are not valid utf8
ERROR: logging before google.Init: E0831 01:51:15.831162     210 repo.go:368] failed to create patch for untracked file .scratch/phase19-review-cycle2.bChjfV/node-compile-cache/v26.8.1-x64-8d7ad2ee-1000/ae901c44: bytes are not valid utf8
ERROR: logging before google.Init: E0831 01:51:15.831170     210 repo.go:368] failed to create patch for untracked file .scratch/phase19-review-cycle2.bChjfV/node-compile-cache/v26.8.1-x64-8d7ad2ee-1000/ae965f4a: bytes are not valid utf8
ERROR: logging before google.Init: E0831 01:51:15.831178     210 repo.go:368] failed to create patch for untracked file .scratch/phase19-review-cycle2.bChjfV/node-compile-cache/v26.8.1-x64-8d7ad2ee-1000/aee710ca: bytes are not valid utf8
ERROR: logging before google.Init: E0831 01:51:15.831186     210 repo.go:368] failed to create patch for untracked file .scratch/phase19-review-cycle2.bChjfV/node-compile-cache/v26.8.1-x64-8d7ad2ee-1000/af9e3812: bytes are not valid utf8
ERROR: logging before google.Init: E0831 01:51:15.831195     210 repo.go:368] failed to create patch for untracked file .scratch/phase19-review-cycle2.bChjfV/node-compile-cache/v26.8.1-x64-8d7ad2ee-1000/afc339ca: bytes are not valid utf8
ERROR: logging before google.Init: E0831 01:51:15.831203     210 repo.go:368] failed to create patch for untracked file .scratch/phase19-review-cycle2.bChjfV/node-compile-cache/v26.8.1-x64-8d7ad2ee-1000/b18f607b: bytes are not valid utf8
ERROR: logging before google.Init: E0831 01:51:15.831211     210 repo.go:368] failed to create patch for untracked file .scratch/phase19-review-cycle2.bChjfV/node-compile-cache/v26.8.1-x64-8d7ad2ee-1000/b20aa54b: bytes are not valid utf8
ERROR: logging before google.Init: E0831 01:51:15.831219     210 repo.go:368] failed to create patch for untracked file .scratch/phase19-review-cycle2.bChjfV/node-compile-cache/v26.8.1-x64-8d7ad2ee-1000/b39cf02e: bytes are not valid utf8
ERROR: logging before google.Init: E0831 01:51:15.831228     210 repo.go:368] failed to create patch for untracked file .scratch/phase19-review-cycle2.bChjfV/node-compile-cache/v26.8.1-x64-8d7ad2ee-1000/b3c6e157: bytes are not valid utf8
ERROR: logging before google.Init: E0831 01:51:15.831236     210 repo.go:368] failed to create patch for untracked file .scratch/phase19-review-cycle2.bChjfV/node-compile-cache/v26.8.1-x64-8d7ad2ee-1000/b4b7ce2c: bytes are not valid utf8
ERROR: logging before google.Init: E0831 01:51:15.831244     210 repo.go:368] failed to create patch for untracked file .scratch/phase19-review-cycle2.bChjfV/node-compile-cache/v26.8.1-x64-8d7ad2ee-1000/b68550ac: bytes are not valid utf8
ERROR: logging before google.Init: E0831 01:51:15.831252     210 repo.go:368] failed to create patch for untracked file .scratch/phase19-review-cycle2.bChjfV/node-compile-cache/v26.8.1-x64-8d7ad2ee-1000/b694a736: bytes are not valid utf8
ERROR: logging before google.Init: E0831 01:51:15.831260     210 repo.go:368] failed to create patch for untracked file .scratch/phase19-review-cycle2.bChjfV/node-compile-cache/v26.8.1-x64-8d7ad2ee-1000/b8ae7f8d: bytes are not valid utf8
ERROR: logging before google.Init: E0831 01:51:15.831268     210 repo.go:368] failed to create patch for untracked file .scratch/phase19-review-cycle2.bChjfV/node-compile-cache/v26.8.1-x64-8d7ad2ee-1000/b91125cf: bytes are not valid utf8
ERROR: logging before google.Init: E0831 01:51:15.831276     210 repo.go:368] failed to create patch for untracked file .scratch/phase19-review-cycle2.bChjfV/node-compile-cache/v26.8.1-x64-8d7ad2ee-1000/b95a0dc3: bytes are not valid utf8
ERROR: logging before google.Init: E0831 01:51:15.831284     210 repo.go:368] failed to create patch for untracked file .scratch/phase19-review-cycle2.bChjfV/node-compile-cache/v26.8.1-x64-8d7ad2ee-1000/b9b788a7: bytes are not valid utf8
ERROR: logging before google.Init: E0831 01:51:15.831293     210 repo.go:368] failed to create patch for untracked file .scratch/phase19-review-cycle2.bChjfV/node-compile-cache/v26.8.1-x64-8d7ad2ee-1000/ba4fb275: bytes are not valid utf8
ERROR: logging before google.Init: E0831 01:51:15.831302     210 repo.go:368] failed to create patch for untracked file .scratch/phase19-review-cycle2.bChjfV/node-compile-cache/v26.8.1-x64-8d7ad2ee-1000/bbea8052: bytes are not valid utf8
ERROR: logging before google.Init: E0831 01:51:15.831310     210 repo.go:368] failed to create patch for untracked file .scratch/phase19-review-cycle2.bChjfV/node-compile-cache/v26.8.1-x64-8d7ad2ee-1000/bc23fbd7: bytes are not valid utf8
ERROR: logging before google.Init: E0831 01:51:15.831318     210 repo.go:368] failed to create patch for untracked file .scratch/phase19-review-cycle2.bChjfV/node-compile-cache/v26.8.1-x64-8d7ad2ee-1000/bc8842db: bytes are not valid utf8
ERROR: logging before google.Init: E0831 01:51:15.831328     210 repo.go:368] failed to create patch for untracked file .scratch/phase19-review-cycle2.bChjfV/node-compile-cache/v26.8.1-x64-8d7ad2ee-1000/bca44618: bytes are not valid utf8
ERROR: logging before google.Init: E0831 01:51:15.831336     210 repo.go:368] failed to create patch for untracked file .scratch/phase19-review-cycle2.bChjfV/node-compile-cache/v26.8.1-x64-8d7ad2ee-1000/bd1f064f: bytes are not valid utf8
ERROR: logging before google.Init: E0831 01:51:15.831343     210 repo.go:368] failed to create patch for untracked file .scratch/phase19-review-cycle2.bChjfV/node-compile-cache/v26.8.1-x64-8d7ad2ee-1000/bec154b0: bytes are not valid utf8
ERROR: logging before google.Init: E0831 01:51:15.831352     210 repo.go:368] failed to create patch for untracked file .scratch/phase19-review-cycle2.bChjfV/node-compile-cache/v26.8.1-x64-8d7ad2ee-1000/bfc63af7: bytes are not valid utf8
ERROR: logging before google.Init: E0831 01:51:15.831359     210 repo.go:368] failed to create patch for untracked file .scratch/phase19-review-cycle2.bChjfV/node-compile-cache/v26.8.1-x64-8d7ad2ee-1000/bfd470c5: bytes are not valid utf8
ERROR: logging before google.Init: E0831 01:51:15.831368     210 repo.go:368] failed to create patch for untracked file .scratch/phase19-review-cycle2.bChjfV/node-compile-cache/v26.8.1-x64-8d7ad2ee-1000/c0c83417: bytes are not valid utf8
ERROR: logging before google.Init: E0831 01:51:15.831380     210 repo.go:368] failed to create patch for untracked file .scratch/phase19-review-cycle2.bChjfV/node-compile-cache/v26.8.1-x64-8d7ad2ee-1000/c0f2996e: bytes are not valid utf8
ERROR: logging before google.Init: E0831 01:51:15.831389     210 repo.go:368] failed to create patch for untracked file .scratch/phase19-review-cycle2.bChjfV/node-compile-cache/v26.8.1-x64-8d7ad2ee-1000/c294009a: bytes are not valid utf8
ERROR: logging before google.Init: E0831 01:51:15.831396     210 repo.go:368] failed to create patch for untracked file .scratch/phase19-review-cycle2.bChjfV/node-compile-cache/v26.8.1-x64-8d7ad2ee-1000/c295ee47: bytes are not valid utf8
ERROR: logging before google.Init: E0831 01:51:15.831403     210 repo.go:368] failed to create patch for untracked file .scratch/phase19-review-cycle2.bChjfV/node-compile-cache/v26.8.1-x64-8d7ad2ee-1000/c29f3de2: bytes are not valid utf8
ERROR: logging before google.Init: E0831 01:51:15.831412     210 repo.go:368] failed to create patch for untracked file .scratch/phase19-review-cycle2.bChjfV/node-compile-cache/v26.8.1-x64-8d7ad2ee-1000/c2a2b774: bytes are not valid utf8
ERROR: logging before google.Init: E0831 01:51:15.831421     210 repo.go:368] failed to create patch for untracked file .scratch/phase19-review-cycle2.bChjfV/node-compile-cache/v26.8.1-x64-8d7ad2ee-1000/c317d524: bytes are not valid utf8
ERROR: logging before google.Init: E0831 01:51:15.831429     210 repo.go:368] failed to create patch for untracked file .scratch/phase19-review-cycle2.bChjfV/node-compile-cache/v26.8.1-x64-8d7ad2ee-1000/c45def14: bytes are not valid utf8
ERROR: logging before google.Init: E0831 01:51:15.831436     210 repo.go:368] failed to create patch for untracked file .scratch/phase19-review-cycle2.bChjfV/node-compile-cache/v26.8.1-x64-8d7ad2ee-1000/c4aca27d: bytes are not valid utf8
ERROR: logging before google.Init: E0831 01:51:15.831444     210 repo.go:368] failed to create patch for untracked file .scratch/phase19-review-cycle2.bChjfV/node-compile-cache/v26.8.1-x64-8d7ad2ee-1000/c4e533e3: bytes are not valid utf8
ERROR: logging before google.Init: E0831 01:51:15.831452     210 repo.go:368] failed to create patch for untracked file .scratch/phase19-review-cycle2.bChjfV/node-compile-cache/v26.8.1-x64-8d7ad2ee-1000/c4ff2d84: bytes are not valid utf8
ERROR: logging before google.Init: E0831 01:51:15.831460     210 repo.go:368] failed to create patch for untracked file .scratch/phase19-review-cycle2.bChjfV/node-compile-cache/v26.8.1-x64-8d7ad2ee-1000/c5596213: bytes are not valid utf8
ERROR: logging before google.Init: E0831 01:51:15.831468     210 repo.go:368] failed to create patch for untracked file .scratch/phase19-review-cycle2.bChjfV/node-compile-cache/v26.8.1-x64-8d7ad2ee-1000/c617d818: bytes are not valid utf8
ERROR: logging before google.Init: E0831 01:51:15.831476     210 repo.go:368] failed to create patch for untracked file .scratch/phase19-review-cycle2.bChjfV/node-compile-cache/v26.8.1-x64-8d7ad2ee-1000/c70d5c69: bytes are not valid utf8
ERROR: logging before google.Init: E0831 01:51:15.831486     210 repo.go:368] failed to create patch for untracked file .scratch/phase19-review-cycle2.bChjfV/node-compile-cache/v26.8.1-x64-8d7ad2ee-1000/c7e3c3b3: bytes are not valid utf8
ERROR: logging before google.Init: E0831 01:51:15.831493     210 repo.go:368] failed to create patch for untracked file .scratch/phase19-review-cycle2.bChjfV/node-compile-cache/v26.8.1-x64-8d7ad2ee-1000/c81e7cd4: bytes are not valid utf8
ERROR: logging before google.Init: E0831 01:51:15.831502     210 repo.go:368] failed to create patch for untracked file .scratch/phase19-review-cycle2.bChjfV/node-compile-cache/v26.8.1-x64-8d7ad2ee-1000/c82abdcb: bytes are not valid utf8
ERROR: logging before google.Init: E0831 01:51:15.831510     210 repo.go:368] failed to create patch for untracked file .scratch/phase19-review-cycle2.bChjfV/node-compile-cache/v26.8.1-x64-8d7ad2ee-1000/c868fc5e: bytes are not valid utf8
ERROR: logging before google.Init: E0831 01:51:15.831519     210 repo.go:368] failed to create patch for untracked file .scratch/phase19-review-cycle2.bChjfV/node-compile-cache/v26.8.1-x64-8d7ad2ee-1000/c8a47f87: bytes are not valid utf8
ERROR: logging before google.Init: E0831 01:51:15.831527     210 repo.go:368] failed to create patch for untracked file .scratch/phase19-review-cycle2.bChjfV/node-compile-cache/v26.8.1-x64-8d7ad2ee-1000/c9b05194: bytes are not valid utf8
ERROR: logging before google.Init: E0831 01:51:15.831536     210 repo.go:368] failed to create patch for untracked file .scratch/phase19-review-cycle2.bChjfV/node-compile-cache/v26.8.1-x64-8d7ad2ee-1000/c9b3658c: bytes are not valid utf8
ERROR: logging before google.Init: E0831 01:51:15.831545     210 repo.go:368] failed to create patch for untracked file .scratch/phase19-review-cycle2.bChjfV/node-compile-cache/v26.8.1-x64-8d7ad2ee-1000/ca71db21: bytes are not valid utf8
ERROR: logging before google.Init: E0831 01:51:15.831555     210 repo.go:368] failed to create patch for untracked file .scratch/phase19-review-cycle2.bChjfV/node-compile-cache/v26.8.1-x64-8d7ad2ee-1000/cb24812a: bytes are not valid utf8
ERROR: logging before google.Init: E0831 01:51:15.831562     210 repo.go:368] failed to create patch for untracked file .scratch/phase19-review-cycle2.bChjfV/node-compile-cache/v26.8.1-x64-8d7ad2ee-1000/cb39fc8b: bytes are not valid utf8
ERROR: logging before google.Init: E0831 01:51:15.831570     210 repo.go:368] failed to create patch for untracked file .scratch/phase19-review-cycle2.bChjfV/node-compile-cache/v26.8.1-x64-8d7ad2ee-1000/cc256afa: bytes are not valid utf8
ERROR: logging before google.Init: E0831 01:51:15.831578     210 repo.go:368] failed to create patch for untracked file .scratch/phase19-review-cycle2.bChjfV/node-compile-cache/v26.8.1-x64-8d7ad2ee-1000/cc425018: bytes are not valid utf8
ERROR: logging before google.Init: E0831 01:51:15.831586     210 repo.go:368] failed to create patch for untracked file .scratch/phase19-review-cycle2.bChjfV/node-compile-cache/v26.8.1-x64-8d7ad2ee-1000/ccf37203: bytes are not valid utf8
ERROR: logging before google.Init: E0831 01:51:15.831600     210 repo.go:368] failed to create patch for untracked file .scratch/phase19-review-cycle2.bChjfV/node-compile-cache/v26.8.1-x64-8d7ad2ee-1000/cd25871e: bytes are not valid utf8
ERROR: logging before google.Init: E0831 01:51:15.831609     210 repo.go:368] failed to create patch for untracked file .scratch/phase19-review-cycle2.bChjfV/node-compile-cache/v26.8.1-x64-8d7ad2ee-1000/cd715a4a: bytes are not valid utf8
ERROR: logging before google.Init: E0831 01:51:15.831617     210 repo.go:368] failed to create patch for untracked file .scratch/phase19-review-cycle2.bChjfV/node-compile-cache/v26.8.1-x64-8d7ad2ee-1000/ce3fa832: bytes are not valid utf8
ERROR: logging before google.Init: E0831 01:51:15.831625     210 repo.go:368] failed to create patch for untracked file .scratch/phase19-review-cycle2.bChjfV/node-compile-cache/v26.8.1-x64-8d7ad2ee-1000/cf2e3319: bytes are not valid utf8
ERROR: logging before google.Init: E0831 01:51:15.831634     210 repo.go:368] failed to create patch for untracked file .scratch/phase19-review-cycle2.bChjfV/node-compile-cache/v26.8.1-x64-8d7ad2ee-1000/d01939e4: bytes are not valid utf8
ERROR: logging before google.Init: E0831 01:51:15.831642     210 repo.go:368] failed to create patch for untracked file .scratch/phase19-review-cycle2.bChjfV/node-compile-cache/v26.8.1-x64-8d7ad2ee-1000/d11ca801: bytes are not valid utf8
ERROR: logging before google.Init: E0831 01:51:15.831650     210 repo.go:368] failed to create patch for untracked file .scratch/phase19-review-cycle2.bChjfV/node-compile-cache/v26.8.1-x64-8d7ad2ee-1000/d1388c4a: bytes are not valid utf8
ERROR: logging before google.Init: E0831 01:51:15.831658     210 repo.go:368] failed to create patch for untracked file .scratch/phase19-review-cycle2.bChjfV/node-compile-cache/v26.8.1-x64-8d7ad2ee-1000/d1480bd9: bytes are not valid utf8
ERROR: logging before google.Init: E0831 01:51:15.831666     210 repo.go:368] failed to create patch for untracked file .scratch/phase19-review-cycle2.bChjfV/node-compile-cache/v26.8.1-x64-8d7ad2ee-1000/d149043c: bytes are not valid utf8
ERROR: logging before google.Init: E0831 01:51:15.831674     210 repo.go:368] failed to create patch for untracked file .scratch/phase19-review-cycle2.bChjfV/node-compile-cache/v26.8.1-x64-8d7ad2ee-1000/d1a24e6b: bytes are not valid utf8
ERROR: logging before google.Init: E0831 01:51:15.831682     210 repo.go:368] failed to create patch for untracked file .scratch/phase19-review-cycle2.bChjfV/node-compile-cache/v26.8.1-x64-8d7ad2ee-1000/d1dce9a7: bytes are not valid utf8
ERROR: logging before google.Init: E0831 01:51:15.831690     210 repo.go:368] failed to create patch for untracked file .scratch/phase19-review-cycle2.bChjfV/node-compile-cache/v26.8.1-x64-8d7ad2ee-1000/d2049875: bytes are not valid utf8
ERROR: logging before google.Init: E0831 01:51:15.831698     210 repo.go:368] failed to create patch for untracked file .scratch/phase19-review-cycle2.bChjfV/node-compile-cache/v26.8.1-x64-8d7ad2ee-1000/d245b2d1: bytes are not valid utf8
ERROR: logging before google.Init: E0831 01:51:15.831706     210 repo.go:368] failed to create patch for untracked file .scratch/phase19-review-cycle2.bChjfV/node-compile-cache/v26.8.1-x64-8d7ad2ee-1000/d2e71ea6: bytes are not valid utf8
ERROR: logging before google.Init: E0831 01:51:15.831713     210 repo.go:368] failed to create patch for untracked file .scratch/phase19-review-cycle2.bChjfV/node-compile-cache/v26.8.1-x64-8d7ad2ee-1000/d31b0b3e: bytes are not valid utf8
ERROR: logging before google.Init: E0831 01:51:15.831721     210 repo.go:368] failed to create patch for untracked file .scratch/phase19-review-cycle2.bChjfV/node-compile-cache/v26.8.1-x64-8d7ad2ee-1000/d39c0cea: bytes are not valid utf8
ERROR: logging before google.Init: E0831 01:51:15.831729     210 repo.go:368] failed to create patch for untracked file .scratch/phase19-review-cycle2.bChjfV/node-compile-cache/v26.8.1-x64-8d7ad2ee-1000/d3c7f8b9: bytes are not valid utf8
ERROR: logging before google.Init: E0831 01:51:15.831737     210 repo.go:368] failed to create patch for untracked file .scratch/phase19-review-cycle2.bChjfV/node-compile-cache/v26.8.1-x64-8d7ad2ee-1000/d3ce9c60: bytes are not valid utf8
ERROR: logging before google.Init: E0831 01:51:15.831746     210 repo.go:368] failed to create patch for untracked file .scratch/phase19-review-cycle2.bChjfV/node-compile-cache/v26.8.1-x64-8d7ad2ee-1000/d3ef2551: bytes are not valid utf8
ERROR: logging before google.Init: E0831 01:51:15.831755     210 repo.go:368] failed to create patch for untracked file .scratch/phase19-review-cycle2.bChjfV/node-compile-cache/v26.8.1-x64-8d7ad2ee-1000/d42f2212: bytes are not valid utf8
ERROR: logging before google.Init: E0831 01:51:15.831762     210 repo.go:368] failed to create patch for untracked file .scratch/phase19-review-cycle2.bChjfV/node-compile-cache/v26.8.1-x64-8d7ad2ee-1000/d4a49a25: bytes are not valid utf8
ERROR: logging before google.Init: E0831 01:51:15.831770     210 repo.go:368] failed to create patch for untracked file .scratch/phase19-review-cycle2.bChjfV/node-compile-cache/v26.8.1-x64-8d7ad2ee-1000/d577df07: bytes are not valid utf8
ERROR: logging before google.Init: E0831 01:51:15.831778     210 repo.go:368] failed to create patch for untracked file .scratch/phase19-review-cycle2.bChjfV/node-compile-cache/v26.8.1-x64-8d7ad2ee-1000/d5b339ce: bytes are not valid utf8
ERROR: logging before google.Init: E0831 01:51:15.831786     210 repo.go:368] failed to create patch for untracked file .scratch/phase19-review-cycle2.bChjfV/node-compile-cache/v26.8.1-x64-8d7ad2ee-1000/d5f0ae00: bytes are not valid utf8
ERROR: logging before google.Init: E0831 01:51:15.831794     210 repo.go:368] failed to create patch for untracked file .scratch/phase19-review-cycle2.bChjfV/node-compile-cache/v26.8.1-x64-8d7ad2ee-1000/d600d96a: bytes are not valid utf8
ERROR: logging before google.Init: E0831 01:51:15.831803     210 repo.go:368] failed to create patch for untracked file .scratch/phase19-review-cycle2.bChjfV/node-compile-cache/v26.8.1-x64-8d7ad2ee-1000/d626981b: bytes are not valid utf8
ERROR: logging before google.Init: E0831 01:51:15.831811     210 repo.go:368] failed to create patch for untracked file .scratch/phase19-review-cycle2.bChjfV/node-compile-cache/v26.8.1-x64-8d7ad2ee-1000/d630c505: bytes are not valid utf8
ERROR: logging before google.Init: E0831 01:51:15.831818     210 repo.go:368] failed to create patch for untracked file .scratch/phase19-review-cycle2.bChjfV/node-compile-cache/v26.8.1-x64-8d7ad2ee-1000/d688117d: bytes are not valid utf8
ERROR: logging before google.Init: E0831 01:51:15.831827     210 repo.go:368] failed to create patch for untracked file .scratch/phase19-review-cycle2.bChjfV/node-compile-cache/v26.8.1-x64-8d7ad2ee-1000/d77112d2: bytes are not valid utf8
ERROR: logging before google.Init: E0831 01:51:15.831834     210 repo.go:368] failed to create patch for untracked file .scratch/phase19-review-cycle2.bChjfV/node-compile-cache/v26.8.1-x64-8d7ad2ee-1000/d7ca2a2a: bytes are not valid utf8
ERROR: logging before google.Init: E0831 01:51:15.831842     210 repo.go:368] failed to create patch for untracked file .scratch/phase19-review-cycle2.bChjfV/node-compile-cache/v26.8.1-x64-8d7ad2ee-1000/d8be5a18: bytes are not valid utf8
ERROR: logging before google.Init: E0831 01:51:15.831850     210 repo.go:368] failed to create patch for untracked file .scratch/phase19-review-cycle2.bChjfV/node-compile-cache/v26.8.1-x64-8d7ad2ee-1000/d91695c9: bytes are not valid utf8
ERROR: logging before google.Init: E0831 01:51:15.831858     210 repo.go:368] failed to create patch for untracked file .scratch/phase19-review-cycle2.bChjfV/node-compile-cache/v26.8.1-x64-8d7ad2ee-1000/d9a8a787: bytes are not valid utf8
ERROR: logging before google.Init: E0831 01:51:15.831865     210 repo.go:368] failed to create patch for untracked file .scratch/phase19-review-cycle2.bChjfV/node-compile-cache/v26.8.1-x64-8d7ad2ee-1000/da16af9a: bytes are not valid utf8
ERROR: logging before google.Init: E0831 01:51:15.831873     210 repo.go:368] failed to create patch for untracked file .scratch/phase19-review-cycle2.bChjfV/node-compile-cache/v26.8.1-x64-8d7ad2ee-1000/dbd24695: bytes are not valid utf8
ERROR: logging before google.Init: E0831 01:51:15.831880     210 repo.go:368] failed to create patch for untracked file .scratch/phase19-review-cycle2.bChjfV/node-compile-cache/v26.8.1-x64-8d7ad2ee-1000/dcce07e5: bytes are not valid utf8
ERROR: logging before google.Init: E0831 01:51:15.831889     210 repo.go:368] failed to create patch for untracked file .scratch/phase19-review-cycle2.bChjfV/node-compile-cache/v26.8.1-x64-8d7ad2ee-1000/ddad252a: bytes are not valid utf8
ERROR: logging before google.Init: E0831 01:51:15.831897     210 repo.go:368] failed to create patch for untracked file .scratch/phase19-review-cycle2.bChjfV/node-compile-cache/v26.8.1-x64-8d7ad2ee-1000/ddb123a1: bytes are not valid utf8
ERROR: logging before google.Init: E0831 01:51:15.831905     210 repo.go:368] failed to create patch for untracked file .scratch/phase19-review-cycle2.bChjfV/node-compile-cache/v26.8.1-x64-8d7ad2ee-1000/de05357f: bytes are not valid utf8
ERROR: logging before google.Init: E0831 01:51:15.831913     210 repo.go:368] failed to create patch for untracked file .scratch/phase19-review-cycle2.bChjfV/node-compile-cache/v26.8.1-x64-8d7ad2ee-1000/de16f5cb: bytes are not valid utf8
ERROR: logging before google.Init: E0831 01:51:15.831921     210 repo.go:368] failed to create patch for untracked file .scratch/phase19-review-cycle2.bChjfV/node-compile-cache/v26.8.1-x64-8d7ad2ee-1000/defb5d31: bytes are not valid utf8
ERROR: logging before google.Init: E0831 01:51:15.831930     210 repo.go:368] failed to create patch for untracked file .scratch/phase19-review-cycle2.bChjfV/node-compile-cache/v26.8.1-x64-8d7ad2ee-1000/dfd0d2ba: bytes are not valid utf8
ERROR: logging before google.Init: E0831 01:51:15.831938     210 repo.go:368] failed to create patch for untracked file .scratch/phase19-review-cycle2.bChjfV/node-compile-cache/v26.8.1-x64-8d7ad2ee-1000/dfe9ea14: bytes are not valid utf8
ERROR: logging before google.Init: E0831 01:51:15.831946     210 repo.go:368] failed to create patch for untracked file .scratch/phase19-review-cycle2.bChjfV/node-compile-cache/v26.8.1-x64-8d7ad2ee-1000/e07f8fb5: bytes are not valid utf8
ERROR: logging before google.Init: E0831 01:51:15.831954     210 repo.go:368] failed to create patch for untracked file .scratch/phase19-review-cycle2.bChjfV/node-compile-cache/v26.8.1-x64-8d7ad2ee-1000/e083bc25: bytes are not valid utf8
ERROR: logging before google.Init: E0831 01:51:15.831963     210 repo.go:368] failed to create patch for untracked file .scratch/phase19-review-cycle2.bChjfV/node-compile-cache/v26.8.1-x64-8d7ad2ee-1000/e14957ef: bytes are not valid utf8
ERROR: logging before google.Init: E0831 01:51:15.831970     210 repo.go:368] failed to create patch for untracked file .scratch/phase19-review-cycle2.bChjfV/node-compile-cache/v26.8.1-x64-8d7ad2ee-1000/e150a478: bytes are not valid utf8
ERROR: logging before google.Init: E0831 01:51:15.831985     210 repo.go:368] failed to create patch for untracked file .scratch/phase19-review-cycle2.bChjfV/node-compile-cache/v26.8.1-x64-8d7ad2ee-1000/e15a74c2: bytes are not valid utf8
ERROR: logging before google.Init: E0831 01:51:15.831993     210 repo.go:368] failed to create patch for untracked file .scratch/phase19-review-cycle2.bChjfV/node-compile-cache/v26.8.1-x64-8d7ad2ee-1000/e15da18e: bytes are not valid utf8
ERROR: logging before google.Init: E0831 01:51:15.832001     210 repo.go:368] failed to create patch for untracked file .scratch/phase19-review-cycle2.bChjfV/node-compile-cache/v26.8.1-x64-8d7ad2ee-1000/e1a2917a: bytes are not valid utf8
ERROR: logging before google.Init: E0831 01:51:15.832009     210 repo.go:368] failed to create patch for untracked file .scratch/phase19-review-cycle2.bChjfV/node-compile-cache/v26.8.1-x64-8d7ad2ee-1000/e26097fb: bytes are not valid utf8
ERROR: logging before google.Init: E0831 01:51:15.832017     210 repo.go:368] failed to create patch for untracked file .scratch/phase19-review-cycle2.bChjfV/node-compile-cache/v26.8.1-x64-8d7ad2ee-1000/e3019385: bytes are not valid utf8
ERROR: logging before google.Init: E0831 01:51:15.832025     210 repo.go:368] failed to create patch for untracked file .scratch/phase19-review-cycle2.bChjfV/node-compile-cache/v26.8.1-x64-8d7ad2ee-1000/e3f73ed5: bytes are not valid utf8
ERROR: logging before google.Init: E0831 01:51:15.832033     210 repo.go:368] failed to create patch for untracked file .scratch/phase19-review-cycle2.bChjfV/node-compile-cache/v26.8.1-x64-8d7ad2ee-1000/e4445f1f: bytes are not valid utf8
ERROR: logging before google.Init: E0831 01:51:15.832041     210 repo.go:368] failed to create patch for untracked file .scratch/phase19-review-cycle2.bChjfV/node-compile-cache/v26.8.1-x64-8d7ad2ee-1000/e45fd827: bytes are not valid utf8
ERROR: logging before google.Init: E0831 01:51:15.832051     210 repo.go:368] failed to create patch for untracked file .scratch/phase19-review-cycle2.bChjfV/node-compile-cache/v26.8.1-x64-8d7ad2ee-1000/e66acb74: bytes are not valid utf8
ERROR: logging before google.Init: E0831 01:51:15.832059     210 repo.go:368] failed to create patch for untracked file .scratch/phase19-review-cycle2.bChjfV/node-compile-cache/v26.8.1-x64-8d7ad2ee-1000/e674a16c: bytes are not valid utf8
ERROR: logging before google.Init: E0831 01:51:15.832067     210 repo.go:368] failed to create patch for untracked file .scratch/phase19-review-cycle2.bChjfV/node-compile-cache/v26.8.1-x64-8d7ad2ee-1000/e6a21d71: bytes are not valid utf8
ERROR: logging before google.Init: E0831 01:51:15.832076     210 repo.go:368] failed to create patch for untracked file .scratch/phase19-review-cycle2.bChjfV/node-compile-cache/v26.8.1-x64-8d7ad2ee-1000/e6d3bb65: bytes are not valid utf8
ERROR: logging before google.Init: E0831 01:51:15.832084     210 repo.go:368] failed to create patch for untracked file .scratch/phase19-review-cycle2.bChjfV/node-compile-cache/v26.8.1-x64-8d7ad2ee-1000/e6ff280a: bytes are not valid utf8
ERROR: logging before google.Init: E0831 01:51:15.832092     210 repo.go:368] failed to create patch for untracked file .scratch/phase19-review-cycle2.bChjfV/node-compile-cache/v26.8.1-x64-8d7ad2ee-1000/e71b9b19: bytes are not valid utf8
ERROR: logging before google.Init: E0831 01:51:15.832099     210 repo.go:368] failed to create patch for untracked file .scratch/phase19-review-cycle2.bChjfV/node-compile-cache/v26.8.1-x64-8d7ad2ee-1000/e90dd27f: bytes are not valid utf8
ERROR: logging before google.Init: E0831 01:51:15.832108     210 repo.go:368] failed to create patch for untracked file .scratch/phase19-review-cycle2.bChjfV/node-compile-cache/v26.8.1-x64-8d7ad2ee-1000/e98000b9: bytes are not valid utf8
ERROR: logging before google.Init: E0831 01:51:15.832116     210 repo.go:368] failed to create patch for untracked file .scratch/phase19-review-cycle2.bChjfV/node-compile-cache/v26.8.1-x64-8d7ad2ee-1000/ea275b33: bytes are not valid utf8
ERROR: logging before google.Init: E0831 01:51:15.832123     210 repo.go:368] failed to create patch for untracked file .scratch/phase19-review-cycle2.bChjfV/node-compile-cache/v26.8.1-x64-8d7ad2ee-1000/ea67da59: bytes are not valid utf8
ERROR: logging before google.Init: E0831 01:51:15.832136     210 repo.go:368] failed to create patch for untracked file .scratch/phase19-review-cycle2.bChjfV/node-compile-cache/v26.8.1-x64-8d7ad2ee-1000/eb2a18ff: bytes are not valid utf8
ERROR: logging before google.Init: E0831 01:51:15.832144     210 repo.go:368] failed to create patch for untracked file .scratch/phase19-review-cycle2.bChjfV/node-compile-cache/v26.8.1-x64-8d7ad2ee-1000/eb553518: bytes are not valid utf8
ERROR: logging before google.Init: E0831 01:51:15.832154     210 repo.go:368] failed to create patch for untracked file .scratch/phase19-review-cycle2.bChjfV/node-compile-cache/v26.8.1-x64-8d7ad2ee-1000/ebac0d45: bytes are not valid utf8
ERROR: logging before google.Init: E0831 01:51:15.832162     210 repo.go:368] failed to create patch for untracked file .scratch/phase19-review-cycle2.bChjfV/node-compile-cache/v26.8.1-x64-8d7ad2ee-1000/ecc4bf5b: bytes are not valid utf8
ERROR: logging before google.Init: E0831 01:51:15.832170     210 repo.go:368] failed to create patch for untracked file .scratch/phase19-review-cycle2.bChjfV/node-compile-cache/v26.8.1-x64-8d7ad2ee-1000/ecfd389a: bytes are not valid utf8
ERROR: logging before google.Init: E0831 01:51:15.832178     210 repo.go:368] failed to create patch for untracked file .scratch/phase19-review-cycle2.bChjfV/node-compile-cache/v26.8.1-x64-8d7ad2ee-1000/ed0a1bdd: bytes are not valid utf8
ERROR: logging before google.Init: E0831 01:51:15.832186     210 repo.go:368] failed to create patch for untracked file .scratch/phase19-review-cycle2.bChjfV/node-compile-cache/v26.8.1-x64-8d7ad2ee-1000/ed4d3f5c: bytes are not valid utf8
ERROR: logging before google.Init: E0831 01:51:15.832194     210 repo.go:368] failed to create patch for untracked file .scratch/phase19-review-cycle2.bChjfV/node-compile-cache/v26.8.1-x64-8d7ad2ee-1000/ee02a576: bytes are not valid utf8
ERROR: logging before google.Init: E0831 01:51:15.832202     210 repo.go:368] failed to create patch for untracked file .scratch/phase19-review-cycle2.bChjfV/node-compile-cache/v26.8.1-x64-8d7ad2ee-1000/ee175f50: bytes are not valid utf8
ERROR: logging before google.Init: E0831 01:51:15.832210     210 repo.go:368] failed to create patch for untracked file .scratch/phase19-review-cycle2.bChjfV/node-compile-cache/v26.8.1-x64-8d7ad2ee-1000/ef275563: bytes are not valid utf8
ERROR: logging before google.Init: E0831 01:51:15.832218     210 repo.go:368] failed to create patch for untracked file .scratch/phase19-review-cycle2.bChjfV/node-compile-cache/v26.8.1-x64-8d7ad2ee-1000/ef2e5440: bytes are not valid utf8
ERROR: logging before google.Init: E0831 01:51:15.832226     210 repo.go:368] failed to create patch for untracked file .scratch/phase19-review-cycle2.bChjfV/node-compile-cache/v26.8.1-x64-8d7ad2ee-1000/ef36498f: bytes are not valid utf8
ERROR: logging before google.Init: E0831 01:51:15.832234     210 repo.go:368] failed to create patch for untracked file .scratch/phase19-review-cycle2.bChjfV/node-compile-cache/v26.8.1-x64-8d7ad2ee-1000/ef53ad6e: bytes are not valid utf8
ERROR: logging before google.Init: E0831 01:51:15.832241     210 repo.go:368] failed to create patch for untracked file .scratch/phase19-review-cycle2.bChjfV/node-compile-cache/v26.8.1-x64-8d7ad2ee-1000/ef59bdd2: bytes are not valid utf8
ERROR: logging before google.Init: E0831 01:51:15.832250     210 repo.go:368] failed to create patch for untracked file .scratch/phase19-review-cycle2.bChjfV/node-compile-cache/v26.8.1-x64-8d7ad2ee-1000/ef6ee7db: bytes are not valid utf8
ERROR: logging before google.Init: E0831 01:51:15.832258     210 repo.go:368] failed to create patch for untracked file .scratch/phase19-review-cycle2.bChjfV/node-compile-cache/v26.8.1-x64-8d7ad2ee-1000/efdce4e3: bytes are not valid utf8
ERROR: logging before google.Init: E0831 01:51:15.832269     210 repo.go:368] failed to create patch for untracked file .scratch/phase19-review-cycle2.bChjfV/node-compile-cache/v26.8.1-x64-8d7ad2ee-1000/f0fa33bb: bytes are not valid utf8
ERROR: logging before google.Init: E0831 01:51:15.832276     210 repo.go:368] failed to create patch for untracked file .scratch/phase19-review-cycle2.bChjfV/node-compile-cache/v26.8.1-x64-8d7ad2ee-1000/f1978a7e: bytes are not valid utf8
ERROR: logging before google.Init: E0831 01:51:15.832285     210 repo.go:368] failed to create patch for untracked file .scratch/phase19-review-cycle2.bChjfV/node-compile-cache/v26.8.1-x64-8d7ad2ee-1000/f217bb8a: bytes are not valid utf8
ERROR: logging before google.Init: E0831 01:51:15.832292     210 repo.go:368] failed to create patch for untracked file .scratch/phase19-review-cycle2.bChjfV/node-compile-cache/v26.8.1-x64-8d7ad2ee-1000/f23718ea: bytes are not valid utf8
ERROR: logging before google.Init: E0831 01:51:15.832300     210 repo.go:368] failed to create patch for untracked file .scratch/phase19-review-cycle2.bChjfV/node-compile-cache/v26.8.1-x64-8d7ad2ee-1000/f2ce6811: bytes are not valid utf8
ERROR: logging before google.Init: E0831 01:51:15.832308     210 repo.go:368] failed to create patch for untracked file .scratch/phase19-review-cycle2.bChjfV/node-compile-cache/v26.8.1-x64-8d7ad2ee-1000/f3972852: bytes are not valid utf8
ERROR: logging before google.Init: E0831 01:51:15.832316     210 repo.go:368] failed to create patch for untracked file .scratch/phase19-review-cycle2.bChjfV/node-compile-cache/v26.8.1-x64-8d7ad2ee-1000/f4a9e467: bytes are not valid utf8
ERROR: logging before google.Init: E0831 01:51:15.832324     210 repo.go:368] failed to create patch for untracked file .scratch/phase19-review-cycle2.bChjfV/node-compile-cache/v26.8.1-x64-8d7ad2ee-1000/f544413c: bytes are not valid utf8
ERROR: logging before google.Init: E0831 01:51:15.832332     210 repo.go:368] failed to create patch for untracked file .scratch/phase19-review-cycle2.bChjfV/node-compile-cache/v26.8.1-x64-8d7ad2ee-1000/f5cd7fec: bytes are not valid utf8
ERROR: logging before google.Init: E0831 01:51:15.832344     210 repo.go:368] failed to create patch for untracked file .scratch/phase19-review-cycle2.bChjfV/node-compile-cache/v26.8.1-x64-8d7ad2ee-1000/f603b453: bytes are not valid utf8
ERROR: logging before google.Init: E0831 01:51:15.832352     210 repo.go:368] failed to create patch for untracked file .scratch/phase19-review-cycle2.bChjfV/node-compile-cache/v26.8.1-x64-8d7ad2ee-1000/f6b8fa96: bytes are not valid utf8
ERROR: logging before google.Init: E0831 01:51:15.832359     210 repo.go:368] failed to create patch for untracked file .scratch/phase19-review-cycle2.bChjfV/node-compile-cache/v26.8.1-x64-8d7ad2ee-1000/f7757223: bytes are not valid utf8
ERROR: logging before google.Init: E0831 01:51:15.832367     210 repo.go:368] failed to create patch for untracked file .scratch/phase19-review-cycle2.bChjfV/node-compile-cache/v26.8.1-x64-8d7ad2ee-1000/f7923593: bytes are not valid utf8
ERROR: logging before google.Init: E0831 01:51:15.832374     210 repo.go:368] failed to create patch for untracked file .scratch/phase19-review-cycle2.bChjfV/node-compile-cache/v26.8.1-x64-8d7ad2ee-1000/f7f943dd: bytes are not valid utf8
ERROR: logging before google.Init: E0831 01:51:15.832382     210 repo.go:368] failed to create patch for untracked file .scratch/phase19-review-cycle2.bChjfV/node-compile-cache/v26.8.1-x64-8d7ad2ee-1000/f8e05e04: bytes are not valid utf8
ERROR: logging before google.Init: E0831 01:51:15.832389     210 repo.go:368] failed to create patch for untracked file .scratch/phase19-review-cycle2.bChjfV/node-compile-cache/v26.8.1-x64-8d7ad2ee-1000/f97ebb6e: bytes are not valid utf8
ERROR: logging before google.Init: E0831 01:51:15.832397     210 repo.go:368] failed to create patch for untracked file .scratch/phase19-review-cycle2.bChjfV/node-compile-cache/v26.8.1-x64-8d7ad2ee-1000/fa210d92: bytes are not valid utf8
ERROR: logging before google.Init: E0831 01:51:15.832404     210 repo.go:368] failed to create patch for untracked file .scratch/phase19-review-cycle2.bChjfV/node-compile-cache/v26.8.1-x64-8d7ad2ee-1000/fa606627: bytes are not valid utf8
ERROR: logging before google.Init: E0831 01:51:15.832412     210 repo.go:368] failed to create patch for untracked file .scratch/phase19-review-cycle2.bChjfV/node-compile-cache/v26.8.1-x64-8d7ad2ee-1000/fa7b1e5e: bytes are not valid utf8
ERROR: logging before google.Init: E0831 01:51:15.832420     210 repo.go:368] failed to create patch for untracked file .scratch/phase19-review-cycle2.bChjfV/node-compile-cache/v26.8.1-x64-8d7ad2ee-1000/fa91102b: bytes are not valid utf8
ERROR: logging before google.Init: E0831 01:51:15.832428     210 repo.go:368] failed to create patch for untracked file .scratch/phase19-review-cycle2.bChjfV/node-compile-cache/v26.8.1-x64-8d7ad2ee-1000/fa91e12e: bytes are not valid utf8
ERROR: logging before google.Init: E0831 01:51:15.832436     210 repo.go:368] failed to create patch for untracked file .scratch/phase19-review-cycle2.bChjfV/node-compile-cache/v26.8.1-x64-8d7ad2ee-1000/fabf3bdc: bytes are not valid utf8
ERROR: logging before google.Init: E0831 01:51:15.832444     210 repo.go:368] failed to create patch for untracked file .scratch/phase19-review-cycle2.bChjfV/node-compile-cache/v26.8.1-x64-8d7ad2ee-1000/fadf1a38: bytes are not valid utf8
ERROR: logging before google.Init: E0831 01:51:15.832452     210 repo.go:368] failed to create patch for untracked file .scratch/phase19-review-cycle2.bChjfV/node-compile-cache/v26.8.1-x64-8d7ad2ee-1000/fb980dca: bytes are not valid utf8
ERROR: logging before google.Init: E0831 01:51:15.832459     210 repo.go:368] failed to create patch for untracked file .scratch/phase19-review-cycle2.bChjfV/node-compile-cache/v26.8.1-x64-8d7ad2ee-1000/fbe433f3: bytes are not valid utf8
ERROR: logging before google.Init: E0831 01:51:15.832467     210 repo.go:368] failed to create patch for untracked file .scratch/phase19-review-cycle2.bChjfV/node-compile-cache/v26.8.1-x64-8d7ad2ee-1000/fc62d5d5: bytes are not valid utf8
ERROR: logging before google.Init: E0831 01:51:15.832475     210 repo.go:368] failed to create patch for untracked file .scratch/phase19-review-cycle2.bChjfV/node-compile-cache/v26.8.1-x64-8d7ad2ee-1000/fde1f22c: bytes are not valid utf8
ERROR: logging before google.Init: E0831 01:51:15.832482     210 repo.go:368] failed to create patch for untracked file .scratch/phase19-review-cycle2.bChjfV/node-compile-cache/v26.8.1-x64-8d7ad2ee-1000/fe33d933: bytes are not valid utf8
ERROR: logging before google.Init: E0831 01:51:15.832490     210 repo.go:368] failed to create patch for untracked file .scratch/phase19-review-cycle2.bChjfV/node-compile-cache/v26.8.1-x64-8d7ad2ee-1000/fec41f63: bytes are not valid utf8
ERROR: logging before google.Init: E0831 01:51:15.832497     210 repo.go:368] failed to create patch for untracked file .scratch/phase19-review-cycle2.bChjfV/node-compile-cache/v26.8.1-x64-8d7ad2ee-1000/ff87e9b5: bytes are not valid utf8
ERROR: logging before google.Init: E0831 01:51:15.832647     210 repo.go:368] failed to create patch for untracked file .worktrees/explicit-phase-dispatch/: read /home/dd/projects/gsd-beads/.worktrees/explicit-phase-dispatch: is a directory
ERROR: logging before google.Init: E0831 01:51:15.832655     210 repo.go:368] failed to create patch for untracked file .worktrees/gsd-beads-template-contract-1oi/: read /home/dd/projects/gsd-beads/.worktrees/gsd-beads-template-contract-1oi: is a directory
ERROR: logging before google.Init: E0831 01:51:15.832661     210 repo.go:368] failed to create patch for untracked file .worktrees/sota-numerics-issue-1/: read /home/dd/projects/gsd-beads/.worktrees/sota-numerics-issue-1: is a directory
ERROR: logging before google.Init: E0831 01:51:15.832666     210 repo.go:368] failed to create patch for untracked file .worktrees/sota-numerics-release-013/: read /home/dd/projects/gsd-beads/.worktrees/sota-numerics-release-013: is a directory
ERROR: logging before google.Init: E0831 01:51:15.832700     210 repo.go:368] failed to create patch for untracked file ponytail-everywhere/: read /home/dd/projects/gsd-beads/ponytail-everywhere: is a directory
ERROR: logging before google.Init: W0831 01:51:15.876573     163 mcp_manager.go:1277] Failed to write server states, eagerly loading all tools: failed to write tool codegraph_explore from server codegraph to tmp file: open /home/dd/.gemini/antigravity-cli/mcp/codegraph/codegraph_explore.json.tmp: read-only file system
ERROR: logging before google.Init: W0831 01:51:15.876752     236 cache.go:56] Cache(loadCodeAssistResponse): Singleflight refresh failed: error getting token source: You are not logged into Antigravity.
ERROR: logging before google.Init: E0831 01:51:15.876791     236 errorreport.go:223] error getting token source: You are not logged into Antigravity.
ERROR: logging before google.Init: W0831 01:51:15.876859     236 cache.go:56] Cache(userInfo): Singleflight refresh failed: failed to get load code assist response: error getting token source: You are not logged into Antigravity.
ERROR: logging before google.Init: E0831 01:51:15.876876     236 errorreport.go:223] failed to get load code assist response: error getting token source: You are not logged into Antigravity.
ERROR: logging before google.Init: I0831 01:51:15.937950     279 browser.go:259] token refreshed, new expiry=2026-08-31 02:51:14.937941526 +0200 CEST m=+3599.367576578
ERROR: logging before google.Init: W0831 01:51:15.938157     279 composite_token_storage.go:237] Failed to save token to keyring, falling back to file: The name is not activatable
ERROR: logging before google.Init: W0831 01:51:15.938193     279 browser.go:261] Failed to save refreshed token: failed to write token to file: open /home/dd/.gemini/antigravity-cli/antigravity-oauth-token: read-only file system
ERROR: logging before google.Init: W0831 01:51:15.938231     142 cache.go:56] Cache(loadCodeAssistResponse): Singleflight refresh failed: error getting token source: You are not logged into Antigravity.
ERROR: logging before google.Init: E0831 01:51:15.938252     142 errorreport.go:223] error getting token source: You are not logged into Antigravity.
ERROR: logging before google.Init: W0831 01:51:15.938296     142 cache.go:56] Cache(userInfo): Singleflight refresh failed: failed to get load code assist response: error getting token source: You are not logged into Antigravity.
ERROR: logging before google.Init: E0831 01:51:15.938304     142 errorreport.go:223] failed to get load code assist response: error getting token source: You are not logged into Antigravity.
ERROR: logging before google.Init: I0831 01:51:16.111327       1 auth.go:147] ChainedAuth: authenticated via keyring (effective: keyring)
ERROR: logging before google.Init: I0831 01:51:16.111343       1 server_oauth.go:190] applyAuthResult: email=davdittrich@gmail.com, authMethod=consumer, quotaProject=
ERROR: logging before google.Init: I0831 01:51:16.111347       1 server_oauth.go:195] OAuth: authenticated successfully as davdittrich@gmail.com
ERROR: logging before google.Init: I0831 01:51:16.111350       1 server_oauth.go:201] b.codeAssistClient.AuthProvider (0x2da73e2e9c20) is same as b.cliAuth (0x2da73e2e9c20)
ERROR: logging before google.Init: W0831 01:51:16.111413     316 cache.go:56] Cache(fetchBAICAdminControls): Singleflight refresh failed: admin controls not applicable
ERROR: logging before google.Init: E0831 01:51:16.111445     316 errorreport.go:223] admin controls not applicable
ERROR: logging before google.Init: W0831 01:51:16.111497     316 cache.go:79] Failed to refresh cache in background: admin controls not applicable
ERROR: logging before google.Init: W0831 01:51:16.111510     340 cache.go:79] Failed to refresh cache in background: admin controls not applicable
ERROR: logging before google.Init: I0831 01:51:16.859275     311 http_helpers.go:246] URL: https://daily-cloudcode-pa.googleapis.com/v1internal:loadCodeAssist Trace: 0x94c33a3a3f2424be
ERROR: logging before google.Init: E0831 01:51:17.127702     146 browser_context.go:179] failed to install playwright: could not install driver: could not install driver: error: got non 200 status code: 404 (404 Not Found) from https://playwright.azureedge.net/builds/driver/playwright-1.57.0-linux.zip
error: got non 200 status code: 404 (404 Not Found) from https://playwright-akamai.azureedge.net/builds/driver/playwright-1.57.0-linux.zip
error: got non 200 status code: 404 (404 Not Found) from https://playwright-verizon.azureedge.net/builds/driver/playwright-1.57.0-linux.zip
ERROR: logging before google.Init: I0831 01:51:17.483020     312 http_helpers.go:246] URL: https://daily-cloudcode-pa.googleapis.com/v1internal:fetchAvailableModels Trace: 0x68ecfee442d73c9a
ERROR: logging before google.Init: I0831 01:51:17.505936       1 model_config_manager.go:311] Propagating selected model override to backend: label="Gemini 3.7 Flash (High)"
ERROR: logging before google.Init: I0831 01:51:17.506040     222 quota_manager.go:45] doRefreshQuota: starting reload (force=true)
ERROR: logging before google.Init: I0831 01:51:17.742916       1 printmode.go:366] Print mode: silent auth succeeded
ERROR: logging before google.Init: I0831 01:51:17.742923     223 experiment_manager.go:38] Starting experiment refresh after login
ERROR: logging before google.Init: I0831 01:51:17.871202     223 experiment_manager.go:42] Experiments refreshed after login
ERROR: logging before google.Init: I0831 01:51:17.871301     420 manager.go:1249] Reloading system slash commands
ERROR: logging before google.Init: I0831 01:51:18.399118     408 http_helpers.go:246] URL: https://daily-cloudcode-pa.googleapis.com/v1internal:loadCodeAssist Trace: 0xfe6befecfede386d
ERROR: logging before google.Init: I0831 01:51:18.957473     408 http_helpers.go:246] URL: https://daily-cloudcode-pa.googleapis.com/v1internal:loadCodeAssist Trace: 0x3d5d2aa97ddd17b5
ERROR: logging before google.Init: I0831 01:51:19.001713     408 model_config_manager.go:311] Propagating selected model override to backend: label="Gemini 3.7 Flash (High)"
ERROR: logging before google.Init: I0831 01:51:19.001780     222 quota_manager.go:45] doRefreshQuota: starting reload (force=true)
ERROR: logging before google.Init: I0831 01:51:19.001784     409 model_config_manager.go:311] Propagating selected model override to backend: label="Gemini 3.7 Flash (High)"
ERROR: logging before google.Init: I0831 01:51:19.043966       1 conversation_manager.go:421] Starting new conversation (agent=false)
ERROR: logging before google.Init: I0831 01:51:19.043993       1 server.go:1121] Creating new cascade trajectory (agentScript=false)
ERROR: logging before google.Init: I0831 01:51:19.043999       1 server.go:1124] Conversation using project ID: default-cli-project
ERROR: logging before google.Init: E0831 01:51:19.044781       1 errorreport.go:223] failed to create persistent trajectory in store 1: open backend /home/dd/.gemini/antigravity-cli/conversations/584f4906-be8b-4731-8ce0-236e07680d47.db: unable to open database file: no such file or directory
ERROR: logging before google.Init: E0831 01:51:19.044887       1 errorreport.go:223] Failed to ensure artifact directories for cascade 584f4906-be8b-4731-8ce0-236e07680d47: mkdir /home/dd/.gemini/antigravity-cli/brain/584f4906-be8b-4731-8ce0-236e07680d47: read-only file system
ERROR: logging before google.Init: E0831 01:51:19.045054       1 cascade_run_state.go:162] Failed to register with artifacts watcher for 584f4906-be8b-4731-8ce0-236e07680d47: Failed to register with artifacts watcher for 584f4906-be8b-4731-8ce0-236e07680d47: Failed to create artifacts directory for 584f4906-be8b-4731-8ce0-236e07680d47: mkdir /home/dd/.gemini/antigravity-cli/brain/584f4906-be8b-4731-8ce0-236e07680d47: read-only file system
ERROR: logging before google.Init: E0831 01:51:19.045118       1 errorreport.go:223] Failed to register with artifacts watcher for 584f4906-be8b-4731-8ce0-236e07680d47: Failed to register with artifacts watcher for 584f4906-be8b-4731-8ce0-236e07680d47: Failed to create artifacts directory for 584f4906-be8b-4731-8ce0-236e07680d47: mkdir /home/dd/.gemini/antigravity-cli/brain/584f4906-be8b-4731-8ce0-236e07680d47: read-only file system
ERROR: logging before google.Init: I0831 01:51:19.045184       1 server.go:1153] Created conversation 584f4906-be8b-4731-8ce0-236e07680d47
ERROR: logging before google.Init: I0831 01:51:19.045196       1 server.go:2798] GetConversationDetail: found conversation 584f4906-be8b-4731-8ce0-236e07680d47 (active=true)
ERROR: logging before google.Init: I0831 01:51:19.045410       1 server.go:2798] GetConversationDetail: found conversation 584f4906-be8b-4731-8ce0-236e07680d47 (active=true)
ERROR: logging before google.Init: I0831 01:51:19.045416       1 conversation_manager.go:468] project: switching to conversation belonging to project ID: default-cli-project
ERROR: logging before google.Init: I0831 01:51:19.045441       1 server.go:1911] Backend project ID updated dynamically to: default-cli-project
ERROR: logging before google.Init: I0831 01:51:19.045510       1 cli_setting_manager.go:217] ApplyProjectPermissionGrants: no grants for project "CLI Project", cleared project permissions
ERROR: logging before google.Init: I0831 01:51:19.045517       1 conversation_manager.go:514] project: synced active project to "CLI Project" (id=default-cli-project) from conversation switch
ERROR: logging before google.Init: I0831 01:51:19.045524       1 conversation_manager.go:748] Streaming conversation 584f4906-be8b-4731-8ce0-236e07680d47
ERROR: logging before google.Init: I0831 01:51:19.045596     437 manager.go:1273] Reloading system slash commands and skills
ERROR: logging before google.Init: I0831 01:51:19.045606     437 manager.go:1249] Reloading system slash commands
ERROR: logging before google.Init: I0831 01:51:19.046449     437 manager.go:1253] Slash commands unchanged, skipping update
ERROR: logging before google.Init: W0831 01:51:19.055671       1 presence.go:109] presence: open /home/dd/.gemini/antigravity-cli/presence/584f4906-be8b-4731-8ce0-236e07680d47.lock: read-only file system
ERROR: logging before google.Init: I0831 01:51:19.056498       1 server.go:1162] Starting conversation update stream for 584f4906-be8b-4731-8ce0-236e07680d47
ERROR: logging before google.Init: I0831 01:51:19.056516       1 session.go:150] Print mode: conversation=584f4906-be8b-4731-8ce0-236e07680d47, sending message
ERROR: logging before google.Init: I0831 01:51:19.056523       1 manager.go:1249] Reloading system slash commands
ERROR: logging before google.Init: I0831 01:51:19.057826       1 manager.go:1253] Slash commands unchanged, skipping update
ERROR: logging before google.Init: I0831 01:51:19.057871       1 conversation_manager.go:571] Forwarding user message to conversation 584f4906-be8b-4731-8ce0-236e07680d47 (items=1, media=0)
ERROR: logging before google.Init: I0831 01:51:19.057880       1 server.go:1612] Sending user message to conversation 584f4906-be8b-4731-8ce0-236e07680d47 (items=1, media=0)
ERROR: logging before google.Init: E0831 01:51:19.057891     869 skills.go:166] Failed to parse skill file /home/dd/.gemini/config/plugins/ponytail/skills/ponytail-debt/SKILL.md: failed to parse frontmatter: yaml: line 2: mapping values are not allowed in this context
ERROR: logging before google.Init: E0831 01:51:19.058989     911 skills.go:166] Failed to parse skill file /home/dd/.gemini/config/plugins/ponytail/skills/ponytail-debt/SKILL.md: failed to parse frontmatter: yaml: line 2: mapping values are not allowed in this context
ERROR: logging before google.Init: E0831 01:51:19.062857     369 repo.go:368] failed to create patch for untracked file .scratch/phase19-review-cycle2.bChjfV/node-compile-cache/v24.16.0-x64-a638cdcf-1000/00fc5144: bytes are not valid utf8
ERROR: logging before google.Init: E0831 01:51:19.062887     369 repo.go:368] failed to create patch for untracked file .scratch/phase19-review-cycle2.bChjfV/node-compile-cache/v24.16.0-x64-a638cdcf-1000/017b86c0: bytes are not valid utf8
ERROR: logging before google.Init: E0831 01:51:19.062900     369 repo.go:368] failed to create patch for untracked file .scratch/phase19-review-cycle2.bChjfV/node-compile-cache/v24.16.0-x64-a638cdcf-1000/064e5436: bytes are not valid utf8
ERROR: logging before google.Init: E0831 01:51:19.062915     369 repo.go:368] failed to create patch for untracked file .scratch/phase19-review-cycle2.bChjfV/node-compile-cache/v24.16.0-x64-a638cdcf-1000/076405bf: bytes are not valid utf8
ERROR: logging before google.Init: E0831 01:51:19.062927     369 repo.go:368] failed to create patch for untracked file .scratch/phase19-review-cycle2.bChjfV/node-compile-cache/v24.16.0-x64-a638cdcf-1000/0a971687: bytes are not valid utf8
ERROR: logging before google.Init: E0831 01:51:19.062941     369 repo.go:368] failed to create patch for untracked file .scratch/phase19-review-cycle2.bChjfV/node-compile-cache/v24.16.0-x64-a638cdcf-1000/0c0f5984: bytes are not valid utf8
ERROR: logging before google.Init: E0831 01:51:19.062956     369 repo.go:368] failed to create patch for untracked file .scratch/phase19-review-cycle2.bChjfV/node-compile-cache/v24.16.0-x64-a638cdcf-1000/0c14c7a2: bytes are not valid utf8
ERROR: logging before google.Init: E0831 01:51:19.062969     369 repo.go:368] failed to create patch for untracked file .scratch/phase19-review-cycle2.bChjfV/node-compile-cache/v24.16.0-x64-a638cdcf-1000/0ca85b04: bytes are not valid utf8
ERROR: logging before google.Init: E0831 01:51:19.062982     369 repo.go:368] failed to create patch for untracked file .scratch/phase19-review-cycle2.bChjfV/node-compile-cache/v24.16.0-x64-a638cdcf-1000/0ce2c7f6: bytes are not valid utf8
ERROR: logging before google.Init: E0831 01:51:19.062999     369 repo.go:368] failed to create patch for untracked file .scratch/phase19-review-cycle2.bChjfV/node-compile-cache/v24.16.0-x64-a638cdcf-1000/0de54489: bytes are not valid utf8
ERROR: logging before google.Init: E0831 01:51:19.063011     369 repo.go:368] failed to create patch for untracked file .scratch/phase19-review-cycle2.bChjfV/node-compile-cache/v24.16.0-x64-a638cdcf-1000/0eb5f9b3: bytes are not valid utf8
ERROR: logging before google.Init: E0831 01:51:19.063078     369 repo.go:368] failed to create patch for untracked file .scratch/phase19-review-cycle2.bChjfV/node-compile-cache/v24.16.0-x64-a638cdcf-1000/0f6a75d0: bytes are not valid utf8
ERROR: logging before google.Init: E0831 01:51:19.063674     829 skills.go:166] Failed to parse skill file /home/dd/.gemini/config/plugins/ponytail/skills/ponytail-debt/SKILL.md: failed to parse frontmatter: yaml: line 2: mapping values are not allowed in this context
ERROR: logging before google.Init: E0831 01:51:19.063700     369 repo.go:368] failed to create patch for untracked file .scratch/phase19-review-cycle2.bChjfV/node-compile-cache/v24.16.0-x64-a638cdcf-1000/11aecf42: bytes are not valid utf8
ERROR: logging before google.Init: E0831 01:51:19.063719     369 repo.go:368] failed to create patch for untracked file .scratch/phase19-review-cycle2.bChjfV/node-compile-cache/v24.16.0-x64-a638cdcf-1000/13412e09: bytes are not valid utf8
ERROR: logging before google.Init: E0831 01:51:19.063735     369 repo.go:368] failed to create patch for untracked file .scratch/phase19-review-cycle2.bChjfV/node-compile-cache/v24.16.0-x64-a638cdcf-1000/14411895: bytes are not valid utf8
ERROR: logging before google.Init: E0831 01:51:19.063761     369 repo.go:368] failed to create patch for untracked file .scratch/phase19-review-cycle2.bChjfV/node-compile-cache/v24.16.0-x64-a638cdcf-1000/1ca84db5: bytes are not valid utf8
ERROR: logging before google.Init: E0831 01:51:19.063774     369 repo.go:368] failed to create patch for untracked file .scratch/phase19-review-cycle2.bChjfV/node-compile-cache/v24.16.0-x64-a638cdcf-1000/1e49bfcd: bytes are not valid utf8
ERROR: logging before google.Init: E0831 01:51:19.063786     369 repo.go:368] failed to create patch for untracked file .scratch/phase19-review-cycle2.bChjfV/node-compile-cache/v24.16.0-x64-a638cdcf-1000/22171201: bytes are not valid utf8
ERROR: logging before google.Init: E0831 01:51:19.063798     369 repo.go:368] failed to create patch for untracked file .scratch/phase19-review-cycle2.bChjfV/node-compile-cache/v24.16.0-x64-a638cdcf-1000/222c146e: bytes are not valid utf8
ERROR: logging before google.Init: E0831 01:51:19.063816     369 repo.go:368] failed to create patch for untracked file .scratch/phase19-review-cycle2.bChjfV/node-compile-cache/v24.16.0-x64-a638cdcf-1000/238cf301: bytes are not valid utf8
ERROR: logging before google.Init: E0831 01:51:19.063831     369 repo.go:368] failed to create patch for untracked file .scratch/phase19-review-cycle2.bChjfV/node-compile-cache/v24.16.0-x64-a638cdcf-1000/277d5dc6: bytes are not valid utf8
ERROR: logging before google.Init: E0831 01:51:19.063844     369 repo.go:368] failed to create patch for untracked file .scratch/phase19-review-cycle2.bChjfV/node-compile-cache/v24.16.0-x64-a638cdcf-1000/292f23aa: bytes are not valid utf8
ERROR: logging before google.Init: E0831 01:51:19.063856     369 repo.go:368] failed to create patch for untracked file .scratch/phase19-review-cycle2.bChjfV/node-compile-cache/v24.16.0-x64-a638cdcf-1000/29ed169d: bytes are not valid utf8
ERROR: logging before google.Init: E0831 01:51:19.063870     369 repo.go:368] failed to create patch for untracked file .scratch/phase19-review-cycle2.bChjfV/node-compile-cache/v24.16.0-x64-a638cdcf-1000/2aae7ec2: bytes are not valid utf8
ERROR: logging before google.Init: E0831 01:51:19.063881     369 repo.go:368] failed to create patch for untracked file .scratch/phase19-review-cycle2.bChjfV/node-compile-cache/v24.16.0-x64-a638cdcf-1000/2c91a167: bytes are not valid utf8
ERROR: logging before google.Init: E0831 01:51:19.063894     369 repo.go:368] failed to create patch for untracked file .scratch/phase19-review-cycle2.bChjfV/node-compile-cache/v24.16.0-x64-a638cdcf-1000/2cbc9b87: bytes are not valid utf8
ERROR: logging before google.Init: E0831 01:51:19.063905     369 repo.go:368] failed to create patch for untracked file .scratch/phase19-review-cycle2.bChjfV/node-compile-cache/v24.16.0-x64-a638cdcf-1000/2cf8bc03: bytes are not valid utf8
ERROR: logging before google.Init: E0831 01:51:19.063918     369 repo.go:368] failed to create patch for untracked file .scratch/phase19-review-cycle2.bChjfV/node-compile-cache/v24.16.0-x64-a638cdcf-1000/2d6540a8: bytes are not valid utf8
ERROR: logging before google.Init: E0831 01:51:19.063930     369 repo.go:368] failed to create patch for untracked file .scratch/phase19-review-cycle2.bChjfV/node-compile-cache/v24.16.0-x64-a638cdcf-1000/2d94b111: bytes are not valid utf8
ERROR: logging before google.Init: E0831 01:51:19.063941     369 repo.go:368] failed to create patch for untracked file .scratch/phase19-review-cycle2.bChjfV/node-compile-cache/v24.16.0-x64-a638cdcf-1000/2dd4ab2f: bytes are not valid utf8
ERROR: logging before google.Init: E0831 01:51:19.063952     369 repo.go:368] failed to create patch for untracked file .scratch/phase19-review-cycle2.bChjfV/node-compile-cache/v24.16.0-x64-a638cdcf-1000/33d4ac4e: bytes are not valid utf8
ERROR: logging before google.Init: E0831 01:51:19.063964     369 repo.go:368] failed to create patch for untracked file .scratch/phase19-review-cycle2.bChjfV/node-compile-cache/v24.16.0-x64-a638cdcf-1000/3474ca68: bytes are not valid utf8
ERROR: logging before google.Init: E0831 01:51:19.063976     369 repo.go:368] failed to create patch for untracked file .scratch/phase19-review-cycle2.bChjfV/node-compile-cache/v24.16.0-x64-a638cdcf-1000/34a8d599: bytes are not valid utf8
ERROR: logging before google.Init: E0831 01:51:19.063987     369 repo.go:368] failed to create patch for untracked file .scratch/phase19-review-cycle2.bChjfV/node-compile-cache/v24.16.0-x64-a638cdcf-1000/363b480f: bytes are not valid utf8
ERROR: logging before google.Init: E0831 01:51:19.063998     369 repo.go:368] failed to create patch for untracked file .scratch/phase19-review-cycle2.bChjfV/node-compile-cache/v24.16.0-x64-a638cdcf-1000/380e1b95: bytes are not valid utf8
ERROR: logging before google.Init: E0831 01:51:19.064009     369 repo.go:368] failed to create patch for untracked file .scratch/phase19-review-cycle2.bChjfV/node-compile-cache/v24.16.0-x64-a638cdcf-1000/397648b4: bytes are not valid utf8
ERROR: logging before google.Init: E0831 01:51:19.064019     369 repo.go:368] failed to create patch for untracked file .scratch/phase19-review-cycle2.bChjfV/node-compile-cache/v24.16.0-x64-a638cdcf-1000/3a6b73bf: bytes are not valid utf8
ERROR: logging before google.Init: E0831 01:51:19.064030     369 repo.go:368] failed to create patch for untracked file .scratch/phase19-review-cycle2.bChjfV/node-compile-cache/v24.16.0-x64-a638cdcf-1000/3ba47f8e: bytes are not valid utf8
ERROR: logging before google.Init: E0831 01:51:19.064041     369 repo.go:368] failed to create patch for untracked file .scratch/phase19-review-cycle2.bChjfV/node-compile-cache/v24.16.0-x64-a638cdcf-1000/3c56c2a7: bytes are not valid utf8
ERROR: logging before google.Init: E0831 01:51:19.064051     369 repo.go:368] failed to create patch for untracked file .scratch/phase19-review-cycle2.bChjfV/node-compile-cache/v24.16.0-x64-a638cdcf-1000/3f4e1002: bytes are not valid utf8
ERROR: logging before google.Init: E0831 01:51:19.064062     369 repo.go:368] failed to create patch for untracked file .scratch/phase19-review-cycle2.bChjfV/node-compile-cache/v24.16.0-x64-a638cdcf-1000/42203806: bytes are not valid utf8
ERROR: logging before google.Init: E0831 01:51:19.064072     369 repo.go:368] failed to create patch for untracked file .scratch/phase19-review-cycle2.bChjfV/node-compile-cache/v24.16.0-x64-a638cdcf-1000/443bec60: bytes are not valid utf8
ERROR: logging before google.Init: E0831 01:51:19.064083     369 repo.go:368] failed to create patch for untracked file .scratch/phase19-review-cycle2.bChjfV/node-compile-cache/v24.16.0-x64-a638cdcf-1000/4502b13f: bytes are not valid utf8
ERROR: logging before google.Init: E0831 01:51:19.064093     369 repo.go:368] failed to create patch for untracked file .scratch/phase19-review-cycle2.bChjfV/node-compile-cache/v24.16.0-x64-a638cdcf-1000/4712a260: bytes are not valid utf8
ERROR: logging before google.Init: E0831 01:51:19.064104     369 repo.go:368] failed to create patch for untracked file .scratch/phase19-review-cycle2.bChjfV/node-compile-cache/v24.16.0-x64-a638cdcf-1000/4975c255: bytes are not valid utf8
ERROR: logging before google.Init: E0831 01:51:19.064113     369 repo.go:368] failed to create patch for untracked file .scratch/phase19-review-cycle2.bChjfV/node-compile-cache/v24.16.0-x64-a638cdcf-1000/4bcda8d0: bytes are not valid utf8
ERROR: logging before google.Init: E0831 01:51:19.064123     369 repo.go:368] failed to create patch for untracked file .scratch/phase19-review-cycle2.bChjfV/node-compile-cache/v24.16.0-x64-a638cdcf-1000/4e617775: bytes are not valid utf8
ERROR: logging before google.Init: E0831 01:51:19.064133     369 repo.go:368] failed to create patch for untracked file .scratch/phase19-review-cycle2.bChjfV/node-compile-cache/v24.16.0-x64-a638cdcf-1000/5051f114: bytes are not valid utf8
ERROR: logging before google.Init: E0831 01:51:19.064142     369 repo.go:368] failed to create patch for untracked file .scratch/phase19-review-cycle2.bChjfV/node-compile-cache/v24.16.0-x64-a638cdcf-1000/5208bc92: bytes are not valid utf8
ERROR: logging before google.Init: E0831 01:51:19.064155     369 repo.go:368] failed to create patch for untracked file .scratch/phase19-review-cycle2.bChjfV/node-compile-cache/v24.16.0-x64-a638cdcf-1000/539528b4: bytes are not valid utf8
ERROR: logging before google.Init: E0831 01:51:19.064166     369 repo.go:368] failed to create patch for untracked file .scratch/phase19-review-cycle2.bChjfV/node-compile-cache/v24.16.0-x64-a638cdcf-1000/5422b955: bytes are not valid utf8
ERROR: logging before google.Init: E0831 01:51:19.064175     369 repo.go:368] failed to create patch for untracked file .scratch/phase19-review-cycle2.bChjfV/node-compile-cache/v24.16.0-x64-a638cdcf-1000/54adc9b2: bytes are not valid utf8
ERROR: logging before google.Init: E0831 01:51:19.064185     369 repo.go:368] failed to create patch for untracked file .scratch/phase19-review-cycle2.bChjfV/node-compile-cache/v24.16.0-x64-a638cdcf-1000/576f1f16: bytes are not valid utf8
ERROR: logging before google.Init: E0831 01:51:19.064195     369 repo.go:368] failed to create patch for untracked file .scratch/phase19-review-cycle2.bChjfV/node-compile-cache/v24.16.0-x64-a638cdcf-1000/5d258ddb: bytes are not valid utf8
ERROR: logging before google.Init: E0831 01:51:19.064206     369 repo.go:368] failed to create patch for untracked file .scratch/phase19-review-cycle2.bChjfV/node-compile-cache/v24.16.0-x64-a638cdcf-1000/62841b55: bytes are not valid utf8
ERROR: logging before google.Init: E0831 01:51:19.064215     369 repo.go:368] failed to create patch for untracked file .scratch/phase19-review-cycle2.bChjfV/node-compile-cache/v24.16.0-x64-a638cdcf-1000/63acd7c5: bytes are not valid utf8
ERROR: logging before google.Init: E0831 01:51:19.064224     369 repo.go:368] failed to create patch for untracked file .scratch/phase19-review-cycle2.bChjfV/node-compile-cache/v24.16.0-x64-a638cdcf-1000/661d029e: bytes are not valid utf8
ERROR: logging before google.Init: E0831 01:51:19.064234     369 repo.go:368] failed to create patch for untracked file .scratch/phase19-review-cycle2.bChjfV/node-compile-cache/v24.16.0-x64-a638cdcf-1000/676d76ec: bytes are not valid utf8
ERROR: logging before google.Init: E0831 01:51:19.064244     369 repo.go:368] failed to create patch for untracked file .scratch/phase19-review-cycle2.bChjfV/node-compile-cache/v24.16.0-x64-a638cdcf-1000/68045d8a: bytes are not valid utf8
ERROR: logging before google.Init: E0831 01:51:19.064257     369 repo.go:368] failed to create patch for untracked file .scratch/phase19-review-cycle2.bChjfV/node-compile-cache/v24.16.0-x64-a638cdcf-1000/6a195e46: bytes are not valid utf8
ERROR: logging before google.Init: E0831 01:51:19.064269     369 repo.go:368] failed to create patch for untracked file .scratch/phase19-review-cycle2.bChjfV/node-compile-cache/v24.16.0-x64-a638cdcf-1000/6c0f1701: bytes are not valid utf8
ERROR: logging before google.Init: E0831 01:51:19.064280     369 repo.go:368] failed to create patch for untracked file .scratch/phase19-review-cycle2.bChjfV/node-compile-cache/v24.16.0-x64-a638cdcf-1000/6c36f986: bytes are not valid utf8
ERROR: logging before google.Init: E0831 01:51:19.064290     369 repo.go:368] failed to create patch for untracked file .scratch/phase19-review-cycle2.bChjfV/node-compile-cache/v24.16.0-x64-a638cdcf-1000/6c9cb4e6: bytes are not valid utf8
ERROR: logging before google.Init: E0831 01:51:19.064304     369 repo.go:368] failed to create patch for untracked file .scratch/phase19-review-cycle2.bChjfV/node-compile-cache/v24.16.0-x64-a638cdcf-1000/6cb2fccc: bytes are not valid utf8
ERROR: logging before google.Init: E0831 01:51:19.064314     369 repo.go:368] failed to create patch for untracked file .scratch/phase19-review-cycle2.bChjfV/node-compile-cache/v24.16.0-x64-a638cdcf-1000/6d09090e: bytes are not valid utf8
ERROR: logging before google.Init: E0831 01:51:19.064324     369 repo.go:368] failed to create patch for untracked file .scratch/phase19-review-cycle2.bChjfV/node-compile-cache/v24.16.0-x64-a638cdcf-1000/6f0997d4: bytes are not valid utf8
ERROR: logging before google.Init: E0831 01:51:19.064335     369 repo.go:368] failed to create patch for untracked file .scratch/phase19-review-cycle2.bChjfV/node-compile-cache/v24.16.0-x64-a638cdcf-1000/722853d4: bytes are not valid utf8
ERROR: logging before google.Init: E0831 01:51:19.064344     369 repo.go:368] failed to create patch for untracked file .scratch/phase19-review-cycle2.bChjfV/node-compile-cache/v24.16.0-x64-a638cdcf-1000/74dbfc65: bytes are not valid utf8
ERROR: logging before google.Init: E0831 01:51:19.064357     369 repo.go:368] failed to create patch for untracked file .scratch/phase19-review-cycle2.bChjfV/node-compile-cache/v24.16.0-x64-a638cdcf-1000/74faeac6: bytes are not valid utf8
ERROR: logging before google.Init: E0831 01:51:19.064368     369 repo.go:368] failed to create patch for untracked file .scratch/phase19-review-cycle2.bChjfV/node-compile-cache/v24.16.0-x64-a638cdcf-1000/755eaac8: bytes are not valid utf8
ERROR: logging before google.Init: E0831 01:51:19.064378     369 repo.go:368] failed to create patch for untracked file .scratch/phase19-review-cycle2.bChjfV/node-compile-cache/v24.16.0-x64-a638cdcf-1000/78960ff3: bytes are not valid utf8
ERROR: logging before google.Init: E0831 01:51:19.064388     369 repo.go:368] failed to create patch for untracked file .scratch/phase19-review-cycle2.bChjfV/node-compile-cache/v24.16.0-x64-a638cdcf-1000/7d12cc21: bytes are not valid utf8
ERROR: logging before google.Init: E0831 01:51:19.064399     369 repo.go:368] failed to create patch for untracked file .scratch/phase19-review-cycle2.bChjfV/node-compile-cache/v24.16.0-x64-a638cdcf-1000/7d3095bd: bytes are not valid utf8
ERROR: logging before google.Init: E0831 01:51:19.064409     369 repo.go:368] failed to create patch for untracked file .scratch/phase19-review-cycle2.bChjfV/node-compile-cache/v24.16.0-x64-a638cdcf-1000/7ee4b63c: bytes are not valid utf8
ERROR: logging before google.Init: E0831 01:51:19.064421     369 repo.go:368] failed to create patch for untracked file .scratch/phase19-review-cycle2.bChjfV/node-compile-cache/v24.16.0-x64-a638cdcf-1000/7fd960fb: bytes are not valid utf8
ERROR: logging before google.Init: E0831 01:51:19.064431     369 repo.go:368] failed to create patch for untracked file .scratch/phase19-review-cycle2.bChjfV/node-compile-cache/v24.16.0-x64-a638cdcf-1000/81c4f277: bytes are not valid utf8
ERROR: logging before google.Init: E0831 01:51:19.064440     369 repo.go:368] failed to create patch for untracked file .scratch/phase19-review-cycle2.bChjfV/node-compile-cache/v24.16.0-x64-a638cdcf-1000/83698a21: bytes are not valid utf8
ERROR: logging before google.Init: E0831 01:51:19.064449     369 repo.go:368] failed to create patch for untracked file .scratch/phase19-review-cycle2.bChjfV/node-compile-cache/v24.16.0-x64-a638cdcf-1000/837bc788: bytes are not valid utf8
ERROR: logging before google.Init: E0831 01:51:19.064460     369 repo.go:368] failed to create patch for untracked file .scratch/phase19-review-cycle2.bChjfV/node-compile-cache/v24.16.0-x64-a638cdcf-1000/83d055c3: bytes are not valid utf8
ERROR: logging before google.Init: E0831 01:51:19.064472     369 repo.go:368] failed to create patch for untracked file .scratch/phase19-review-cycle2.bChjfV/node-compile-cache/v24.16.0-x64-a638cdcf-1000/84131f46: bytes are not valid utf8
ERROR: logging before google.Init: E0831 01:51:19.064481     369 repo.go:368] failed to create patch for untracked file .scratch/phase19-review-cycle2.bChjfV/node-compile-cache/v24.16.0-x64-a638cdcf-1000/860b5550: bytes are not valid utf8
ERROR: logging before google.Init: E0831 01:51:19.064491     369 repo.go:368] failed to create patch for untracked file .scratch/phase19-review-cycle2.bChjfV/node-compile-cache/v24.16.0-x64-a638cdcf-1000/8627a850: bytes are not valid utf8
ERROR: logging before google.Init: E0831 01:51:19.064501     369 repo.go:368] failed to create patch for untracked file .scratch/phase19-review-cycle2.bChjfV/node-compile-cache/v24.16.0-x64-a638cdcf-1000/86de0780: bytes are not valid utf8
ERROR: logging before google.Init: E0831 01:51:19.064512     369 repo.go:368] failed to create patch for untracked file .scratch/phase19-review-cycle2.bChjfV/node-compile-cache/v24.16.0-x64-a638cdcf-1000/893e0d3c: bytes are not valid utf8
ERROR: logging before google.Init: E0831 01:51:19.064522     369 repo.go:368] failed to create patch for untracked file .scratch/phase19-review-cycle2.bChjfV/node-compile-cache/v24.16.0-x64-a638cdcf-1000/89fd058d: bytes are not valid utf8
ERROR: logging before google.Init: E0831 01:51:19.064531     369 repo.go:368] failed to create patch for untracked file .scratch/phase19-review-cycle2.bChjfV/node-compile-cache/v24.16.0-x64-a638cdcf-1000/8a1bdd9e: bytes are not valid utf8
ERROR: logging before google.Init: E0831 01:51:19.064542     369 repo.go:368] failed to create patch for untracked file .scratch/phase19-review-cycle2.bChjfV/node-compile-cache/v24.16.0-x64-a638cdcf-1000/8dd343d3: bytes are not valid utf8
ERROR: logging before google.Init: E0831 01:51:19.064551     369 repo.go:368] failed to create patch for untracked file .scratch/phase19-review-cycle2.bChjfV/node-compile-cache/v24.16.0-x64-a638cdcf-1000/901bb925: bytes are not valid utf8
ERROR: logging before google.Init: E0831 01:51:19.064562     369 repo.go:368] failed to create patch for untracked file .scratch/phase19-review-cycle2.bChjfV/node-compile-cache/v24.16.0-x64-a638cdcf-1000/90ae4f72: bytes are not valid utf8
ERROR: logging before google.Init: E0831 01:51:19.064573     369 repo.go:368] failed to create patch for untracked file .scratch/phase19-review-cycle2.bChjfV/node-compile-cache/v24.16.0-x64-a638cdcf-1000/91a9bb81: bytes are not valid utf8
ERROR: logging before google.Init: E0831 01:51:19.064585     369 repo.go:368] failed to create patch for untracked file .scratch/phase19-review-cycle2.bChjfV/node-compile-cache/v24.16.0-x64-a638cdcf-1000/93d995b9: bytes are not valid utf8
ERROR: logging before google.Init: E0831 01:51:19.064600     369 repo.go:368] failed to create patch for untracked file .scratch/phase19-review-cycle2.bChjfV/node-compile-cache/v24.16.0-x64-a638cdcf-1000/95449e74: bytes are not valid utf8
ERROR: logging before google.Init: E0831 01:51:19.064610     369 repo.go:368] failed to create patch for untracked file .scratch/phase19-review-cycle2.bChjfV/node-compile-cache/v24.16.0-x64-a638cdcf-1000/95811550: bytes are not valid utf8
ERROR: logging before google.Init: E0831 01:51:19.064620     369 repo.go:368] failed to create patch for untracked file .scratch/phase19-review-cycle2.bChjfV/node-compile-cache/v24.16.0-x64-a638cdcf-1000/97da49d8: bytes are not valid utf8
ERROR: logging before google.Init: E0831 01:51:19.064630     369 repo.go:368] failed to create patch for untracked file .scratch/phase19-review-cycle2.bChjfV/node-compile-cache/v24.16.0-x64-a638cdcf-1000/9b5e090b: bytes are not valid utf8
ERROR: logging before google.Init: E0831 01:51:19.064639     369 repo.go:368] failed to create patch for untracked file .scratch/phase19-review-cycle2.bChjfV/node-compile-cache/v24.16.0-x64-a638cdcf-1000/9ba6c605: bytes are not valid utf8
ERROR: logging before google.Init: E0831 01:51:19.064649     369 repo.go:368] failed to create patch for untracked file .scratch/phase19-review-cycle2.bChjfV/node-compile-cache/v24.16.0-x64-a638cdcf-1000/9d61ee7f: bytes are not valid utf8
ERROR: logging before google.Init: E0831 01:51:19.064659     369 repo.go:368] failed to create patch for untracked file .scratch/phase19-review-cycle2.bChjfV/node-compile-cache/v24.16.0-x64-a638cdcf-1000/a1785609: bytes are not valid utf8
ERROR: logging before google.Init: E0831 01:51:19.064667     369 repo.go:368] failed to create patch for untracked file .scratch/phase19-review-cycle2.bChjfV/node-compile-cache/v24.16.0-x64-a638cdcf-1000/a1f9532b: bytes are not valid utf8
ERROR: logging before google.Init: E0831 01:51:19.064677     369 repo.go:368] failed to create patch for untracked file .scratch/phase19-review-cycle2.bChjfV/node-compile-cache/v24.16.0-x64-a638cdcf-1000/a5a41807: bytes are not valid utf8
ERROR: logging before google.Init: E0831 01:51:19.064687     369 repo.go:368] failed to create patch for untracked file .scratch/phase19-review-cycle2.bChjfV/node-compile-cache/v24.16.0-x64-a638cdcf-1000/a64cacae: bytes are not valid utf8
ERROR: logging before google.Init: E0831 01:51:19.064696     369 repo.go:368] failed to create patch for untracked file .scratch/phase19-review-cycle2.bChjfV/node-compile-cache/v24.16.0-x64-a638cdcf-1000/a6651458: bytes are not valid utf8
ERROR: logging before google.Init: E0831 01:51:19.064706     369 repo.go:368] failed to create patch for untracked file .scratch/phase19-review-cycle2.bChjfV/node-compile-cache/v24.16.0-x64-a638cdcf-1000/a6718356: bytes are not valid utf8
ERROR: logging before google.Init: E0831 01:51:19.064717     369 repo.go:368] failed to create patch for untracked file .scratch/phase19-review-cycle2.bChjfV/node-compile-cache/v24.16.0-x64-a638cdcf-1000/a6edb7c5: bytes are not valid utf8
ERROR: logging before google.Init: E0831 01:51:19.064728     369 repo.go:368] failed to create patch for untracked file .scratch/phase19-review-cycle2.bChjfV/node-compile-cache/v24.16.0-x64-a638cdcf-1000/a7e2ed95: bytes are not valid utf8
ERROR: logging before google.Init: E0831 01:51:19.064739     369 repo.go:368] failed to create patch for untracked file .scratch/phase19-review-cycle2.bChjfV/node-compile-cache/v24.16.0-x64-a638cdcf-1000/aaed4771: bytes are not valid utf8
ERROR: logging before google.Init: E0831 01:51:19.064751     369 repo.go:368] failed to create patch for untracked file .scratch/phase19-review-cycle2.bChjfV/node-compile-cache/v24.16.0-x64-a638cdcf-1000/ac4e057d: bytes are not valid utf8
ERROR: logging before google.Init: E0831 01:51:19.064762     369 repo.go:368] failed to create patch for untracked file .scratch/phase19-review-cycle2.bChjfV/node-compile-cache/v24.16.0-x64-a638cdcf-1000/b0a8f3fa: bytes are not valid utf8
ERROR: logging before google.Init: E0831 01:51:19.064772     369 repo.go:368] failed to create patch for untracked file .scratch/phase19-review-cycle2.bChjfV/node-compile-cache/v24.16.0-x64-a638cdcf-1000/b1f1332f: bytes are not valid utf8
ERROR: logging before google.Init: E0831 01:51:19.064782     369 repo.go:368] failed to create patch for untracked file .scratch/phase19-review-cycle2.bChjfV/node-compile-cache/v24.16.0-x64-a638cdcf-1000/b74364b4: bytes are not valid utf8
ERROR: logging before google.Init: E0831 01:51:19.064792     369 repo.go:368] failed to create patch for untracked file .scratch/phase19-review-cycle2.bChjfV/node-compile-cache/v24.16.0-x64-a638cdcf-1000/b9fb34f7: bytes are not valid utf8
ERROR: logging before google.Init: E0831 01:51:19.064801     369 repo.go:368] failed to create patch for untracked file .scratch/phase19-review-cycle2.bChjfV/node-compile-cache/v24.16.0-x64-a638cdcf-1000/bbe1526b: bytes are not valid utf8
ERROR: logging before google.Init: E0831 01:51:19.064811     369 repo.go:368] failed to create patch for untracked file .scratch/phase19-review-cycle2.bChjfV/node-compile-cache/v24.16.0-x64-a638cdcf-1000/bc7ecf92: bytes are not valid utf8
ERROR: logging before google.Init: E0831 01:51:19.064822     369 repo.go:368] failed to create patch for untracked file .scratch/phase19-review-cycle2.bChjfV/node-compile-cache/v24.16.0-x64-a638cdcf-1000/bf3999b7: bytes are not valid utf8
ERROR: logging before google.Init: E0831 01:51:19.064832     369 repo.go:368] failed to create patch for untracked file .scratch/phase19-review-cycle2.bChjfV/node-compile-cache/v24.16.0-x64-a638cdcf-1000/c05fb63e: bytes are not valid utf8
ERROR: logging before google.Init: E0831 01:51:19.064841     369 repo.go:368] failed to create patch for untracked file .scratch/phase19-review-cycle2.bChjfV/node-compile-cache/v24.16.0-x64-a638cdcf-1000/c5becfe9: bytes are not valid utf8
ERROR: logging before google.Init: E0831 01:51:19.064851     369 repo.go:368] failed to create patch for untracked file .scratch/phase19-review-cycle2.bChjfV/node-compile-cache/v24.16.0-x64-a638cdcf-1000/c5c16ea1: bytes are not valid utf8
ERROR: logging before google.Init: E0831 01:51:19.064861     369 repo.go:368] failed to create patch for untracked file .scratch/phase19-review-cycle2.bChjfV/node-compile-cache/v24.16.0-x64-a638cdcf-1000/c6bce957: bytes are not valid utf8
ERROR: logging before google.Init: E0831 01:51:19.064871     369 repo.go:368] failed to create patch for untracked file .scratch/phase19-review-cycle2.bChjfV/node-compile-cache/v24.16.0-x64-a638cdcf-1000/c8867b50: bytes are not valid utf8
ERROR: logging before google.Init: E0831 01:51:19.064881     369 repo.go:368] failed to create patch for untracked file .scratch/phase19-review-cycle2.bChjfV/node-compile-cache/v24.16.0-x64-a638cdcf-1000/c8c713a4: bytes are not valid utf8
ERROR: logging before google.Init: E0831 01:51:19.064890     369 repo.go:368] failed to create patch for untracked file .scratch/phase19-review-cycle2.bChjfV/node-compile-cache/v24.16.0-x64-a638cdcf-1000/cac5da3e: bytes are not valid utf8
ERROR: logging before google.Init: E0831 01:51:19.064900     369 repo.go:368] failed to create patch for untracked file .scratch/phase19-review-cycle2.bChjfV/node-compile-cache/v24.16.0-x64-a638cdcf-1000/cbf13d29: bytes are not valid utf8
ERROR: logging before google.Init: E0831 01:51:19.064909     369 repo.go:368] failed to create patch for untracked file .scratch/phase19-review-cycle2.bChjfV/node-compile-cache/v24.16.0-x64-a638cdcf-1000/cf2a2d68: bytes are not valid utf8
ERROR: logging before google.Init: E0831 01:51:19.064918     369 repo.go:368] failed to create patch for untracked file .scratch/phase19-review-cycle2.bChjfV/node-compile-cache/v24.16.0-x64-a638cdcf-1000/cff33166: bytes are not valid utf8
ERROR: logging before google.Init: E0831 01:51:19.064930     369 repo.go:368] failed to create patch for untracked file .scratch/phase19-review-cycle2.bChjfV/node-compile-cache/v24.16.0-x64-a638cdcf-1000/d27ee1e2: bytes are not valid utf8
ERROR: logging before google.Init: E0831 01:51:19.064940     369 repo.go:368] failed to create patch for untracked file .scratch/phase19-review-cycle2.bChjfV/node-compile-cache/v24.16.0-x64-a638cdcf-1000/d538c6b2: bytes are not valid utf8
ERROR: logging before google.Init: E0831 01:51:19.064950     369 repo.go:368] failed to create patch for untracked file .scratch/phase19-review-cycle2.bChjfV/node-compile-cache/v24.16.0-x64-a638cdcf-1000/d85c22ca: bytes are not valid utf8
ERROR: logging before google.Init: E0831 01:51:19.064959     369 repo.go:368] failed to create patch for untracked file .scratch/phase19-review-cycle2.bChjfV/node-compile-cache/v24.16.0-x64-a638cdcf-1000/d87799cd: bytes are not valid utf8
ERROR: logging before google.Init: E0831 01:51:19.064968     369 repo.go:368] failed to create patch for untracked file .scratch/phase19-review-cycle2.bChjfV/node-compile-cache/v24.16.0-x64-a638cdcf-1000/d89efcb0: bytes are not valid utf8
ERROR: logging before google.Init: E0831 01:51:19.064978     369 repo.go:368] failed to create patch for untracked file .scratch/phase19-review-cycle2.bChjfV/node-compile-cache/v24.16.0-x64-a638cdcf-1000/db8b8880: bytes are not valid utf8
ERROR: logging before google.Init: E0831 01:51:19.064987     369 repo.go:368] failed to create patch for untracked file .scratch/phase19-review-cycle2.bChjfV/node-compile-cache/v24.16.0-x64-a638cdcf-1000/db9713a5: bytes are not valid utf8
ERROR: logging before google.Init: E0831 01:51:19.064997     369 repo.go:368] failed to create patch for untracked file .scratch/phase19-review-cycle2.bChjfV/node-compile-cache/v24.16.0-x64-a638cdcf-1000/dd463702: bytes are not valid utf8
ERROR: logging before google.Init: E0831 01:51:19.065006     369 repo.go:368] failed to create patch for untracked file .scratch/phase19-review-cycle2.bChjfV/node-compile-cache/v24.16.0-x64-a638cdcf-1000/dda3a17a: bytes are not valid utf8
ERROR: logging before google.Init: E0831 01:51:19.065016     369 repo.go:368] failed to create patch for untracked file .scratch/phase19-review-cycle2.bChjfV/node-compile-cache/v24.16.0-x64-a638cdcf-1000/de9f53d2: bytes are not valid utf8
ERROR: logging before google.Init: E0831 01:51:19.065025     369 repo.go:368] failed to create patch for untracked file .scratch/phase19-review-cycle2.bChjfV/node-compile-cache/v24.16.0-x64-a638cdcf-1000/deaa7412: bytes are not valid utf8
ERROR: logging before google.Init: E0831 01:51:19.065034     369 repo.go:368] failed to create patch for untracked file .scratch/phase19-review-cycle2.bChjfV/node-compile-cache/v24.16.0-x64-a638cdcf-1000/def1f75e: bytes are not valid utf8
ERROR: logging before google.Init: E0831 01:51:19.065044     369 repo.go:368] failed to create patch for untracked file .scratch/phase19-review-cycle2.bChjfV/node-compile-cache/v24.16.0-x64-a638cdcf-1000/dfb98784: bytes are not valid utf8
ERROR: logging before google.Init: E0831 01:51:19.065054     369 repo.go:368] failed to create patch for untracked file .scratch/phase19-review-cycle2.bChjfV/node-compile-cache/v24.16.0-x64-a638cdcf-1000/dfdf6ef6: bytes are not valid utf8
ERROR: logging before google.Init: E0831 01:51:19.065065     369 repo.go:368] failed to create patch for untracked file .scratch/phase19-review-cycle2.bChjfV/node-compile-cache/v24.16.0-x64-a638cdcf-1000/e02a7d71: bytes are not valid utf8
ERROR: logging before google.Init: E0831 01:51:19.065080     369 repo.go:368] failed to create patch for untracked file .scratch/phase19-review-cycle2.bChjfV/node-compile-cache/v24.16.0-x64-a638cdcf-1000/e1ccd941: bytes are not valid utf8
ERROR: logging before google.Init: E0831 01:51:19.065093     369 repo.go:368] failed to create patch for untracked file .scratch/phase19-review-cycle2.bChjfV/node-compile-cache/v24.16.0-x64-a638cdcf-1000/e570fabc: bytes are not valid utf8
ERROR: logging before google.Init: E0831 01:51:19.065106     369 repo.go:368] failed to create patch for untracked file .scratch/phase19-review-cycle2.bChjfV/node-compile-cache/v24.16.0-x64-a638cdcf-1000/e5ad9250: bytes are not valid utf8
ERROR: logging before google.Init: E0831 01:51:19.065116     369 repo.go:368] failed to create patch for untracked file .scratch/phase19-review-cycle2.bChjfV/node-compile-cache/v24.16.0-x64-a638cdcf-1000/e6cbf296: bytes are not valid utf8
ERROR: logging before google.Init: E0831 01:51:19.065126     369 repo.go:368] failed to create patch for untracked file .scratch/phase19-review-cycle2.bChjfV/node-compile-cache/v24.16.0-x64-a638cdcf-1000/e959fd7e: bytes are not valid utf8
ERROR: logging before google.Init: E0831 01:51:19.065136     369 repo.go:368] failed to create patch for untracked file .scratch/phase19-review-cycle2.bChjfV/node-compile-cache/v24.16.0-x64-a638cdcf-1000/ea09f9ff: bytes are not valid utf8
ERROR: logging before google.Init: E0831 01:51:19.065147     369 repo.go:368] failed to create patch for untracked file .scratch/phase19-review-cycle2.bChjfV/node-compile-cache/v24.16.0-x64-a638cdcf-1000/ead167e3: bytes are not valid utf8
ERROR: logging before google.Init: E0831 01:51:19.065159     369 repo.go:368] failed to create patch for untracked file .scratch/phase19-review-cycle2.bChjfV/node-compile-cache/v24.16.0-x64-a638cdcf-1000/eaf167fb: bytes are not valid utf8
ERROR: logging before google.Init: E0831 01:51:19.065168     369 repo.go:368] failed to create patch for untracked file .scratch/phase19-review-cycle2.bChjfV/node-compile-cache/v24.16.0-x64-a638cdcf-1000/ec7ebb51: bytes are not valid utf8
ERROR: logging before google.Init: E0831 01:51:19.065178     369 repo.go:368] failed to create patch for untracked file .scratch/phase19-review-cycle2.bChjfV/node-compile-cache/v24.16.0-x64-a638cdcf-1000/ef6862fc: bytes are not valid utf8
ERROR: logging before google.Init: E0831 01:51:19.065188     369 repo.go:368] failed to create patch for untracked file .scratch/phase19-review-cycle2.bChjfV/node-compile-cache/v24.16.0-x64-a638cdcf-1000/f01e6dc5: bytes are not valid utf8
ERROR: logging before google.Init: E0831 01:51:19.065197     369 repo.go:368] failed to create patch for untracked file .scratch/phase19-review-cycle2.bChjfV/node-compile-cache/v24.16.0-x64-a638cdcf-1000/f2b24614: bytes are not valid utf8
ERROR: logging before google.Init: E0831 01:51:19.065206     369 repo.go:368] failed to create patch for untracked file .scratch/phase19-review-cycle2.bChjfV/node-compile-cache/v24.16.0-x64-a638cdcf-1000/f4b02fc0: bytes are not valid utf8
ERROR: logging before google.Init: E0831 01:51:19.065217     369 repo.go:368] failed to create patch for untracked file .scratch/phase19-review-cycle2.bChjfV/node-compile-cache/v24.16.0-x64-a638cdcf-1000/f64ca16c: bytes are not valid utf8
ERROR: logging before google.Init: E0831 01:51:19.065227     369 repo.go:368] failed to create patch for untracked file .scratch/phase19-review-cycle2.bChjfV/node-compile-cache/v24.16.0-x64-a638cdcf-1000/f6d0afa9: bytes are not valid utf8
ERROR: logging before google.Init: E0831 01:51:19.065237     369 repo.go:368] failed to create patch for untracked file .scratch/phase19-review-cycle2.bChjfV/node-compile-cache/v24.16.0-x64-a638cdcf-1000/fc287fe5: bytes are not valid utf8
ERROR: logging before google.Init: E0831 01:51:19.065248     369 repo.go:368] failed to create patch for untracked file .scratch/phase19-review-cycle2.bChjfV/node-compile-cache/v24.16.0-x64-a638cdcf-1000/fd400afc: bytes are not valid utf8
ERROR: logging before google.Init: E0831 01:51:19.065258     369 repo.go:368] failed to create patch for untracked file .scratch/phase19-review-cycle2.bChjfV/node-compile-cache/v24.16.0-x64-a638cdcf-1000/fd73df1f: bytes are not valid utf8
ERROR: logging before google.Init: E0831 01:51:19.065267     369 repo.go:368] failed to create patch for untracked file .scratch/phase19-review-cycle2.bChjfV/node-compile-cache/v24.16.0-x64-a638cdcf-1000/fe851085: bytes are not valid utf8
ERROR: logging before google.Init: E0831 01:51:19.065277     369 repo.go:368] failed to create patch for untracked file .scratch/phase19-review-cycle2.bChjfV/node-compile-cache/v26.8.1-x64-8d7ad2ee-1000/00279342: bytes are not valid utf8
ERROR: logging before google.Init: E0831 01:51:19.065287     369 repo.go:368] failed to create patch for untracked file .scratch/phase19-review-cycle2.bChjfV/node-compile-cache/v26.8.1-x64-8d7ad2ee-1000/010ca46c: bytes are not valid utf8
ERROR: logging before google.Init: E0831 01:51:19.065296     369 repo.go:368] failed to create patch for untracked file .scratch/phase19-review-cycle2.bChjfV/node-compile-cache/v26.8.1-x64-8d7ad2ee-1000/01b7386d: bytes are not valid utf8
ERROR: logging before google.Init: E0831 01:51:19.065304     369 repo.go:368] failed to create patch for untracked file .scratch/phase19-review-cycle2.bChjfV/node-compile-cache/v26.8.1-x64-8d7ad2ee-1000/022c8d76: bytes are not valid utf8
ERROR: logging before google.Init: E0831 01:51:19.065313     369 repo.go:368] failed to create patch for untracked file .scratch/phase19-review-cycle2.bChjfV/node-compile-cache/v26.8.1-x64-8d7ad2ee-1000/02ccd9ce: bytes are not valid utf8
ERROR: logging before google.Init: E0831 01:51:19.065322     369 repo.go:368] failed to create patch for untracked file .scratch/phase19-review-cycle2.bChjfV/node-compile-cache/v26.8.1-x64-8d7ad2ee-1000/032e32c2: bytes are not valid utf8
ERROR: logging before google.Init: E0831 01:51:19.065331     369 repo.go:368] failed to create patch for untracked file .scratch/phase19-review-cycle2.bChjfV/node-compile-cache/v26.8.1-x64-8d7ad2ee-1000/044210e1: bytes are not valid utf8
ERROR: logging before google.Init: E0831 01:51:19.065339     369 repo.go:368] failed to create patch for untracked file .scratch/phase19-review-cycle2.bChjfV/node-compile-cache/v26.8.1-x64-8d7ad2ee-1000/046957ae: bytes are not valid utf8
ERROR: logging before google.Init: E0831 01:51:19.065348     369 repo.go:368] failed to create patch for untracked file .scratch/phase19-review-cycle2.bChjfV/node-compile-cache/v26.8.1-x64-8d7ad2ee-1000/04d9d011: bytes are not valid utf8
ERROR: logging before google.Init: E0831 01:51:19.065357     369 repo.go:368] failed to create patch for untracked file .scratch/phase19-review-cycle2.bChjfV/node-compile-cache/v26.8.1-x64-8d7ad2ee-1000/052b4f98: bytes are not valid utf8
ERROR: logging before google.Init: E0831 01:51:19.065368     369 repo.go:368] failed to create patch for untracked file .scratch/phase19-review-cycle2.bChjfV/node-compile-cache/v26.8.1-x64-8d7ad2ee-1000/057f0d84: bytes are not valid utf8
ERROR: logging before google.Init: E0831 01:51:19.065377     369 repo.go:368] failed to create patch for untracked file .scratch/phase19-review-cycle2.bChjfV/node-compile-cache/v26.8.1-x64-8d7ad2ee-1000/059f2378: bytes are not valid utf8
ERROR: logging before google.Init: E0831 01:51:19.065387     369 repo.go:368] failed to create patch for untracked file .scratch/phase19-review-cycle2.bChjfV/node-compile-cache/v26.8.1-x64-8d7ad2ee-1000/05fec450: bytes are not valid utf8
ERROR: logging before google.Init: E0831 01:51:19.065396     369 repo.go:368] failed to create patch for untracked file .scratch/phase19-review-cycle2.bChjfV/node-compile-cache/v26.8.1-x64-8d7ad2ee-1000/06a2a20e: bytes are not valid utf8
ERROR: logging before google.Init: E0831 01:51:19.065406     369 repo.go:368] failed to create patch for untracked file .scratch/phase19-review-cycle2.bChjfV/node-compile-cache/v26.8.1-x64-8d7ad2ee-1000/07c2456e: bytes are not valid utf8
ERROR: logging before google.Init: E0831 01:51:19.065416     369 repo.go:368] failed to create patch for untracked file .scratch/phase19-review-cycle2.bChjfV/node-compile-cache/v26.8.1-x64-8d7ad2ee-1000/07cf3f8a: bytes are not valid utf8
ERROR: logging before google.Init: E0831 01:51:19.065425     369 repo.go:368] failed to create patch for untracked file .scratch/phase19-review-cycle2.bChjfV/node-compile-cache/v26.8.1-x64-8d7ad2ee-1000/084167c6: bytes are not valid utf8
ERROR: logging before google.Init: E0831 01:51:19.065435     369 repo.go:368] failed to create patch for untracked file .scratch/phase19-review-cycle2.bChjfV/node-compile-cache/v26.8.1-x64-8d7ad2ee-1000/091ce0e2: bytes are not valid utf8
ERROR: logging before google.Init: E0831 01:51:19.065445     369 repo.go:368] failed to create patch for untracked file .scratch/phase19-review-cycle2.bChjfV/node-compile-cache/v26.8.1-x64-8d7ad2ee-1000/09275b59: bytes are not valid utf8
ERROR: logging before google.Init: E0831 01:51:19.065454     369 repo.go:368] failed to create patch for untracked file .scratch/phase19-review-cycle2.bChjfV/node-compile-cache/v26.8.1-x64-8d7ad2ee-1000/094e6b9e: bytes are not valid utf8
ERROR: logging before google.Init: E0831 01:51:19.065464     369 repo.go:368] failed to create patch for untracked file .scratch/phase19-review-cycle2.bChjfV/node-compile-cache/v26.8.1-x64-8d7ad2ee-1000/09615a35: bytes are not valid utf8
ERROR: logging before google.Init: E0831 01:51:19.065473     369 repo.go:368] failed to create patch for untracked file .scratch/phase19-review-cycle2.bChjfV/node-compile-cache/v26.8.1-x64-8d7ad2ee-1000/09800fe0: bytes are not valid utf8
ERROR: logging before google.Init: E0831 01:51:19.065482     369 repo.go:368] failed to create patch for untracked file .scratch/phase19-review-cycle2.bChjfV/node-compile-cache/v26.8.1-x64-8d7ad2ee-1000/09dde953: bytes are not valid utf8
ERROR: logging before google.Init: E0831 01:51:19.065491     369 repo.go:368] failed to create patch for untracked file .scratch/phase19-review-cycle2.bChjfV/node-compile-cache/v26.8.1-x64-8d7ad2ee-1000/0a1fa128: bytes are not valid utf8
ERROR: logging before google.Init: E0831 01:51:19.065500     369 repo.go:368] failed to create patch for untracked file .scratch/phase19-review-cycle2.bChjfV/node-compile-cache/v26.8.1-x64-8d7ad2ee-1000/0a70f056: bytes are not valid utf8
ERROR: logging before google.Init: E0831 01:51:19.065509     369 repo.go:368] failed to create patch for untracked file .scratch/phase19-review-cycle2.bChjfV/node-compile-cache/v26.8.1-x64-8d7ad2ee-1000/0b2855c5: bytes are not valid utf8
ERROR: logging before google.Init: E0831 01:51:19.065519     369 repo.go:368] failed to create patch for untracked file .scratch/phase19-review-cycle2.bChjfV/node-compile-cache/v26.8.1-x64-8d7ad2ee-1000/0b712baf: bytes are not valid utf8
ERROR: logging before google.Init: E0831 01:51:19.065529     369 repo.go:368] failed to create patch for untracked file .scratch/phase19-review-cycle2.bChjfV/node-compile-cache/v26.8.1-x64-8d7ad2ee-1000/0c5232a3: bytes are not valid utf8
ERROR: logging before google.Init: E0831 01:51:19.065542     369 repo.go:368] failed to create patch for untracked file .scratch/phase19-review-cycle2.bChjfV/node-compile-cache/v26.8.1-x64-8d7ad2ee-1000/0d04415e: bytes are not valid utf8
ERROR: logging before google.Init: E0831 01:51:19.065556     369 repo.go:368] failed to create patch for untracked file .scratch/phase19-review-cycle2.bChjfV/node-compile-cache/v26.8.1-x64-8d7ad2ee-1000/0d9f97b3: bytes are not valid utf8
ERROR: logging before google.Init: E0831 01:51:19.065565     369 repo.go:368] failed to create patch for untracked file .scratch/phase19-review-cycle2.bChjfV/node-compile-cache/v26.8.1-x64-8d7ad2ee-1000/0f063766: bytes are not valid utf8
ERROR: logging before google.Init: E0831 01:51:19.065575     369 repo.go:368] failed to create patch for untracked file .scratch/phase19-review-cycle2.bChjfV/node-compile-cache/v26.8.1-x64-8d7ad2ee-1000/0f0a7988: bytes are not valid utf8
ERROR: logging before google.Init: E0831 01:51:19.065585     369 repo.go:368] failed to create patch for untracked file .scratch/phase19-review-cycle2.bChjfV/node-compile-cache/v26.8.1-x64-8d7ad2ee-1000/0f0c8433: bytes are not valid utf8
ERROR: logging before google.Init: E0831 01:51:19.065596     369 repo.go:368] failed to create patch for untracked file .scratch/phase19-review-cycle2.bChjfV/node-compile-cache/v26.8.1-x64-8d7ad2ee-1000/0f68cbe2: bytes are not valid utf8
ERROR: logging before google.Init: E0831 01:51:19.065617     369 repo.go:368] failed to create patch for untracked file .scratch/phase19-review-cycle2.bChjfV/node-compile-cache/v26.8.1-x64-8d7ad2ee-1000/0fc51e1f: bytes are not valid utf8
ERROR: logging before google.Init: E0831 01:51:19.065631     369 repo.go:368] failed to create patch for untracked file .scratch/phase19-review-cycle2.bChjfV/node-compile-cache/v26.8.1-x64-8d7ad2ee-1000/0fd0b3f1: bytes are not valid utf8
ERROR: logging before google.Init: E0831 01:51:19.065644     369 repo.go:368] failed to create patch for untracked file .scratch/phase19-review-cycle2.bChjfV/node-compile-cache/v26.8.1-x64-8d7ad2ee-1000/0fdd5abd: bytes are not valid utf8
ERROR: logging before google.Init: E0831 01:51:19.065657     369 repo.go:368] failed to create patch for untracked file .scratch/phase19-review-cycle2.bChjfV/node-compile-cache/v26.8.1-x64-8d7ad2ee-1000/0fef87ad: bytes are not valid utf8
ERROR: logging before google.Init: E0831 01:51:19.065672     369 repo.go:368] failed to create patch for untracked file .scratch/phase19-review-cycle2.bChjfV/node-compile-cache/v26.8.1-x64-8d7ad2ee-1000/10123dee: bytes are not valid utf8
ERROR: logging before google.Init: E0831 01:51:19.065683     369 repo.go:368] failed to create patch for untracked file .scratch/phase19-review-cycle2.bChjfV/node-compile-cache/v26.8.1-x64-8d7ad2ee-1000/102ef5fd: bytes are not valid utf8
ERROR: logging before google.Init: E0831 01:51:19.065692     369 repo.go:368] failed to create patch for untracked file .scratch/phase19-review-cycle2.bChjfV/node-compile-cache/v26.8.1-x64-8d7ad2ee-1000/108bebc6: bytes are not valid utf8
ERROR: logging before google.Init: E0831 01:51:19.065701     369 repo.go:368] failed to create patch for untracked file .scratch/phase19-review-cycle2.bChjfV/node-compile-cache/v26.8.1-x64-8d7ad2ee-1000/10d84fd3: bytes are not valid utf8
ERROR: logging before google.Init: E0831 01:51:19.065712     369 repo.go:368] failed to create patch for untracked file .scratch/phase19-review-cycle2.bChjfV/node-compile-cache/v26.8.1-x64-8d7ad2ee-1000/116cae05: bytes are not valid utf8
ERROR: logging before google.Init: E0831 01:51:19.065725     369 repo.go:368] failed to create patch for untracked file .scratch/phase19-review-cycle2.bChjfV/node-compile-cache/v26.8.1-x64-8d7ad2ee-1000/1172e634: bytes are not valid utf8
ERROR: logging before google.Init: E0831 01:51:19.065736     369 repo.go:368] failed to create patch for untracked file .scratch/phase19-review-cycle2.bChjfV/node-compile-cache/v26.8.1-x64-8d7ad2ee-1000/11cb2a80: bytes are not valid utf8
ERROR: logging before google.Init: E0831 01:51:19.065747     369 repo.go:368] failed to create patch for untracked file .scratch/phase19-review-cycle2.bChjfV/node-compile-cache/v26.8.1-x64-8d7ad2ee-1000/11e1e7e1: bytes are not valid utf8
ERROR: logging before google.Init: E0831 01:51:19.065756     369 repo.go:368] failed to create patch for untracked file .scratch/phase19-review-cycle2.bChjfV/node-compile-cache/v26.8.1-x64-8d7ad2ee-1000/11f1577f: bytes are not valid utf8
ERROR: logging before google.Init: E0831 01:51:19.065765     369 repo.go:368] failed to create patch for untracked file .scratch/phase19-review-cycle2.bChjfV/node-compile-cache/v26.8.1-x64-8d7ad2ee-1000/120fcd18: bytes are not valid utf8
ERROR: logging before google.Init: E0831 01:51:19.065774     369 repo.go:368] failed to create patch for untracked file .scratch/phase19-review-cycle2.bChjfV/node-compile-cache/v26.8.1-x64-8d7ad2ee-1000/12940077: bytes are not valid utf8
ERROR: logging before google.Init: E0831 01:51:19.065783     369 repo.go:368] failed to create patch for untracked file .scratch/phase19-review-cycle2.bChjfV/node-compile-cache/v26.8.1-x64-8d7ad2ee-1000/12d6085e: bytes are not valid utf8
ERROR: logging before google.Init: E0831 01:51:19.065792     369 repo.go:368] failed to create patch for untracked file .scratch/phase19-review-cycle2.bChjfV/node-compile-cache/v26.8.1-x64-8d7ad2ee-1000/13581792: bytes are not valid utf8
ERROR: logging before google.Init: E0831 01:51:19.065801     369 repo.go:368] failed to create patch for untracked file .scratch/phase19-review-cycle2.bChjfV/node-compile-cache/v26.8.1-x64-8d7ad2ee-1000/13bd6df4: bytes are not valid utf8
ERROR: logging before google.Init: E0831 01:51:19.065812     369 repo.go:368] failed to create patch for untracked file .scratch/phase19-review-cycle2.bChjfV/node-compile-cache/v26.8.1-x64-8d7ad2ee-1000/140a0144: bytes are not valid utf8
ERROR: logging before google.Init: E0831 01:51:19.065825     369 repo.go:368] failed to create patch for untracked file .scratch/phase19-review-cycle2.bChjfV/node-compile-cache/v26.8.1-x64-8d7ad2ee-1000/1441efd4: bytes are not valid utf8
ERROR: logging before google.Init: E0831 01:51:19.065835     369 repo.go:368] failed to create patch for untracked file .scratch/phase19-review-cycle2.bChjfV/node-compile-cache/v26.8.1-x64-8d7ad2ee-1000/1497c779: bytes are not valid utf8
ERROR: logging before google.Init: E0831 01:51:19.065844     369 repo.go:368] failed to create patch for untracked file .scratch/phase19-review-cycle2.bChjfV/node-compile-cache/v26.8.1-x64-8d7ad2ee-1000/154af85f: bytes are not valid utf8
ERROR: logging before google.Init: E0831 01:51:19.065854     369 repo.go:368] failed to create patch for untracked file .scratch/phase19-review-cycle2.bChjfV/node-compile-cache/v26.8.1-x64-8d7ad2ee-1000/15f1ac1e: bytes are not valid utf8
ERROR: logging before google.Init: E0831 01:51:19.065868     369 repo.go:368] failed to create patch for untracked file .scratch/phase19-review-cycle2.bChjfV/node-compile-cache/v26.8.1-x64-8d7ad2ee-1000/164dc688: bytes are not valid utf8
ERROR: logging before google.Init: E0831 01:51:19.065878     369 repo.go:368] failed to create patch for untracked file .scratch/phase19-review-cycle2.bChjfV/node-compile-cache/v26.8.1-x64-8d7ad2ee-1000/16ad2109: bytes are not valid utf8
ERROR: logging before google.Init: E0831 01:51:19.065890     369 repo.go:368] failed to create patch for untracked file .scratch/phase19-review-cycle2.bChjfV/node-compile-cache/v26.8.1-x64-8d7ad2ee-1000/16e14a72: bytes are not valid utf8
ERROR: logging before google.Init: E0831 01:51:19.065903     369 repo.go:368] failed to create patch for untracked file .scratch/phase19-review-cycle2.bChjfV/node-compile-cache/v26.8.1-x64-8d7ad2ee-1000/178cdd1b: bytes are not valid utf8
ERROR: logging before google.Init: E0831 01:51:19.065912     369 repo.go:368] failed to create patch for untracked file .scratch/phase19-review-cycle2.bChjfV/node-compile-cache/v26.8.1-x64-8d7ad2ee-1000/17bea670: bytes are not valid utf8
ERROR: logging before google.Init: E0831 01:51:19.065922     369 repo.go:368] failed to create patch for untracked file .scratch/phase19-review-cycle2.bChjfV/node-compile-cache/v26.8.1-x64-8d7ad2ee-1000/17fb02de: bytes are not valid utf8
ERROR: logging before google.Init: E0831 01:51:19.065935     369 repo.go:368] failed to create patch for untracked file .scratch/phase19-review-cycle2.bChjfV/node-compile-cache/v26.8.1-x64-8d7ad2ee-1000/186176c2: bytes are not valid utf8
ERROR: logging before google.Init: E0831 01:51:19.065945     369 repo.go:368] failed to create patch for untracked file .scratch/phase19-review-cycle2.bChjfV/node-compile-cache/v26.8.1-x64-8d7ad2ee-1000/187eddc9: bytes are not valid utf8
ERROR: logging before google.Init: E0831 01:51:19.065953     369 repo.go:368] failed to create patch for untracked file .scratch/phase19-review-cycle2.bChjfV/node-compile-cache/v26.8.1-x64-8d7ad2ee-1000/18997b58: bytes are not valid utf8
ERROR: logging before google.Init: E0831 01:51:19.065965     369 repo.go:368] failed to create patch for untracked file .scratch/phase19-review-cycle2.bChjfV/node-compile-cache/v26.8.1-x64-8d7ad2ee-1000/18bd97ff: bytes are not valid utf8
ERROR: logging before google.Init: E0831 01:51:19.065977     369 repo.go:368] failed to create patch for untracked file .scratch/phase19-review-cycle2.bChjfV/node-compile-cache/v26.8.1-x64-8d7ad2ee-1000/1978cd64: bytes are not valid utf8
ERROR: logging before google.Init: E0831 01:51:19.065987     369 repo.go:368] failed to create patch for untracked file .scratch/phase19-review-cycle2.bChjfV/node-compile-cache/v26.8.1-x64-8d7ad2ee-1000/19b40a6a: bytes are not valid utf8
ERROR: logging before google.Init: E0831 01:51:19.066000     369 repo.go:368] failed to create patch for untracked file .scratch/phase19-review-cycle2.bChjfV/node-compile-cache/v26.8.1-x64-8d7ad2ee-1000/1a0b6a98: bytes are not valid utf8
ERROR: logging before google.Init: E0831 01:51:19.066009     369 repo.go:368] failed to create patch for untracked file .scratch/phase19-review-cycle2.bChjfV/node-compile-cache/v26.8.1-x64-8d7ad2ee-1000/1a1a92fe: bytes are not valid utf8
ERROR: logging before google.Init: E0831 01:51:19.066021     369 repo.go:368] failed to create patch for untracked file .scratch/phase19-review-cycle2.bChjfV/node-compile-cache/v26.8.1-x64-8d7ad2ee-1000/1ac49b5c: bytes are not valid utf8
ERROR: logging before google.Init: E0831 01:51:19.066032     369 repo.go:368] failed to create patch for untracked file .scratch/phase19-review-cycle2.bChjfV/node-compile-cache/v26.8.1-x64-8d7ad2ee-1000/1b2a3a2a: bytes are not valid utf8
ERROR: logging before google.Init: E0831 01:51:19.066042     369 repo.go:368] failed to create patch for untracked file .scratch/phase19-review-cycle2.bChjfV/node-compile-cache/v26.8.1-x64-8d7ad2ee-1000/1b65f769: bytes are not valid utf8
ERROR: logging before google.Init: E0831 01:51:19.066051     369 repo.go:368] failed to create patch for untracked file .scratch/phase19-review-cycle2.bChjfV/node-compile-cache/v26.8.1-x64-8d7ad2ee-1000/1b6d87f9: bytes are not valid utf8
ERROR: logging before google.Init: E0831 01:51:19.066060     369 repo.go:368] failed to create patch for untracked file .scratch/phase19-review-cycle2.bChjfV/node-compile-cache/v26.8.1-x64-8d7ad2ee-1000/1bbb6102: bytes are not valid utf8
ERROR: logging before google.Init: E0831 01:51:19.066072     369 repo.go:368] failed to create patch for untracked file .scratch/phase19-review-cycle2.bChjfV/node-compile-cache/v26.8.1-x64-8d7ad2ee-1000/1bd412a9: bytes are not valid utf8
ERROR: logging before google.Init: E0831 01:51:19.066083     369 repo.go:368] failed to create patch for untracked file .scratch/phase19-review-cycle2.bChjfV/node-compile-cache/v26.8.1-x64-8d7ad2ee-1000/1c7cc057: bytes are not valid utf8
ERROR: logging before google.Init: E0831 01:51:19.066095     369 repo.go:368] failed to create patch for untracked file .scratch/phase19-review-cycle2.bChjfV/node-compile-cache/v26.8.1-x64-8d7ad2ee-1000/1e79468d: bytes are not valid utf8
ERROR: logging before google.Init: E0831 01:51:19.066107     369 repo.go:368] failed to create patch for untracked file .scratch/phase19-review-cycle2.bChjfV/node-compile-cache/v26.8.1-x64-8d7ad2ee-1000/1e880b66: bytes are not valid utf8
ERROR: logging before google.Init: E0831 01:51:19.066120     369 repo.go:368] failed to create patch for untracked file .scratch/phase19-review-cycle2.bChjfV/node-compile-cache/v26.8.1-x64-8d7ad2ee-1000/1f328c74: bytes are not valid utf8
ERROR: logging before google.Init: E0831 01:51:19.066132     369 repo.go:368] failed to create patch for untracked file .scratch/phase19-review-cycle2.bChjfV/node-compile-cache/v26.8.1-x64-8d7ad2ee-1000/1f9b0e5c: bytes are not valid utf8
ERROR: logging before google.Init: E0831 01:51:19.066145     369 repo.go:368] failed to create patch for untracked file .scratch/phase19-review-cycle2.bChjfV/node-compile-cache/v26.8.1-x64-8d7ad2ee-1000/1fa45f11: bytes are not valid utf8
ERROR: logging before google.Init: E0831 01:51:19.066157     369 repo.go:368] failed to create patch for untracked file .scratch/phase19-review-cycle2.bChjfV/node-compile-cache/v26.8.1-x64-8d7ad2ee-1000/1fdf173b: bytes are not valid utf8
ERROR: logging before google.Init: E0831 01:51:19.066167     369 repo.go:368] failed to create patch for untracked file .scratch/phase19-review-cycle2.bChjfV/node-compile-cache/v26.8.1-x64-8d7ad2ee-1000/204d30cc: bytes are not valid utf8
ERROR: logging before google.Init: E0831 01:51:19.066177     369 repo.go:368] failed to create patch for untracked file .scratch/phase19-review-cycle2.bChjfV/node-compile-cache/v26.8.1-x64-8d7ad2ee-1000/206cdb5e: bytes are not valid utf8
ERROR: logging before google.Init: E0831 01:51:19.066187     369 repo.go:368] failed to create patch for untracked file .scratch/phase19-review-cycle2.bChjfV/node-compile-cache/v26.8.1-x64-8d7ad2ee-1000/207c7dae: bytes are not valid utf8
ERROR: logging before google.Init: E0831 01:51:19.066196     369 repo.go:368] failed to create patch for untracked file .scratch/phase19-review-cycle2.bChjfV/node-compile-cache/v26.8.1-x64-8d7ad2ee-1000/20995dbb: bytes are not valid utf8
ERROR: logging before google.Init: E0831 01:51:19.066205     369 repo.go:368] failed to create patch for untracked file .scratch/phase19-review-cycle2.bChjfV/node-compile-cache/v26.8.1-x64-8d7ad2ee-1000/20cad7f4: bytes are not valid utf8
ERROR: logging before google.Init: E0831 01:51:19.066214     369 repo.go:368] failed to create patch for untracked file .scratch/phase19-review-cycle2.bChjfV/node-compile-cache/v26.8.1-x64-8d7ad2ee-1000/20d4355f: bytes are not valid utf8
ERROR: logging before google.Init: E0831 01:51:19.066223     369 repo.go:368] failed to create patch for untracked file .scratch/phase19-review-cycle2.bChjfV/node-compile-cache/v26.8.1-x64-8d7ad2ee-1000/221af82a: bytes are not valid utf8
ERROR: logging before google.Init: E0831 01:51:19.066233     369 repo.go:368] failed to create patch for untracked file .scratch/phase19-review-cycle2.bChjfV/node-compile-cache/v26.8.1-x64-8d7ad2ee-1000/22a111e0: bytes are not valid utf8
ERROR: logging before google.Init: E0831 01:51:19.066243     369 repo.go:368] failed to create patch for untracked file .scratch/phase19-review-cycle2.bChjfV/node-compile-cache/v26.8.1-x64-8d7ad2ee-1000/232bb390: bytes are not valid utf8
ERROR: logging before google.Init: E0831 01:51:19.066252     369 repo.go:368] failed to create patch for untracked file .scratch/phase19-review-cycle2.bChjfV/node-compile-cache/v26.8.1-x64-8d7ad2ee-1000/2357f5d4: bytes are not valid utf8
ERROR: logging before google.Init: E0831 01:51:19.066261     369 repo.go:368] failed to create patch for untracked file .scratch/phase19-review-cycle2.bChjfV/node-compile-cache/v26.8.1-x64-8d7ad2ee-1000/23ac1f21: bytes are not valid utf8
ERROR: logging before google.Init: E0831 01:51:19.066270     369 repo.go:368] failed to create patch for untracked file .scratch/phase19-review-cycle2.bChjfV/node-compile-cache/v26.8.1-x64-8d7ad2ee-1000/23c95ffc: bytes are not valid utf8
ERROR: logging before google.Init: E0831 01:51:19.066279     369 repo.go:368] failed to create patch for untracked file .scratch/phase19-review-cycle2.bChjfV/node-compile-cache/v26.8.1-x64-8d7ad2ee-1000/2442c1f5: bytes are not valid utf8
ERROR: logging before google.Init: E0831 01:51:19.066289     369 repo.go:368] failed to create patch for untracked file .scratch/phase19-review-cycle2.bChjfV/node-compile-cache/v26.8.1-x64-8d7ad2ee-1000/24d32a8d: bytes are not valid utf8
ERROR: logging before google.Init: E0831 01:51:19.066298     369 repo.go:368] failed to create patch for untracked file .scratch/phase19-review-cycle2.bChjfV/node-compile-cache/v26.8.1-x64-8d7ad2ee-1000/250f9c68: bytes are not valid utf8
ERROR: logging before google.Init: E0831 01:51:19.066307     369 repo.go:368] failed to create patch for untracked file .scratch/phase19-review-cycle2.bChjfV/node-compile-cache/v26.8.1-x64-8d7ad2ee-1000/25cb1a0e: bytes are not valid utf8
ERROR: logging before google.Init: E0831 01:51:19.066317     369 repo.go:368] failed to create patch for untracked file .scratch/phase19-review-cycle2.bChjfV/node-compile-cache/v26.8.1-x64-8d7ad2ee-1000/26386c07: bytes are not valid utf8
ERROR: logging before google.Init: E0831 01:51:19.066326     369 repo.go:368] failed to create patch for untracked file .scratch/phase19-review-cycle2.bChjfV/node-compile-cache/v26.8.1-x64-8d7ad2ee-1000/263f0e14: bytes are not valid utf8
ERROR: logging before google.Init: E0831 01:51:19.066336     369 repo.go:368] failed to create patch for untracked file .scratch/phase19-review-cycle2.bChjfV/node-compile-cache/v26.8.1-x64-8d7ad2ee-1000/26489bb3: bytes are not valid utf8
ERROR: logging before google.Init: E0831 01:51:19.066345     369 repo.go:368] failed to create patch for untracked file .scratch/phase19-review-cycle2.bChjfV/node-compile-cache/v26.8.1-x64-8d7ad2ee-1000/269c56d8: bytes are not valid utf8
ERROR: logging before google.Init: E0831 01:51:19.066354     369 repo.go:368] failed to create patch for untracked file .scratch/phase19-review-cycle2.bChjfV/node-compile-cache/v26.8.1-x64-8d7ad2ee-1000/278f25ae: bytes are not valid utf8
ERROR: logging before google.Init: E0831 01:51:19.066363     369 repo.go:368] failed to create patch for untracked file .scratch/phase19-review-cycle2.bChjfV/node-compile-cache/v26.8.1-x64-8d7ad2ee-1000/27f07a12: bytes are not valid utf8
ERROR: logging before google.Init: E0831 01:51:19.066372     369 repo.go:368] failed to create patch for untracked file .scratch/phase19-review-cycle2.bChjfV/node-compile-cache/v26.8.1-x64-8d7ad2ee-1000/284df1ba: bytes are not valid utf8
ERROR: logging before google.Init: E0831 01:51:19.066381     369 repo.go:368] failed to create patch for untracked file .scratch/phase19-review-cycle2.bChjfV/node-compile-cache/v26.8.1-x64-8d7ad2ee-1000/28cd767f: bytes are not valid utf8
ERROR: logging before google.Init: E0831 01:51:19.066391     369 repo.go:368] failed to create patch for untracked file .scratch/phase19-review-cycle2.bChjfV/node-compile-cache/v26.8.1-x64-8d7ad2ee-1000/28f2d72a: bytes are not valid utf8
ERROR: logging before google.Init: E0831 01:51:19.066401     369 repo.go:368] failed to create patch for untracked file .scratch/phase19-review-cycle2.bChjfV/node-compile-cache/v26.8.1-x64-8d7ad2ee-1000/298138b1: bytes are not valid utf8
ERROR: logging before google.Init: E0831 01:51:19.066410     369 repo.go:368] failed to create patch for untracked file .scratch/phase19-review-cycle2.bChjfV/node-compile-cache/v26.8.1-x64-8d7ad2ee-1000/29ae7849: bytes are not valid utf8
ERROR: logging before google.Init: E0831 01:51:19.066419     369 repo.go:368] failed to create patch for untracked file .scratch/phase19-review-cycle2.bChjfV/node-compile-cache/v26.8.1-x64-8d7ad2ee-1000/2a8813f8: bytes are not valid utf8
ERROR: logging before google.Init: E0831 01:51:19.066429     369 repo.go:368] failed to create patch for untracked file .scratch/phase19-review-cycle2.bChjfV/node-compile-cache/v26.8.1-x64-8d7ad2ee-1000/2bc0d199: bytes are not valid utf8
ERROR: logging before google.Init: E0831 01:51:19.066438     369 repo.go:368] failed to create patch for untracked file .scratch/phase19-review-cycle2.bChjfV/node-compile-cache/v26.8.1-x64-8d7ad2ee-1000/2bdcf063: bytes are not valid utf8
ERROR: logging before google.Init: E0831 01:51:19.066448     369 repo.go:368] failed to create patch for untracked file .scratch/phase19-review-cycle2.bChjfV/node-compile-cache/v26.8.1-x64-8d7ad2ee-1000/2c66374b: bytes are not valid utf8
ERROR: logging before google.Init: E0831 01:51:19.066457     369 repo.go:368] failed to create patch for untracked file .scratch/phase19-review-cycle2.bChjfV/node-compile-cache/v26.8.1-x64-8d7ad2ee-1000/2cc8e4ff: bytes are not valid utf8
ERROR: logging before google.Init: E0831 01:51:19.066466     369 repo.go:368] failed to create patch for untracked file .scratch/phase19-review-cycle2.bChjfV/node-compile-cache/v26.8.1-x64-8d7ad2ee-1000/2d464d3d: bytes are not valid utf8
ERROR: logging before google.Init: E0831 01:51:19.066476     369 repo.go:368] failed to create patch for untracked file .scratch/phase19-review-cycle2.bChjfV/node-compile-cache/v26.8.1-x64-8d7ad2ee-1000/2d474a8e: bytes are not valid utf8
ERROR: logging before google.Init: E0831 01:51:19.066485     369 repo.go:368] failed to create patch for untracked file .scratch/phase19-review-cycle2.bChjfV/node-compile-cache/v26.8.1-x64-8d7ad2ee-1000/2d96951b: bytes are not valid utf8
ERROR: logging before google.Init: E0831 01:51:19.066494     369 repo.go:368] failed to create patch for untracked file .scratch/phase19-review-cycle2.bChjfV/node-compile-cache/v26.8.1-x64-8d7ad2ee-1000/2dfc3763: bytes are not valid utf8
ERROR: logging before google.Init: E0831 01:51:19.066504     369 repo.go:368] failed to create patch for untracked file .scratch/phase19-review-cycle2.bChjfV/node-compile-cache/v26.8.1-x64-8d7ad2ee-1000/2e55c3a5: bytes are not valid utf8
ERROR: logging before google.Init: E0831 01:51:19.066513     369 repo.go:368] failed to create patch for untracked file .scratch/phase19-review-cycle2.bChjfV/node-compile-cache/v26.8.1-x64-8d7ad2ee-1000/2e67f1f7: bytes are not valid utf8
ERROR: logging before google.Init: E0831 01:51:19.066523     369 repo.go:368] failed to create patch for untracked file .scratch/phase19-review-cycle2.bChjfV/node-compile-cache/v26.8.1-x64-8d7ad2ee-1000/2e914e8b: bytes are not valid utf8
ERROR: logging before google.Init: E0831 01:51:19.066533     369 repo.go:368] failed to create patch for untracked file .scratch/phase19-review-cycle2.bChjfV/node-compile-cache/v26.8.1-x64-8d7ad2ee-1000/2ecc8411: bytes are not valid utf8
ERROR: logging before google.Init: E0831 01:51:19.066543     369 repo.go:368] failed to create patch for untracked file .scratch/phase19-review-cycle2.bChjfV/node-compile-cache/v26.8.1-x64-8d7ad2ee-1000/2ed48d5f: bytes are not valid utf8
ERROR: logging before google.Init: E0831 01:51:19.066552     369 repo.go:368] failed to create patch for untracked file .scratch/phase19-review-cycle2.bChjfV/node-compile-cache/v26.8.1-x64-8d7ad2ee-1000/2fcd57fe: bytes are not valid utf8
ERROR: logging before google.Init: E0831 01:51:19.066562     369 repo.go:368] failed to create patch for untracked file .scratch/phase19-review-cycle2.bChjfV/node-compile-cache/v26.8.1-x64-8d7ad2ee-1000/3029e332: bytes are not valid utf8
ERROR: logging before google.Init: E0831 01:51:19.066572     369 repo.go:368] failed to create patch for untracked file .scratch/phase19-review-cycle2.bChjfV/node-compile-cache/v26.8.1-x64-8d7ad2ee-1000/303a53bd: bytes are not valid utf8
ERROR: logging before google.Init: E0831 01:51:19.066581     369 repo.go:368] failed to create patch for untracked file .scratch/phase19-review-cycle2.bChjfV/node-compile-cache/v26.8.1-x64-8d7ad2ee-1000/304a34e9: bytes are not valid utf8
ERROR: logging before google.Init: E0831 01:51:19.066590     369 repo.go:368] failed to create patch for untracked file .scratch/phase19-review-cycle2.bChjfV/node-compile-cache/v26.8.1-x64-8d7ad2ee-1000/30841eca: bytes are not valid utf8
ERROR: logging before google.Init: E0831 01:51:19.066604     369 repo.go:368] failed to create patch for untracked file .scratch/phase19-review-cycle2.bChjfV/node-compile-cache/v26.8.1-x64-8d7ad2ee-1000/30b81987: bytes are not valid utf8
ERROR: logging before google.Init: E0831 01:51:19.066613     369 repo.go:368] failed to create patch for untracked file .scratch/phase19-review-cycle2.bChjfV/node-compile-cache/v26.8.1-x64-8d7ad2ee-1000/311bad02: bytes are not valid utf8
ERROR: logging before google.Init: E0831 01:51:19.066622     369 repo.go:368] failed to create patch for untracked file .scratch/phase19-review-cycle2.bChjfV/node-compile-cache/v26.8.1-x64-8d7ad2ee-1000/317ac786: bytes are not valid utf8
ERROR: logging before google.Init: E0831 01:51:19.066632     369 repo.go:368] failed to create patch for untracked file .scratch/phase19-review-cycle2.bChjfV/node-compile-cache/v26.8.1-x64-8d7ad2ee-1000/3280507c: bytes are not valid utf8
ERROR: logging before google.Init: E0831 01:51:19.066641     369 repo.go:368] failed to create patch for untracked file .scratch/phase19-review-cycle2.bChjfV/node-compile-cache/v26.8.1-x64-8d7ad2ee-1000/32c3690e: bytes are not valid utf8
ERROR: logging before google.Init: E0831 01:51:19.066650     369 repo.go:368] failed to create patch for untracked file .scratch/phase19-review-cycle2.bChjfV/node-compile-cache/v26.8.1-x64-8d7ad2ee-1000/3322776f: bytes are not valid utf8
ERROR: logging before google.Init: E0831 01:51:19.066659     369 repo.go:368] failed to create patch for untracked file .scratch/phase19-review-cycle2.bChjfV/node-compile-cache/v26.8.1-x64-8d7ad2ee-1000/335a9bcb: bytes are not valid utf8
ERROR: logging before google.Init: E0831 01:51:19.066668     369 repo.go:368] failed to create patch for untracked file .scratch/phase19-review-cycle2.bChjfV/node-compile-cache/v26.8.1-x64-8d7ad2ee-1000/35ecf28e: bytes are not valid utf8
ERROR: logging before google.Init: E0831 01:51:19.066677     369 repo.go:368] failed to create patch for untracked file .scratch/phase19-review-cycle2.bChjfV/node-compile-cache/v26.8.1-x64-8d7ad2ee-1000/35ff1778: bytes are not valid utf8
ERROR: logging before google.Init: E0831 01:51:19.066687     369 repo.go:368] failed to create patch for untracked file .scratch/phase19-review-cycle2.bChjfV/node-compile-cache/v26.8.1-x64-8d7ad2ee-1000/3613671b: bytes are not valid utf8
ERROR: logging before google.Init: E0831 01:51:19.066696     369 repo.go:368] failed to create patch for untracked file .scratch/phase19-review-cycle2.bChjfV/node-compile-cache/v26.8.1-x64-8d7ad2ee-1000/36cc4850: bytes are not valid utf8
ERROR: logging before google.Init: E0831 01:51:19.066706     369 repo.go:368] failed to create patch for untracked file .scratch/phase19-review-cycle2.bChjfV/node-compile-cache/v26.8.1-x64-8d7ad2ee-1000/373ef455: bytes are not valid utf8
ERROR: logging before google.Init: E0831 01:51:19.066715     369 repo.go:368] failed to create patch for untracked file .scratch/phase19-review-cycle2.bChjfV/node-compile-cache/v26.8.1-x64-8d7ad2ee-1000/389c2a48: bytes are not valid utf8
ERROR: logging before google.Init: E0831 01:51:19.066723     369 repo.go:368] failed to create patch for untracked file .scratch/phase19-review-cycle2.bChjfV/node-compile-cache/v26.8.1-x64-8d7ad2ee-1000/391c424a: bytes are not valid utf8
ERROR: logging before google.Init: E0831 01:51:19.066732     369 repo.go:368] failed to create patch for untracked file .scratch/phase19-review-cycle2.bChjfV/node-compile-cache/v26.8.1-x64-8d7ad2ee-1000/39f3776e: bytes are not valid utf8
ERROR: logging before google.Init: E0831 01:51:19.066742     369 repo.go:368] failed to create patch for untracked file .scratch/phase19-review-cycle2.bChjfV/node-compile-cache/v26.8.1-x64-8d7ad2ee-1000/3a521e90: bytes are not valid utf8
ERROR: logging before google.Init: E0831 01:51:19.066751     369 repo.go:368] failed to create patch for untracked file .scratch/phase19-review-cycle2.bChjfV/node-compile-cache/v26.8.1-x64-8d7ad2ee-1000/3a9df0e4: bytes are not valid utf8
ERROR: logging before google.Init: E0831 01:51:19.066761     369 repo.go:368] failed to create patch for untracked file .scratch/phase19-review-cycle2.bChjfV/node-compile-cache/v26.8.1-x64-8d7ad2ee-1000/3c07ab31: bytes are not valid utf8
ERROR: logging before google.Init: E0831 01:51:19.066771     369 repo.go:368] failed to create patch for untracked file .scratch/phase19-review-cycle2.bChjfV/node-compile-cache/v26.8.1-x64-8d7ad2ee-1000/3c29b655: bytes are not valid utf8
ERROR: logging before google.Init: E0831 01:51:19.066781     369 repo.go:368] failed to create patch for untracked file .scratch/phase19-review-cycle2.bChjfV/node-compile-cache/v26.8.1-x64-8d7ad2ee-1000/3c3ab2f4: bytes are not valid utf8
ERROR: logging before google.Init: E0831 01:51:19.066791     369 repo.go:368] failed to create patch for untracked file .scratch/phase19-review-cycle2.bChjfV/node-compile-cache/v26.8.1-x64-8d7ad2ee-1000/3c3fb401: bytes are not valid utf8
ERROR: logging before google.Init: E0831 01:51:19.066800     369 repo.go:368] failed to create patch for untracked file .scratch/phase19-review-cycle2.bChjfV/node-compile-cache/v26.8.1-x64-8d7ad2ee-1000/3c96dce2: bytes are not valid utf8
ERROR: logging before google.Init: E0831 01:51:19.066809     369 repo.go:368] failed to create patch for untracked file .scratch/phase19-review-cycle2.bChjfV/node-compile-cache/v26.8.1-x64-8d7ad2ee-1000/3e94bd3f: bytes are not valid utf8
ERROR: logging before google.Init: E0831 01:51:19.066819     369 repo.go:368] failed to create patch for untracked file .scratch/phase19-review-cycle2.bChjfV/node-compile-cache/v26.8.1-x64-8d7ad2ee-1000/3f3308c6: bytes are not valid utf8
ERROR: logging before google.Init: E0831 01:51:19.066829     369 repo.go:368] failed to create patch for untracked file .scratch/phase19-review-cycle2.bChjfV/node-compile-cache/v26.8.1-x64-8d7ad2ee-1000/3f63fdd3: bytes are not valid utf8
ERROR: logging before google.Init: E0831 01:51:19.066839     369 repo.go:368] failed to create patch for untracked file .scratch/phase19-review-cycle2.bChjfV/node-compile-cache/v26.8.1-x64-8d7ad2ee-1000/3fb014f3: bytes are not valid utf8
ERROR: logging before google.Init: E0831 01:51:19.066849     369 repo.go:368] failed to create patch for untracked file .scratch/phase19-review-cycle2.bChjfV/node-compile-cache/v26.8.1-x64-8d7ad2ee-1000/3fbc5c53: bytes are not valid utf8
ERROR: logging before google.Init: E0831 01:51:19.066860     369 repo.go:368] failed to create patch for untracked file .scratch/phase19-review-cycle2.bChjfV/node-compile-cache/v26.8.1-x64-8d7ad2ee-1000/4124d0d7: bytes are not valid utf8
ERROR: logging before google.Init: E0831 01:51:19.066869     369 repo.go:368] failed to create patch for untracked file .scratch/phase19-review-cycle2.bChjfV/node-compile-cache/v26.8.1-x64-8d7ad2ee-1000/41847ab3: bytes are not valid utf8
ERROR: logging before google.Init: E0831 01:51:19.066879     369 repo.go:368] failed to create patch for untracked file .scratch/phase19-review-cycle2.bChjfV/node-compile-cache/v26.8.1-x64-8d7ad2ee-1000/428aca58: bytes are not valid utf8
ERROR: logging before google.Init: E0831 01:51:19.066888     369 repo.go:368] failed to create patch for untracked file .scratch/phase19-review-cycle2.bChjfV/node-compile-cache/v26.8.1-x64-8d7ad2ee-1000/436e0990: bytes are not valid utf8
ERROR: logging before google.Init: E0831 01:51:19.066897     369 repo.go:368] failed to create patch for untracked file .scratch/phase19-review-cycle2.bChjfV/node-compile-cache/v26.8.1-x64-8d7ad2ee-1000/4390ba1e: bytes are not valid utf8
ERROR: logging before google.Init: E0831 01:51:19.066906     369 repo.go:368] failed to create patch for untracked file .scratch/phase19-review-cycle2.bChjfV/node-compile-cache/v26.8.1-x64-8d7ad2ee-1000/4456be48: bytes are not valid utf8
ERROR: logging before google.Init: E0831 01:51:19.066915     369 repo.go:368] failed to create patch for untracked file .scratch/phase19-review-cycle2.bChjfV/node-compile-cache/v26.8.1-x64-8d7ad2ee-1000/460f652e: bytes are not valid utf8
ERROR: logging before google.Init: E0831 01:51:19.066925     369 repo.go:368] failed to create patch for untracked file .scratch/phase19-review-cycle2.bChjfV/node-compile-cache/v26.8.1-x64-8d7ad2ee-1000/465030ee: bytes are not valid utf8
ERROR: logging before google.Init: E0831 01:51:19.066936     369 repo.go:368] failed to create patch for untracked file .scratch/phase19-review-cycle2.bChjfV/node-compile-cache/v26.8.1-x64-8d7ad2ee-1000/4652bac2: bytes are not valid utf8
ERROR: logging before google.Init: E0831 01:51:19.066946     369 repo.go:368] failed to create patch for untracked file .scratch/phase19-review-cycle2.bChjfV/node-compile-cache/v26.8.1-x64-8d7ad2ee-1000/46772a61: bytes are not valid utf8
ERROR: logging before google.Init: E0831 01:51:19.066956     369 repo.go:368] failed to create patch for untracked file .scratch/phase19-review-cycle2.bChjfV/node-compile-cache/v26.8.1-x64-8d7ad2ee-1000/468005ea: bytes are not valid utf8
ERROR: logging before google.Init: E0831 01:51:19.066967     369 repo.go:368] failed to create patch for untracked file .scratch/phase19-review-cycle2.bChjfV/node-compile-cache/v26.8.1-x64-8d7ad2ee-1000/469fc81d: bytes are not valid utf8
ERROR: logging before google.Init: E0831 01:51:19.066976     369 repo.go:368] failed to create patch for untracked file .scratch/phase19-review-cycle2.bChjfV/node-compile-cache/v26.8.1-x64-8d7ad2ee-1000/46d4b6e7: bytes are not valid utf8
ERROR: logging before google.Init: E0831 01:51:19.066988     369 repo.go:368] failed to create patch for untracked file .scratch/phase19-review-cycle2.bChjfV/node-compile-cache/v26.8.1-x64-8d7ad2ee-1000/4744f7d7: bytes are not valid utf8
ERROR: logging before google.Init: E0831 01:51:19.066998     369 repo.go:368] failed to create patch for untracked file .scratch/phase19-review-cycle2.bChjfV/node-compile-cache/v26.8.1-x64-8d7ad2ee-1000/47508c2e: bytes are not valid utf8
ERROR: logging before google.Init: E0831 01:51:19.067007     369 repo.go:368] failed to create patch for untracked file .scratch/phase19-review-cycle2.bChjfV/node-compile-cache/v26.8.1-x64-8d7ad2ee-1000/475bb660: bytes are not valid utf8
ERROR: logging before google.Init: E0831 01:51:19.067017     369 repo.go:368] failed to create patch for untracked file .scratch/phase19-review-cycle2.bChjfV/node-compile-cache/v26.8.1-x64-8d7ad2ee-1000/47dd1147: bytes are not valid utf8
ERROR: logging before google.Init: E0831 01:51:19.067026     369 repo.go:368] failed to create patch for untracked file .scratch/phase19-review-cycle2.bChjfV/node-compile-cache/v26.8.1-x64-8d7ad2ee-1000/47ede548: bytes are not valid utf8
ERROR: logging before google.Init: E0831 01:51:19.067036     369 repo.go:368] failed to create patch for untracked file .scratch/phase19-review-cycle2.bChjfV/node-compile-cache/v26.8.1-x64-8d7ad2ee-1000/48aa5edb: bytes are not valid utf8
ERROR: logging before google.Init: E0831 01:51:19.067046     369 repo.go:368] failed to create patch for untracked file .scratch/phase19-review-cycle2.bChjfV/node-compile-cache/v26.8.1-x64-8d7ad2ee-1000/48d1f1c8: bytes are not valid utf8
ERROR: logging before google.Init: E0831 01:51:19.067055     369 repo.go:368] failed to create patch for untracked file .scratch/phase19-review-cycle2.bChjfV/node-compile-cache/v26.8.1-x64-8d7ad2ee-1000/49a5ba30: bytes are not valid utf8
ERROR: logging before google.Init: E0831 01:51:19.067065     369 repo.go:368] failed to create patch for untracked file .scratch/phase19-review-cycle2.bChjfV/node-compile-cache/v26.8.1-x64-8d7ad2ee-1000/49d1006b: bytes are not valid utf8
ERROR: logging before google.Init: E0831 01:51:19.067076     369 repo.go:368] failed to create patch for untracked file .scratch/phase19-review-cycle2.bChjfV/node-compile-cache/v26.8.1-x64-8d7ad2ee-1000/4a2f7337: bytes are not valid utf8
ERROR: logging before google.Init: E0831 01:51:19.067089     369 repo.go:368] failed to create patch for untracked file .scratch/phase19-review-cycle2.bChjfV/node-compile-cache/v26.8.1-x64-8d7ad2ee-1000/4a7f67b1: bytes are not valid utf8
ERROR: logging before google.Init: E0831 01:51:19.067099     369 repo.go:368] failed to create patch for untracked file .scratch/phase19-review-cycle2.bChjfV/node-compile-cache/v26.8.1-x64-8d7ad2ee-1000/4a98117d: bytes are not valid utf8
ERROR: logging before google.Init: E0831 01:51:19.067109     369 repo.go:368] failed to create patch for untracked file .scratch/phase19-review-cycle2.bChjfV/node-compile-cache/v26.8.1-x64-8d7ad2ee-1000/4baab70c: bytes are not valid utf8
ERROR: logging before google.Init: E0831 01:51:19.067120     369 repo.go:368] failed to create patch for untracked file .scratch/phase19-review-cycle2.bChjfV/node-compile-cache/v26.8.1-x64-8d7ad2ee-1000/4bbd7e97: bytes are not valid utf8
ERROR: logging before google.Init: E0831 01:51:19.067130     369 repo.go:368] failed to create patch for untracked file .scratch/phase19-review-cycle2.bChjfV/node-compile-cache/v26.8.1-x64-8d7ad2ee-1000/4c47dc52: bytes are not valid utf8
ERROR: logging before google.Init: E0831 01:51:19.067138     369 repo.go:368] failed to create patch for untracked file .scratch/phase19-review-cycle2.bChjfV/node-compile-cache/v26.8.1-x64-8d7ad2ee-1000/4c58a332: bytes are not valid utf8
ERROR: logging before google.Init: E0831 01:51:19.067149     369 repo.go:368] failed to create patch for untracked file .scratch/phase19-review-cycle2.bChjfV/node-compile-cache/v26.8.1-x64-8d7ad2ee-1000/4ca766a3: bytes are not valid utf8
ERROR: logging before google.Init: E0831 01:51:19.067160     369 repo.go:368] failed to create patch for untracked file .scratch/phase19-review-cycle2.bChjfV/node-compile-cache/v26.8.1-x64-8d7ad2ee-1000/4cdf50fd: bytes are not valid utf8
ERROR: logging before google.Init: E0831 01:51:19.067171     369 repo.go:368] failed to create patch for untracked file .scratch/phase19-review-cycle2.bChjfV/node-compile-cache/v26.8.1-x64-8d7ad2ee-1000/4d2f83f7: bytes are not valid utf8
ERROR: logging before google.Init: E0831 01:51:19.067181     369 repo.go:368] failed to create patch for untracked file .scratch/phase19-review-cycle2.bChjfV/node-compile-cache/v26.8.1-x64-8d7ad2ee-1000/4d531b7f: bytes are not valid utf8
ERROR: logging before google.Init: E0831 01:51:19.067193     369 repo.go:368] failed to create patch for untracked file .scratch/phase19-review-cycle2.bChjfV/node-compile-cache/v26.8.1-x64-8d7ad2ee-1000/4d78a390: bytes are not valid utf8
ERROR: logging before google.Init: E0831 01:51:19.067203     369 repo.go:368] failed to create patch for untracked file .scratch/phase19-review-cycle2.bChjfV/node-compile-cache/v26.8.1-x64-8d7ad2ee-1000/4dbc19b7: bytes are not valid utf8
ERROR: logging before google.Init: E0831 01:51:19.067214     369 repo.go:368] failed to create patch for untracked file .scratch/phase19-review-cycle2.bChjfV/node-compile-cache/v26.8.1-x64-8d7ad2ee-1000/4e546049: bytes are not valid utf8
ERROR: logging before google.Init: E0831 01:51:19.067224     369 repo.go:368] failed to create patch for untracked file .scratch/phase19-review-cycle2.bChjfV/node-compile-cache/v26.8.1-x64-8d7ad2ee-1000/4e8be31e: bytes are not valid utf8
ERROR: logging before google.Init: E0831 01:51:19.067233     369 repo.go:368] failed to create patch for untracked file .scratch/phase19-review-cycle2.bChjfV/node-compile-cache/v26.8.1-x64-8d7ad2ee-1000/4ede0a43: bytes are not valid utf8
ERROR: logging before google.Init: E0831 01:51:19.067243     369 repo.go:368] failed to create patch for untracked file .scratch/phase19-review-cycle2.bChjfV/node-compile-cache/v26.8.1-x64-8d7ad2ee-1000/4f340aea: bytes are not valid utf8
ERROR: logging before google.Init: E0831 01:51:19.067254     369 repo.go:368] failed to create patch for untracked file .scratch/phase19-review-cycle2.bChjfV/node-compile-cache/v26.8.1-x64-8d7ad2ee-1000/4f764ed1: bytes are not valid utf8
ERROR: logging before google.Init: E0831 01:51:19.067263     369 repo.go:368] failed to create patch for untracked file .scratch/phase19-review-cycle2.bChjfV/node-compile-cache/v26.8.1-x64-8d7ad2ee-1000/4fe1f8a6: bytes are not valid utf8
ERROR: logging before google.Init: E0831 01:51:19.067273     369 repo.go:368] failed to create patch for untracked file .scratch/phase19-review-cycle2.bChjfV/node-compile-cache/v26.8.1-x64-8d7ad2ee-1000/50248d19: bytes are not valid utf8
ERROR: logging before google.Init: E0831 01:51:19.067282     369 repo.go:368] failed to create patch for untracked file .scratch/phase19-review-cycle2.bChjfV/node-compile-cache/v26.8.1-x64-8d7ad2ee-1000/5088a5b2: bytes are not valid utf8
ERROR: logging before google.Init: E0831 01:51:19.067291     369 repo.go:368] failed to create patch for untracked file .scratch/phase19-review-cycle2.bChjfV/node-compile-cache/v26.8.1-x64-8d7ad2ee-1000/50a7b1d6: bytes are not valid utf8
ERROR: logging before google.Init: E0831 01:51:19.067300     369 repo.go:368] failed to create patch for untracked file .scratch/phase19-review-cycle2.bChjfV/node-compile-cache/v26.8.1-x64-8d7ad2ee-1000/50b941b1: bytes are not valid utf8
ERROR: logging before google.Init: E0831 01:51:19.067309     369 repo.go:368] failed to create patch for untracked file .scratch/phase19-review-cycle2.bChjfV/node-compile-cache/v26.8.1-x64-8d7ad2ee-1000/50f35ebe: bytes are not valid utf8
ERROR: logging before google.Init: E0831 01:51:19.067318     369 repo.go:368] failed to create patch for untracked file .scratch/phase19-review-cycle2.bChjfV/node-compile-cache/v26.8.1-x64-8d7ad2ee-1000/5119a082: bytes are not valid utf8
ERROR: logging before google.Init: E0831 01:51:19.067326     369 repo.go:368] failed to create patch for untracked file .scratch/phase19-review-cycle2.bChjfV/node-compile-cache/v26.8.1-x64-8d7ad2ee-1000/518e6db2: bytes are not valid utf8
ERROR: logging before google.Init: E0831 01:51:19.067336     369 repo.go:368] failed to create patch for untracked file .scratch/phase19-review-cycle2.bChjfV/node-compile-cache/v26.8.1-x64-8d7ad2ee-1000/5191235d: bytes are not valid utf8
ERROR: logging before google.Init: E0831 01:51:19.067346     369 repo.go:368] failed to create patch for untracked file .scratch/phase19-review-cycle2.bChjfV/node-compile-cache/v26.8.1-x64-8d7ad2ee-1000/52059bbd: bytes are not valid utf8
ERROR: logging before google.Init: E0831 01:51:19.067355     369 repo.go:368] failed to create patch for untracked file .scratch/phase19-review-cycle2.bChjfV/node-compile-cache/v26.8.1-x64-8d7ad2ee-1000/52a098ea: bytes are not valid utf8
ERROR: logging before google.Init: E0831 01:51:19.067366     369 repo.go:368] failed to create patch for untracked file .scratch/phase19-review-cycle2.bChjfV/node-compile-cache/v26.8.1-x64-8d7ad2ee-1000/52db7dd4: bytes are not valid utf8
ERROR: logging before google.Init: E0831 01:51:19.067375     369 repo.go:368] failed to create patch for untracked file .scratch/phase19-review-cycle2.bChjfV/node-compile-cache/v26.8.1-x64-8d7ad2ee-1000/52fc01a1: bytes are not valid utf8
ERROR: logging before google.Init: E0831 01:51:19.067384     369 repo.go:368] failed to create patch for untracked file .scratch/phase19-review-cycle2.bChjfV/node-compile-cache/v26.8.1-x64-8d7ad2ee-1000/5390c10f: bytes are not valid utf8
ERROR: logging before google.Init: E0831 01:51:19.067394     369 repo.go:368] failed to create patch for untracked file .scratch/phase19-review-cycle2.bChjfV/node-compile-cache/v26.8.1-x64-8d7ad2ee-1000/5467f56d: bytes are not valid utf8
ERROR: logging before google.Init: E0831 01:51:19.067404     369 repo.go:368] failed to create patch for untracked file .scratch/phase19-review-cycle2.bChjfV/node-compile-cache/v26.8.1-x64-8d7ad2ee-1000/54709ba1: bytes are not valid utf8
ERROR: logging before google.Init: E0831 01:51:19.067413     369 repo.go:368] failed to create patch for untracked file .scratch/phase19-review-cycle2.bChjfV/node-compile-cache/v26.8.1-x64-8d7ad2ee-1000/55309bda: bytes are not valid utf8
ERROR: logging before google.Init: E0831 01:51:19.067422     369 repo.go:368] failed to create patch for untracked file .scratch/phase19-review-cycle2.bChjfV/node-compile-cache/v26.8.1-x64-8d7ad2ee-1000/5556610b: bytes are not valid utf8
ERROR: logging before google.Init: E0831 01:51:19.067432     369 repo.go:368] failed to create patch for untracked file .scratch/phase19-review-cycle2.bChjfV/node-compile-cache/v26.8.1-x64-8d7ad2ee-1000/55888762: bytes are not valid utf8
ERROR: logging before google.Init: E0831 01:51:19.067442     369 repo.go:368] failed to create patch for untracked file .scratch/phase19-review-cycle2.bChjfV/node-compile-cache/v26.8.1-x64-8d7ad2ee-1000/55920610: bytes are not valid utf8
ERROR: logging before google.Init: E0831 01:51:19.067452     369 repo.go:368] failed to create patch for untracked file .scratch/phase19-review-cycle2.bChjfV/node-compile-cache/v26.8.1-x64-8d7ad2ee-1000/559ad2c2: bytes are not valid utf8
ERROR: logging before google.Init: E0831 01:51:19.067462     369 repo.go:368] failed to create patch for untracked file .scratch/phase19-review-cycle2.bChjfV/node-compile-cache/v26.8.1-x64-8d7ad2ee-1000/563aaba5: bytes are not valid utf8
ERROR: logging before google.Init: E0831 01:51:19.067471     369 repo.go:368] failed to create patch for untracked file .scratch/phase19-review-cycle2.bChjfV/node-compile-cache/v26.8.1-x64-8d7ad2ee-1000/563c5a5b: bytes are not valid utf8
ERROR: logging before google.Init: E0831 01:51:19.067480     369 repo.go:368] failed to create patch for untracked file .scratch/phase19-review-cycle2.bChjfV/node-compile-cache/v26.8.1-x64-8d7ad2ee-1000/58a86747: bytes are not valid utf8
ERROR: logging before google.Init: E0831 01:51:19.067489     369 repo.go:368] failed to create patch for untracked file .scratch/phase19-review-cycle2.bChjfV/node-compile-cache/v26.8.1-x64-8d7ad2ee-1000/59813190: bytes are not valid utf8
ERROR: logging before google.Init: E0831 01:51:19.067498     369 repo.go:368] failed to create patch for untracked file .scratch/phase19-review-cycle2.bChjfV/node-compile-cache/v26.8.1-x64-8d7ad2ee-1000/59c632ba: bytes are not valid utf8
ERROR: logging before google.Init: E0831 01:51:19.067507     369 repo.go:368] failed to create patch for untracked file .scratch/phase19-review-cycle2.bChjfV/node-compile-cache/v26.8.1-x64-8d7ad2ee-1000/5a02de71: bytes are not valid utf8
ERROR: logging before google.Init: E0831 01:51:19.067519     369 repo.go:368] failed to create patch for untracked file .scratch/phase19-review-cycle2.bChjfV/node-compile-cache/v26.8.1-x64-8d7ad2ee-1000/5a2bad40: bytes are not valid utf8
ERROR: logging before google.Init: E0831 01:51:19.067528     369 repo.go:368] failed to create patch for untracked file .scratch/phase19-review-cycle2.bChjfV/node-compile-cache/v26.8.1-x64-8d7ad2ee-1000/5a4f0644: bytes are not valid utf8
ERROR: logging before google.Init: E0831 01:51:19.067536     369 repo.go:368] failed to create patch for untracked file .scratch/phase19-review-cycle2.bChjfV/node-compile-cache/v26.8.1-x64-8d7ad2ee-1000/5b11a02a: bytes are not valid utf8
ERROR: logging before google.Init: E0831 01:51:19.067546     369 repo.go:368] failed to create patch for untracked file .scratch/phase19-review-cycle2.bChjfV/node-compile-cache/v26.8.1-x64-8d7ad2ee-1000/5b85805a: bytes are not valid utf8
ERROR: logging before google.Init: E0831 01:51:19.067554     369 repo.go:368] failed to create patch for untracked file .scratch/phase19-review-cycle2.bChjfV/node-compile-cache/v26.8.1-x64-8d7ad2ee-1000/5c70eb54: bytes are not valid utf8
ERROR: logging before google.Init: E0831 01:51:19.067563     369 repo.go:368] failed to create patch for untracked file .scratch/phase19-review-cycle2.bChjfV/node-compile-cache/v26.8.1-x64-8d7ad2ee-1000/5cb4a584: bytes are not valid utf8
ERROR: logging before google.Init: E0831 01:51:19.067573     369 repo.go:368] failed to create patch for untracked file .scratch/phase19-review-cycle2.bChjfV/node-compile-cache/v26.8.1-x64-8d7ad2ee-1000/5d2f2ae5: bytes are not valid utf8
ERROR: logging before google.Init: E0831 01:51:19.067583     369 repo.go:368] failed to create patch for untracked file .scratch/phase19-review-cycle2.bChjfV/node-compile-cache/v26.8.1-x64-8d7ad2ee-1000/5d92a678: bytes are not valid utf8
ERROR: logging before google.Init: E0831 01:51:19.067594     369 repo.go:368] failed to create patch for untracked file .scratch/phase19-review-cycle2.bChjfV/node-compile-cache/v26.8.1-x64-8d7ad2ee-1000/5dca1a77: bytes are not valid utf8
ERROR: logging before google.Init: E0831 01:51:19.067609     369 repo.go:368] failed to create patch for untracked file .scratch/phase19-review-cycle2.bChjfV/node-compile-cache/v26.8.1-x64-8d7ad2ee-1000/5e8eedb9: bytes are not valid utf8
ERROR: logging before google.Init: E0831 01:51:19.067621     369 repo.go:368] failed to create patch for untracked file .scratch/phase19-review-cycle2.bChjfV/node-compile-cache/v26.8.1-x64-8d7ad2ee-1000/5edebc65: bytes are not valid utf8
ERROR: logging before google.Init: E0831 01:51:19.067632     369 repo.go:368] failed to create patch for untracked file .scratch/phase19-review-cycle2.bChjfV/node-compile-cache/v26.8.1-x64-8d7ad2ee-1000/5f1df0eb: bytes are not valid utf8
ERROR: logging before google.Init: E0831 01:51:19.067642     369 repo.go:368] failed to create patch for untracked file .scratch/phase19-review-cycle2.bChjfV/node-compile-cache/v26.8.1-x64-8d7ad2ee-1000/5f56d863: bytes are not valid utf8
ERROR: logging before google.Init: E0831 01:51:19.067651     369 repo.go:368] failed to create patch for untracked file .scratch/phase19-review-cycle2.bChjfV/node-compile-cache/v26.8.1-x64-8d7ad2ee-1000/5f7e7acf: bytes are not valid utf8
ERROR: logging before google.Init: E0831 01:51:19.067660     369 repo.go:368] failed to create patch for untracked file .scratch/phase19-review-cycle2.bChjfV/node-compile-cache/v26.8.1-x64-8d7ad2ee-1000/5f919d1b: bytes are not valid utf8
ERROR: logging before google.Init: E0831 01:51:19.067669     369 repo.go:368] failed to create patch for untracked file .scratch/phase19-review-cycle2.bChjfV/node-compile-cache/v26.8.1-x64-8d7ad2ee-1000/5fe6ecaf: bytes are not valid utf8
ERROR: logging before google.Init: E0831 01:51:19.067678     369 repo.go:368] failed to create patch for untracked file .scratch/phase19-review-cycle2.bChjfV/node-compile-cache/v26.8.1-x64-8d7ad2ee-1000/6016cac3: bytes are not valid utf8
ERROR: logging before google.Init: E0831 01:51:19.067687     369 repo.go:368] failed to create patch for untracked file .scratch/phase19-review-cycle2.bChjfV/node-compile-cache/v26.8.1-x64-8d7ad2ee-1000/6048ce02: bytes are not valid utf8
ERROR: logging before google.Init: E0831 01:51:19.067696     369 repo.go:368] failed to create patch for untracked file .scratch/phase19-review-cycle2.bChjfV/node-compile-cache/v26.8.1-x64-8d7ad2ee-1000/61f7bb7b: bytes are not valid utf8
ERROR: logging before google.Init: E0831 01:51:19.067705     369 repo.go:368] failed to create patch for untracked file .scratch/phase19-review-cycle2.bChjfV/node-compile-cache/v26.8.1-x64-8d7ad2ee-1000/622b33b0: bytes are not valid utf8
ERROR: logging before google.Init: E0831 01:51:19.067714     369 repo.go:368] failed to create patch for untracked file .scratch/phase19-review-cycle2.bChjfV/node-compile-cache/v26.8.1-x64-8d7ad2ee-1000/62586457: bytes are not valid utf8
ERROR: logging before google.Init: E0831 01:51:19.067723     369 repo.go:368] failed to create patch for untracked file .scratch/phase19-review-cycle2.bChjfV/node-compile-cache/v26.8.1-x64-8d7ad2ee-1000/62ed7fd1: bytes are not valid utf8
ERROR: logging before google.Init: E0831 01:51:19.067732     369 repo.go:368] failed to create patch for untracked file .scratch/phase19-review-cycle2.bChjfV/node-compile-cache/v26.8.1-x64-8d7ad2ee-1000/636599f0: bytes are not valid utf8
ERROR: logging before google.Init: E0831 01:51:19.067742     369 repo.go:368] failed to create patch for untracked file .scratch/phase19-review-cycle2.bChjfV/node-compile-cache/v26.8.1-x64-8d7ad2ee-1000/6522fba8: bytes are not valid utf8
ERROR: logging before google.Init: E0831 01:51:19.067751     369 repo.go:368] failed to create patch for untracked file .scratch/phase19-review-cycle2.bChjfV/node-compile-cache/v26.8.1-x64-8d7ad2ee-1000/65ab8216: bytes are not valid utf8
ERROR: logging before google.Init: E0831 01:51:19.067760     369 repo.go:368] failed to create patch for untracked file .scratch/phase19-review-cycle2.bChjfV/node-compile-cache/v26.8.1-x64-8d7ad2ee-1000/65cde378: bytes are not valid utf8
ERROR: logging before google.Init: E0831 01:51:19.067769     369 repo.go:368] failed to create patch for untracked file .scratch/phase19-review-cycle2.bChjfV/node-compile-cache/v26.8.1-x64-8d7ad2ee-1000/660988f2: bytes are not valid utf8
ERROR: logging before google.Init: E0831 01:51:19.067778     369 repo.go:368] failed to create patch for untracked file .scratch/phase19-review-cycle2.bChjfV/node-compile-cache/v26.8.1-x64-8d7ad2ee-1000/66718a50: bytes are not valid utf8
ERROR: logging before google.Init: E0831 01:51:19.067787     369 repo.go:368] failed to create patch for untracked file .scratch/phase19-review-cycle2.bChjfV/node-compile-cache/v26.8.1-x64-8d7ad2ee-1000/66b0f63a: bytes are not valid utf8
ERROR: logging before google.Init: E0831 01:51:19.067796     369 repo.go:368] failed to create patch for untracked file .scratch/phase19-review-cycle2.bChjfV/node-compile-cache/v26.8.1-x64-8d7ad2ee-1000/6784e3ae: bytes are not valid utf8
ERROR: logging before google.Init: E0831 01:51:19.067805     369 repo.go:368] failed to create patch for untracked file .scratch/phase19-review-cycle2.bChjfV/node-compile-cache/v26.8.1-x64-8d7ad2ee-1000/6824ca7e: bytes are not valid utf8
ERROR: logging before google.Init: E0831 01:51:19.067815     369 repo.go:368] failed to create patch for untracked file .scratch/phase19-review-cycle2.bChjfV/node-compile-cache/v26.8.1-x64-8d7ad2ee-1000/684322c8: bytes are not valid utf8
ERROR: logging before google.Init: E0831 01:51:19.067823     369 repo.go:368] failed to create patch for untracked file .scratch/phase19-review-cycle2.bChjfV/node-compile-cache/v26.8.1-x64-8d7ad2ee-1000/694ec7e6: bytes are not valid utf8
ERROR: logging before google.Init: E0831 01:51:19.067833     369 repo.go:368] failed to create patch for untracked file .scratch/phase19-review-cycle2.bChjfV/node-compile-cache/v26.8.1-x64-8d7ad2ee-1000/6a65a83f: bytes are not valid utf8
ERROR: logging before google.Init: E0831 01:51:19.067842     369 repo.go:368] failed to create patch for untracked file .scratch/phase19-review-cycle2.bChjfV/node-compile-cache/v26.8.1-x64-8d7ad2ee-1000/6a7808c6: bytes are not valid utf8
ERROR: logging before google.Init: E0831 01:51:19.067852     369 repo.go:368] failed to create patch for untracked file .scratch/phase19-review-cycle2.bChjfV/node-compile-cache/v26.8.1-x64-8d7ad2ee-1000/6ae82fed: bytes are not valid utf8
ERROR: logging before google.Init: E0831 01:51:19.067862     369 repo.go:368] failed to create patch for untracked file .scratch/phase19-review-cycle2.bChjfV/node-compile-cache/v26.8.1-x64-8d7ad2ee-1000/6aea0ceb: bytes are not valid utf8
ERROR: logging before google.Init: E0831 01:51:19.067872     369 repo.go:368] failed to create patch for untracked file .scratch/phase19-review-cycle2.bChjfV/node-compile-cache/v26.8.1-x64-8d7ad2ee-1000/6b685747: bytes are not valid utf8
ERROR: logging before google.Init: E0831 01:51:19.067882     369 repo.go:368] failed to create patch for untracked file .scratch/phase19-review-cycle2.bChjfV/node-compile-cache/v26.8.1-x64-8d7ad2ee-1000/6c301b7e: bytes are not valid utf8
ERROR: logging before google.Init: E0831 01:51:19.067892     369 repo.go:368] failed to create patch for untracked file .scratch/phase19-review-cycle2.bChjfV/node-compile-cache/v26.8.1-x64-8d7ad2ee-1000/6c450625: bytes are not valid utf8
ERROR: logging before google.Init: E0831 01:51:19.067901     369 repo.go:368] failed to create patch for untracked file .scratch/phase19-review-cycle2.bChjfV/node-compile-cache/v26.8.1-x64-8d7ad2ee-1000/6c53203c: bytes are not valid utf8
ERROR: logging before google.Init: E0831 01:51:19.067910     369 repo.go:368] failed to create patch for untracked file .scratch/phase19-review-cycle2.bChjfV/node-compile-cache/v26.8.1-x64-8d7ad2ee-1000/6d365289: bytes are not valid utf8
ERROR: logging before google.Init: E0831 01:51:19.067919     369 repo.go:368] failed to create patch for untracked file .scratch/phase19-review-cycle2.bChjfV/node-compile-cache/v26.8.1-x64-8d7ad2ee-1000/6d6d5f1c: bytes are not valid utf8
ERROR: logging before google.Init: E0831 01:51:19.067928     369 repo.go:368] failed to create patch for untracked file .scratch/phase19-review-cycle2.bChjfV/node-compile-cache/v26.8.1-x64-8d7ad2ee-1000/6e21950d: bytes are not valid utf8
ERROR: logging before google.Init: E0831 01:51:19.067936     369 repo.go:368] failed to create patch for untracked file .scratch/phase19-review-cycle2.bChjfV/node-compile-cache/v26.8.1-x64-8d7ad2ee-1000/6f06e5c8: bytes are not valid utf8
ERROR: logging before google.Init: E0831 01:51:19.067945     369 repo.go:368] failed to create patch for untracked file .scratch/phase19-review-cycle2.bChjfV/node-compile-cache/v26.8.1-x64-8d7ad2ee-1000/70ea9bd2: bytes are not valid utf8
ERROR: logging before google.Init: E0831 01:51:19.067953     369 repo.go:368] failed to create patch for untracked file .scratch/phase19-review-cycle2.bChjfV/node-compile-cache/v26.8.1-x64-8d7ad2ee-1000/71670fc7: bytes are not valid utf8
ERROR: logging before google.Init: E0831 01:51:19.067963     369 repo.go:368] failed to create patch for untracked file .scratch/phase19-review-cycle2.bChjfV/node-compile-cache/v26.8.1-x64-8d7ad2ee-1000/72440b2a: bytes are not valid utf8
ERROR: logging before google.Init: E0831 01:51:19.067972     369 repo.go:368] failed to create patch for untracked file .scratch/phase19-review-cycle2.bChjfV/node-compile-cache/v26.8.1-x64-8d7ad2ee-1000/7264f2d9: bytes are not valid utf8
ERROR: logging before google.Init: E0831 01:51:19.067981     369 repo.go:368] failed to create patch for untracked file .scratch/phase19-review-cycle2.bChjfV/node-compile-cache/v26.8.1-x64-8d7ad2ee-1000/73dc70c8: bytes are not valid utf8
ERROR: logging before google.Init: E0831 01:51:19.067990     369 repo.go:368] failed to create patch for untracked file .scratch/phase19-review-cycle2.bChjfV/node-compile-cache/v26.8.1-x64-8d7ad2ee-1000/73e61496: bytes are not valid utf8
ERROR: logging before google.Init: E0831 01:51:19.067999     369 repo.go:368] failed to create patch for untracked file .scratch/phase19-review-cycle2.bChjfV/node-compile-cache/v26.8.1-x64-8d7ad2ee-1000/744355f7: bytes are not valid utf8
ERROR: logging before google.Init: E0831 01:51:19.068007     369 repo.go:368] failed to create patch for untracked file .scratch/phase19-review-cycle2.bChjfV/node-compile-cache/v26.8.1-x64-8d7ad2ee-1000/753fef06: bytes are not valid utf8
ERROR: logging before google.Init: E0831 01:51:19.068017     369 repo.go:368] failed to create patch for untracked file .scratch/phase19-review-cycle2.bChjfV/node-compile-cache/v26.8.1-x64-8d7ad2ee-1000/7566a99c: bytes are not valid utf8
ERROR: logging before google.Init: E0831 01:51:19.068026     369 repo.go:368] failed to create patch for untracked file .scratch/phase19-review-cycle2.bChjfV/node-compile-cache/v26.8.1-x64-8d7ad2ee-1000/758cf23f: bytes are not valid utf8
ERROR: logging before google.Init: E0831 01:51:19.068042     369 repo.go:368] failed to create patch for untracked file .scratch/phase19-review-cycle2.bChjfV/node-compile-cache/v26.8.1-x64-8d7ad2ee-1000/76499fec: bytes are not valid utf8
ERROR: logging before google.Init: E0831 01:51:19.068051     369 repo.go:368] failed to create patch for untracked file .scratch/phase19-review-cycle2.bChjfV/node-compile-cache/v26.8.1-x64-8d7ad2ee-1000/764f1fcf: bytes are not valid utf8
ERROR: logging before google.Init: E0831 01:51:19.068060     369 repo.go:368] failed to create patch for untracked file .scratch/phase19-review-cycle2.bChjfV/node-compile-cache/v26.8.1-x64-8d7ad2ee-1000/77f31fbb: bytes are not valid utf8
ERROR: logging before google.Init: E0831 01:51:19.068069     369 repo.go:368] failed to create patch for untracked file .scratch/phase19-review-cycle2.bChjfV/node-compile-cache/v26.8.1-x64-8d7ad2ee-1000/781b61c0: bytes are not valid utf8
ERROR: logging before google.Init: E0831 01:51:19.068078     369 repo.go:368] failed to create patch for untracked file .scratch/phase19-review-cycle2.bChjfV/node-compile-cache/v26.8.1-x64-8d7ad2ee-1000/78b374bb: bytes are not valid utf8
ERROR: logging before google.Init: E0831 01:51:19.068094     369 repo.go:368] failed to create patch for untracked file .scratch/phase19-review-cycle2.bChjfV/node-compile-cache/v26.8.1-x64-8d7ad2ee-1000/78e935bf: bytes are not valid utf8
ERROR: logging before google.Init: E0831 01:51:19.068104     369 repo.go:368] failed to create patch for untracked file .scratch/phase19-review-cycle2.bChjfV/node-compile-cache/v26.8.1-x64-8d7ad2ee-1000/78ec12fe: bytes are not valid utf8
ERROR: logging before google.Init: E0831 01:51:19.068113     369 repo.go:368] failed to create patch for untracked file .scratch/phase19-review-cycle2.bChjfV/node-compile-cache/v26.8.1-x64-8d7ad2ee-1000/7a29d76e: bytes are not valid utf8
ERROR: logging before google.Init: E0831 01:51:19.068122     369 repo.go:368] failed to create patch for untracked file .scratch/phase19-review-cycle2.bChjfV/node-compile-cache/v26.8.1-x64-8d7ad2ee-1000/7a4cedbe: bytes are not valid utf8
ERROR: logging before google.Init: E0831 01:51:19.068131     369 repo.go:368] failed to create patch for untracked file .scratch/phase19-review-cycle2.bChjfV/node-compile-cache/v26.8.1-x64-8d7ad2ee-1000/7a9833a6: bytes are not valid utf8
ERROR: logging before google.Init: E0831 01:51:19.068140     369 repo.go:368] failed to create patch for untracked file .scratch/phase19-review-cycle2.bChjfV/node-compile-cache/v26.8.1-x64-8d7ad2ee-1000/7ba1b446: bytes are not valid utf8
ERROR: logging before google.Init: E0831 01:51:19.068148     369 repo.go:368] failed to create patch for untracked file .scratch/phase19-review-cycle2.bChjfV/node-compile-cache/v26.8.1-x64-8d7ad2ee-1000/7c63e190: bytes are not valid utf8
ERROR: logging before google.Init: E0831 01:51:19.068158     369 repo.go:368] failed to create patch for untracked file .scratch/phase19-review-cycle2.bChjfV/node-compile-cache/v26.8.1-x64-8d7ad2ee-1000/7d43326e: bytes are not valid utf8
ERROR: logging before google.Init: E0831 01:51:19.068167     369 repo.go:368] failed to create patch for untracked file .scratch/phase19-review-cycle2.bChjfV/node-compile-cache/v26.8.1-x64-8d7ad2ee-1000/7d9fc342: bytes are not valid utf8
ERROR: logging before google.Init: E0831 01:51:19.068176     369 repo.go:368] failed to create patch for untracked file .scratch/phase19-review-cycle2.bChjfV/node-compile-cache/v26.8.1-x64-8d7ad2ee-1000/7eed8663: bytes are not valid utf8
ERROR: logging before google.Init: E0831 01:51:19.068185     369 repo.go:368] failed to create patch for untracked file .scratch/phase19-review-cycle2.bChjfV/node-compile-cache/v26.8.1-x64-8d7ad2ee-1000/7f33eb18: bytes are not valid utf8
ERROR: logging before google.Init: E0831 01:51:19.068194     369 repo.go:368] failed to create patch for untracked file .scratch/phase19-review-cycle2.bChjfV/node-compile-cache/v26.8.1-x64-8d7ad2ee-1000/7f8f0416: bytes are not valid utf8
ERROR: logging before google.Init: E0831 01:51:19.068206     369 repo.go:368] failed to create patch for untracked file .scratch/phase19-review-cycle2.bChjfV/node-compile-cache/v26.8.1-x64-8d7ad2ee-1000/7faaa2b7: bytes are not valid utf8
ERROR: logging before google.Init: E0831 01:51:19.068215     369 repo.go:368] failed to create patch for untracked file .scratch/phase19-review-cycle2.bChjfV/node-compile-cache/v26.8.1-x64-8d7ad2ee-1000/7fc846f5: bytes are not valid utf8
ERROR: logging before google.Init: E0831 01:51:19.068224     369 repo.go:368] failed to create patch for untracked file .scratch/phase19-review-cycle2.bChjfV/node-compile-cache/v26.8.1-x64-8d7ad2ee-1000/804cf119: bytes are not valid utf8
ERROR: logging before google.Init: E0831 01:51:19.068233     369 repo.go:368] failed to create patch for untracked file .scratch/phase19-review-cycle2.bChjfV/node-compile-cache/v26.8.1-x64-8d7ad2ee-1000/80623fd1: bytes are not valid utf8
ERROR: logging before google.Init: E0831 01:51:19.068242     369 repo.go:368] failed to create patch for untracked file .scratch/phase19-review-cycle2.bChjfV/node-compile-cache/v26.8.1-x64-8d7ad2ee-1000/80cea747: bytes are not valid utf8
ERROR: logging before google.Init: E0831 01:51:19.068251     369 repo.go:368] failed to create patch for untracked file .scratch/phase19-review-cycle2.bChjfV/node-compile-cache/v26.8.1-x64-8d7ad2ee-1000/80d419f1: bytes are not valid utf8
ERROR: logging before google.Init: E0831 01:51:19.068260     369 repo.go:368] failed to create patch for untracked file .scratch/phase19-review-cycle2.bChjfV/node-compile-cache/v26.8.1-x64-8d7ad2ee-1000/80e0f000: bytes are not valid utf8
ERROR: logging before google.Init: E0831 01:51:19.068269     369 repo.go:368] failed to create patch for untracked file .scratch/phase19-review-cycle2.bChjfV/node-compile-cache/v26.8.1-x64-8d7ad2ee-1000/8166bce3: bytes are not valid utf8
ERROR: logging before google.Init: E0831 01:51:19.068278     369 repo.go:368] failed to create patch for untracked file .scratch/phase19-review-cycle2.bChjfV/node-compile-cache/v26.8.1-x64-8d7ad2ee-1000/819fbc00: bytes are not valid utf8
ERROR: logging before google.Init: E0831 01:51:19.068287     369 repo.go:368] failed to create patch for untracked file .scratch/phase19-review-cycle2.bChjfV/node-compile-cache/v26.8.1-x64-8d7ad2ee-1000/8235ed93: bytes are not valid utf8
ERROR: logging before google.Init: E0831 01:51:19.068296     369 repo.go:368] failed to create patch for untracked file .scratch/phase19-review-cycle2.bChjfV/node-compile-cache/v26.8.1-x64-8d7ad2ee-1000/82c56f9d: bytes are not valid utf8
ERROR: logging before google.Init: E0831 01:51:19.068305     369 repo.go:368] failed to create patch for untracked file .scratch/phase19-review-cycle2.bChjfV/node-compile-cache/v26.8.1-x64-8d7ad2ee-1000/82ffa636: bytes are not valid utf8
ERROR: logging before google.Init: E0831 01:51:19.068315     369 repo.go:368] failed to create patch for untracked file .scratch/phase19-review-cycle2.bChjfV/node-compile-cache/v26.8.1-x64-8d7ad2ee-1000/83412358: bytes are not valid utf8
ERROR: logging before google.Init: E0831 01:51:19.068324     369 repo.go:368] failed to create patch for untracked file .scratch/phase19-review-cycle2.bChjfV/node-compile-cache/v26.8.1-x64-8d7ad2ee-1000/84171089: bytes are not valid utf8
ERROR: logging before google.Init: E0831 01:51:19.068334     369 repo.go:368] failed to create patch for untracked file .scratch/phase19-review-cycle2.bChjfV/node-compile-cache/v26.8.1-x64-8d7ad2ee-1000/844075b3: bytes are not valid utf8
ERROR: logging before google.Init: E0831 01:51:19.068343     369 repo.go:368] failed to create patch for untracked file .scratch/phase19-review-cycle2.bChjfV/node-compile-cache/v26.8.1-x64-8d7ad2ee-1000/8480710b: bytes are not valid utf8
ERROR: logging before google.Init: E0831 01:51:19.068351     369 repo.go:368] failed to create patch for untracked file .scratch/phase19-review-cycle2.bChjfV/node-compile-cache/v26.8.1-x64-8d7ad2ee-1000/85ee96ac: bytes are not valid utf8
ERROR: logging before google.Init: E0831 01:51:19.068361     369 repo.go:368] failed to create patch for untracked file .scratch/phase19-review-cycle2.bChjfV/node-compile-cache/v26.8.1-x64-8d7ad2ee-1000/86d3f244: bytes are not valid utf8
ERROR: logging before google.Init: E0831 01:51:19.068370     369 repo.go:368] failed to create patch for untracked file .scratch/phase19-review-cycle2.bChjfV/node-compile-cache/v26.8.1-x64-8d7ad2ee-1000/87e9eef0: bytes are not valid utf8
ERROR: logging before google.Init: E0831 01:51:19.068379     369 repo.go:368] failed to create patch for untracked file .scratch/phase19-review-cycle2.bChjfV/node-compile-cache/v26.8.1-x64-8d7ad2ee-1000/8840590a: bytes are not valid utf8
ERROR: logging before google.Init: E0831 01:51:19.068388     369 repo.go:368] failed to create patch for untracked file .scratch/phase19-review-cycle2.bChjfV/node-compile-cache/v26.8.1-x64-8d7ad2ee-1000/888c8220: bytes are not valid utf8
ERROR: logging before google.Init: E0831 01:51:19.068397     369 repo.go:368] failed to create patch for untracked file .scratch/phase19-review-cycle2.bChjfV/node-compile-cache/v26.8.1-x64-8d7ad2ee-1000/88d80057: bytes are not valid utf8
ERROR: logging before google.Init: E0831 01:51:19.068406     369 repo.go:368] failed to create patch for untracked file .scratch/phase19-review-cycle2.bChjfV/node-compile-cache/v26.8.1-x64-8d7ad2ee-1000/88e0f645: bytes are not valid utf8
ERROR: logging before google.Init: E0831 01:51:19.068415     369 repo.go:368] failed to create patch for untracked file .scratch/phase19-review-cycle2.bChjfV/node-compile-cache/v26.8.1-x64-8d7ad2ee-1000/88f715d0: bytes are not valid utf8
ERROR: logging before google.Init: E0831 01:51:19.068426     369 repo.go:368] failed to create patch for untracked file .scratch/phase19-review-cycle2.bChjfV/node-compile-cache/v26.8.1-x64-8d7ad2ee-1000/89a78b27: bytes are not valid utf8
ERROR: logging before google.Init: E0831 01:51:19.068435     369 repo.go:368] failed to create patch for untracked file .scratch/phase19-review-cycle2.bChjfV/node-compile-cache/v26.8.1-x64-8d7ad2ee-1000/89adba7c: bytes are not valid utf8
ERROR: logging before google.Init: E0831 01:51:19.068444     369 repo.go:368] failed to create patch for untracked file .scratch/phase19-review-cycle2.bChjfV/node-compile-cache/v26.8.1-x64-8d7ad2ee-1000/8aa2de4d: bytes are not valid utf8
ERROR: logging before google.Init: E0831 01:51:19.068454     369 repo.go:368] failed to create patch for untracked file .scratch/phase19-review-cycle2.bChjfV/node-compile-cache/v26.8.1-x64-8d7ad2ee-1000/8b0142f4: bytes are not valid utf8
ERROR: logging before google.Init: E0831 01:51:19.068462     369 repo.go:368] failed to create patch for untracked file .scratch/phase19-review-cycle2.bChjfV/node-compile-cache/v26.8.1-x64-8d7ad2ee-1000/8c431d24: bytes are not valid utf8
ERROR: logging before google.Init: E0831 01:51:19.068472     369 repo.go:368] failed to create patch for untracked file .scratch/phase19-review-cycle2.bChjfV/node-compile-cache/v26.8.1-x64-8d7ad2ee-1000/8cee33a3: bytes are not valid utf8
ERROR: logging before google.Init: E0831 01:51:19.068482     369 repo.go:368] failed to create patch for untracked file .scratch/phase19-review-cycle2.bChjfV/node-compile-cache/v26.8.1-x64-8d7ad2ee-1000/8d921cb6: bytes are not valid utf8
ERROR: logging before google.Init: E0831 01:51:19.068491     369 repo.go:368] failed to create patch for untracked file .scratch/phase19-review-cycle2.bChjfV/node-compile-cache/v26.8.1-x64-8d7ad2ee-1000/8e77503a: bytes are not valid utf8
ERROR: logging before google.Init: E0831 01:51:19.068499     369 repo.go:368] failed to create patch for untracked file .scratch/phase19-review-cycle2.bChjfV/node-compile-cache/v26.8.1-x64-8d7ad2ee-1000/8f0d912a: bytes are not valid utf8
ERROR: logging before google.Init: E0831 01:51:19.068508     369 repo.go:368] failed to create patch for untracked file .scratch/phase19-review-cycle2.bChjfV/node-compile-cache/v26.8.1-x64-8d7ad2ee-1000/8fd2d67a: bytes are not valid utf8
ERROR: logging before google.Init: E0831 01:51:19.068518     369 repo.go:368] failed to create patch for untracked file .scratch/phase19-review-cycle2.bChjfV/node-compile-cache/v26.8.1-x64-8d7ad2ee-1000/8fec5c6a: bytes are not valid utf8
ERROR: logging before google.Init: E0831 01:51:19.068527     369 repo.go:368] failed to create patch for untracked file .scratch/phase19-review-cycle2.bChjfV/node-compile-cache/v26.8.1-x64-8d7ad2ee-1000/90014fac: bytes are not valid utf8
ERROR: logging before google.Init: E0831 01:51:19.068539     369 repo.go:368] failed to create patch for untracked file .scratch/phase19-review-cycle2.bChjfV/node-compile-cache/v26.8.1-x64-8d7ad2ee-1000/90925e8d: bytes are not valid utf8
ERROR: logging before google.Init: E0831 01:51:19.068549     369 repo.go:368] failed to create patch for untracked file .scratch/phase19-review-cycle2.bChjfV/node-compile-cache/v26.8.1-x64-8d7ad2ee-1000/9200ae60: bytes are not valid utf8
ERROR: logging before google.Init: E0831 01:51:19.068558     369 repo.go:368] failed to create patch for untracked file .scratch/phase19-review-cycle2.bChjfV/node-compile-cache/v26.8.1-x64-8d7ad2ee-1000/9222b63d: bytes are not valid utf8
ERROR: logging before google.Init: E0831 01:51:19.068567     369 repo.go:368] failed to create patch for untracked file .scratch/phase19-review-cycle2.bChjfV/node-compile-cache/v26.8.1-x64-8d7ad2ee-1000/923b43eb: bytes are not valid utf8
ERROR: logging before google.Init: E0831 01:51:19.068577     369 repo.go:368] failed to create patch for untracked file .scratch/phase19-review-cycle2.bChjfV/node-compile-cache/v26.8.1-x64-8d7ad2ee-1000/92e8e3a2: bytes are not valid utf8
ERROR: logging before google.Init: E0831 01:51:19.068587     369 repo.go:368] failed to create patch for untracked file .scratch/phase19-review-cycle2.bChjfV/node-compile-cache/v26.8.1-x64-8d7ad2ee-1000/94aced3c: bytes are not valid utf8
ERROR: logging before google.Init: E0831 01:51:19.068598     369 repo.go:368] failed to create patch for untracked file .scratch/phase19-review-cycle2.bChjfV/node-compile-cache/v26.8.1-x64-8d7ad2ee-1000/94cd4d86: bytes are not valid utf8
ERROR: logging before google.Init: E0831 01:51:19.068610     369 repo.go:368] failed to create patch for untracked file .scratch/phase19-review-cycle2.bChjfV/node-compile-cache/v26.8.1-x64-8d7ad2ee-1000/954df96b: bytes are not valid utf8
ERROR: logging before google.Init: E0831 01:51:19.068621     369 repo.go:368] failed to create patch for untracked file .scratch/phase19-review-cycle2.bChjfV/node-compile-cache/v26.8.1-x64-8d7ad2ee-1000/95847940: bytes are not valid utf8
ERROR: logging before google.Init: E0831 01:51:19.068629     369 repo.go:368] failed to create patch for untracked file .scratch/phase19-review-cycle2.bChjfV/node-compile-cache/v26.8.1-x64-8d7ad2ee-1000/9597e005: bytes are not valid utf8
ERROR: logging before google.Init: E0831 01:51:19.068638     369 repo.go:368] failed to create patch for untracked file .scratch/phase19-review-cycle2.bChjfV/node-compile-cache/v26.8.1-x64-8d7ad2ee-1000/973c40c2: bytes are not valid utf8
ERROR: logging before google.Init: E0831 01:51:19.068648     369 repo.go:368] failed to create patch for untracked file .scratch/phase19-review-cycle2.bChjfV/node-compile-cache/v26.8.1-x64-8d7ad2ee-1000/97e2a22a: bytes are not valid utf8
ERROR: logging before google.Init: E0831 01:51:19.068657     369 repo.go:368] failed to create patch for untracked file .scratch/phase19-review-cycle2.bChjfV/node-compile-cache/v26.8.1-x64-8d7ad2ee-1000/97ea8261: bytes are not valid utf8
ERROR: logging before google.Init: E0831 01:51:19.068666     369 repo.go:368] failed to create patch for untracked file .scratch/phase19-review-cycle2.bChjfV/node-compile-cache/v26.8.1-x64-8d7ad2ee-1000/9858c0ef: bytes are not valid utf8
ERROR: logging before google.Init: E0831 01:51:19.068675     369 repo.go:368] failed to create patch for untracked file .scratch/phase19-review-cycle2.bChjfV/node-compile-cache/v26.8.1-x64-8d7ad2ee-1000/98f34ccb: bytes are not valid utf8
ERROR: logging before google.Init: E0831 01:51:19.068684     369 repo.go:368] failed to create patch for untracked file .scratch/phase19-review-cycle2.bChjfV/node-compile-cache/v26.8.1-x64-8d7ad2ee-1000/992bebce: bytes are not valid utf8
ERROR: logging before google.Init: E0831 01:51:19.068693     369 repo.go:368] failed to create patch for untracked file .scratch/phase19-review-cycle2.bChjfV/node-compile-cache/v26.8.1-x64-8d7ad2ee-1000/99757a15: bytes are not valid utf8
ERROR: logging before google.Init: E0831 01:51:19.068703     369 repo.go:368] failed to create patch for untracked file .scratch/phase19-review-cycle2.bChjfV/node-compile-cache/v26.8.1-x64-8d7ad2ee-1000/99b6a49a: bytes are not valid utf8
ERROR: logging before google.Init: E0831 01:51:19.068711     369 repo.go:368] failed to create patch for untracked file .scratch/phase19-review-cycle2.bChjfV/node-compile-cache/v26.8.1-x64-8d7ad2ee-1000/99b73f3a: bytes are not valid utf8
ERROR: logging before google.Init: E0831 01:51:19.068720     369 repo.go:368] failed to create patch for untracked file .scratch/phase19-review-cycle2.bChjfV/node-compile-cache/v26.8.1-x64-8d7ad2ee-1000/9af85e0f: bytes are not valid utf8
ERROR: logging before google.Init: E0831 01:51:19.068729     369 repo.go:368] failed to create patch for untracked file .scratch/phase19-review-cycle2.bChjfV/node-compile-cache/v26.8.1-x64-8d7ad2ee-1000/9b798567: bytes are not valid utf8
ERROR: logging before google.Init: E0831 01:51:19.068738     369 repo.go:368] failed to create patch for untracked file .scratch/phase19-review-cycle2.bChjfV/node-compile-cache/v26.8.1-x64-8d7ad2ee-1000/9b8bdc7b: bytes are not valid utf8
ERROR: logging before google.Init: E0831 01:51:19.068746     369 repo.go:368] failed to create patch for untracked file .scratch/phase19-review-cycle2.bChjfV/node-compile-cache/v26.8.1-x64-8d7ad2ee-1000/9c0221fb: bytes are not valid utf8
ERROR: logging before google.Init: E0831 01:51:19.068755     369 repo.go:368] failed to create patch for untracked file .scratch/phase19-review-cycle2.bChjfV/node-compile-cache/v26.8.1-x64-8d7ad2ee-1000/9c02fb6b: bytes are not valid utf8
ERROR: logging before google.Init: E0831 01:51:19.068764     369 repo.go:368] failed to create patch for untracked file .scratch/phase19-review-cycle2.bChjfV/node-compile-cache/v26.8.1-x64-8d7ad2ee-1000/9c1a7992: bytes are not valid utf8
ERROR: logging before google.Init: E0831 01:51:19.068773     369 repo.go:368] failed to create patch for untracked file .scratch/phase19-review-cycle2.bChjfV/node-compile-cache/v26.8.1-x64-8d7ad2ee-1000/9c2a21eb: bytes are not valid utf8
ERROR: logging before google.Init: E0831 01:51:19.068783     369 repo.go:368] failed to create patch for untracked file .scratch/phase19-review-cycle2.bChjfV/node-compile-cache/v26.8.1-x64-8d7ad2ee-1000/9c3fa6ef: bytes are not valid utf8
ERROR: logging before google.Init: E0831 01:51:19.068792     369 repo.go:368] failed to create patch for untracked file .scratch/phase19-review-cycle2.bChjfV/node-compile-cache/v26.8.1-x64-8d7ad2ee-1000/9c56a88b: bytes are not valid utf8
ERROR: logging before google.Init: E0831 01:51:19.068801     369 repo.go:368] failed to create patch for untracked file .scratch/phase19-review-cycle2.bChjfV/node-compile-cache/v26.8.1-x64-8d7ad2ee-1000/9c667eb9: bytes are not valid utf8
ERROR: logging before google.Init: E0831 01:51:19.068811     369 repo.go:368] failed to create patch for untracked file .scratch/phase19-review-cycle2.bChjfV/node-compile-cache/v26.8.1-x64-8d7ad2ee-1000/9c6a3dce: bytes are not valid utf8
ERROR: logging before google.Init: E0831 01:51:19.068822     369 repo.go:368] failed to create patch for untracked file .scratch/phase19-review-cycle2.bChjfV/node-compile-cache/v26.8.1-x64-8d7ad2ee-1000/9ccf5632: bytes are not valid utf8
ERROR: logging before google.Init: E0831 01:51:19.068831     369 repo.go:368] failed to create patch for untracked file .scratch/phase19-review-cycle2.bChjfV/node-compile-cache/v26.8.1-x64-8d7ad2ee-1000/9d887cbe: bytes are not valid utf8
ERROR: logging before google.Init: E0831 01:51:19.068841     369 repo.go:368] failed to create patch for untracked file .scratch/phase19-review-cycle2.bChjfV/node-compile-cache/v26.8.1-x64-8d7ad2ee-1000/9e25568a: bytes are not valid utf8
ERROR: logging before google.Init: E0831 01:51:19.068851     369 repo.go:368] failed to create patch for untracked file .scratch/phase19-review-cycle2.bChjfV/node-compile-cache/v26.8.1-x64-8d7ad2ee-1000/9e724a52: bytes are not valid utf8
ERROR: logging before google.Init: E0831 01:51:19.068859     369 repo.go:368] failed to create patch for untracked file .scratch/phase19-review-cycle2.bChjfV/node-compile-cache/v26.8.1-x64-8d7ad2ee-1000/9f2a355d: bytes are not valid utf8
ERROR: logging before google.Init: E0831 01:51:19.068868     369 repo.go:368] failed to create patch for untracked file .scratch/phase19-review-cycle2.bChjfV/node-compile-cache/v26.8.1-x64-8d7ad2ee-1000/9f9db43a: bytes are not valid utf8
ERROR: logging before google.Init: E0831 01:51:19.068877     369 repo.go:368] failed to create patch for untracked file .scratch/phase19-review-cycle2.bChjfV/node-compile-cache/v26.8.1-x64-8d7ad2ee-1000/a089927c: bytes are not valid utf8
ERROR: logging before google.Init: E0831 01:51:19.068886     369 repo.go:368] failed to create patch for untracked file .scratch/phase19-review-cycle2.bChjfV/node-compile-cache/v26.8.1-x64-8d7ad2ee-1000/a0e6c283: bytes are not valid utf8
ERROR: logging before google.Init: E0831 01:51:19.068895     369 repo.go:368] failed to create patch for untracked file .scratch/phase19-review-cycle2.bChjfV/node-compile-cache/v26.8.1-x64-8d7ad2ee-1000/a271b133: bytes are not valid utf8
ERROR: logging before google.Init: E0831 01:51:19.068905     369 repo.go:368] failed to create patch for untracked file .scratch/phase19-review-cycle2.bChjfV/node-compile-cache/v26.8.1-x64-8d7ad2ee-1000/a28a8663: bytes are not valid utf8
ERROR: logging before google.Init: E0831 01:51:19.068914     369 repo.go:368] failed to create patch for untracked file .scratch/phase19-review-cycle2.bChjfV/node-compile-cache/v26.8.1-x64-8d7ad2ee-1000/a2a3e151: bytes are not valid utf8
ERROR: logging before google.Init: E0831 01:51:19.068923     369 repo.go:368] failed to create patch for untracked file .scratch/phase19-review-cycle2.bChjfV/node-compile-cache/v26.8.1-x64-8d7ad2ee-1000/a339d434: bytes are not valid utf8
ERROR: logging before google.Init: E0831 01:51:19.068932     369 repo.go:368] failed to create patch for untracked file .scratch/phase19-review-cycle2.bChjfV/node-compile-cache/v26.8.1-x64-8d7ad2ee-1000/a3cd86f4: bytes are not valid utf8
ERROR: logging before google.Init: E0831 01:51:19.068941     369 repo.go:368] failed to create patch for untracked file .scratch/phase19-review-cycle2.bChjfV/node-compile-cache/v26.8.1-x64-8d7ad2ee-1000/a490d57b: bytes are not valid utf8
ERROR: logging before google.Init: E0831 01:51:19.068951     369 repo.go:368] failed to create patch for untracked file .scratch/phase19-review-cycle2.bChjfV/node-compile-cache/v26.8.1-x64-8d7ad2ee-1000/a5bdcdc2: bytes are not valid utf8
ERROR: logging before google.Init: E0831 01:51:19.068960     369 repo.go:368] failed to create patch for untracked file .scratch/phase19-review-cycle2.bChjfV/node-compile-cache/v26.8.1-x64-8d7ad2ee-1000/a5d5052b: bytes are not valid utf8
ERROR: logging before google.Init: E0831 01:51:19.068968     369 repo.go:368] failed to create patch for untracked file .scratch/phase19-review-cycle2.bChjfV/node-compile-cache/v26.8.1-x64-8d7ad2ee-1000/a6305dfb: bytes are not valid utf8
ERROR: logging before google.Init: E0831 01:51:19.068978     369 repo.go:368] failed to create patch for untracked file .scratch/phase19-review-cycle2.bChjfV/node-compile-cache/v26.8.1-x64-8d7ad2ee-1000/a6983ac8: bytes are not valid utf8
ERROR: logging before google.Init: E0831 01:51:19.068987     369 repo.go:368] failed to create patch for untracked file .scratch/phase19-review-cycle2.bChjfV/node-compile-cache/v26.8.1-x64-8d7ad2ee-1000/a6a586d8: bytes are not valid utf8
ERROR: logging before google.Init: E0831 01:51:19.068995     369 repo.go:368] failed to create patch for untracked file .scratch/phase19-review-cycle2.bChjfV/node-compile-cache/v26.8.1-x64-8d7ad2ee-1000/a86547b7: bytes are not valid utf8
ERROR: logging before google.Init: E0831 01:51:19.069004     369 repo.go:368] failed to create patch for untracked file .scratch/phase19-review-cycle2.bChjfV/node-compile-cache/v26.8.1-x64-8d7ad2ee-1000/a98da92f: bytes are not valid utf8
ERROR: logging before google.Init: E0831 01:51:19.069014     369 repo.go:368] failed to create patch for untracked file .scratch/phase19-review-cycle2.bChjfV/node-compile-cache/v26.8.1-x64-8d7ad2ee-1000/a98e7733: bytes are not valid utf8
ERROR: logging before google.Init: E0831 01:51:19.069022     369 repo.go:368] failed to create patch for untracked file .scratch/phase19-review-cycle2.bChjfV/node-compile-cache/v26.8.1-x64-8d7ad2ee-1000/a9a31f40: bytes are not valid utf8
ERROR: logging before google.Init: E0831 01:51:19.069031     369 repo.go:368] failed to create patch for untracked file .scratch/phase19-review-cycle2.bChjfV/node-compile-cache/v26.8.1-x64-8d7ad2ee-1000/a9df960c: bytes are not valid utf8
ERROR: logging before google.Init: E0831 01:51:19.069041     369 repo.go:368] failed to create patch for untracked file .scratch/phase19-review-cycle2.bChjfV/node-compile-cache/v26.8.1-x64-8d7ad2ee-1000/aa742600: bytes are not valid utf8
ERROR: logging before google.Init: E0831 01:51:19.069050     369 repo.go:368] failed to create patch for untracked file .scratch/phase19-review-cycle2.bChjfV/node-compile-cache/v26.8.1-x64-8d7ad2ee-1000/aa862e85: bytes are not valid utf8
ERROR: logging before google.Init: E0831 01:51:19.069059     369 repo.go:368] failed to create patch for untracked file .scratch/phase19-review-cycle2.bChjfV/node-compile-cache/v26.8.1-x64-8d7ad2ee-1000/aaff74f9: bytes are not valid utf8
ERROR: logging before google.Init: E0831 01:51:19.069068     369 repo.go:368] failed to create patch for untracked file .scratch/phase19-review-cycle2.bChjfV/node-compile-cache/v26.8.1-x64-8d7ad2ee-1000/ab50a3c6: bytes are not valid utf8
ERROR: logging before google.Init: E0831 01:51:19.069077     369 repo.go:368] failed to create patch for untracked file .scratch/phase19-review-cycle2.bChjfV/node-compile-cache/v26.8.1-x64-8d7ad2ee-1000/abaad1bb: bytes are not valid utf8
ERROR: logging before google.Init: E0831 01:51:19.069086     369 repo.go:368] failed to create patch for untracked file .scratch/phase19-review-cycle2.bChjfV/node-compile-cache/v26.8.1-x64-8d7ad2ee-1000/ac2bd971: bytes are not valid utf8
ERROR: logging before google.Init: E0831 01:51:19.069095     369 repo.go:368] failed to create patch for untracked file .scratch/phase19-review-cycle2.bChjfV/node-compile-cache/v26.8.1-x64-8d7ad2ee-1000/acddb56f: bytes are not valid utf8
ERROR: logging before google.Init: E0831 01:51:19.069105     369 repo.go:368] failed to create patch for untracked file .scratch/phase19-review-cycle2.bChjfV/node-compile-cache/v26.8.1-x64-8d7ad2ee-1000/acfd8818: bytes are not valid utf8
ERROR: logging before google.Init: E0831 01:51:19.069115     369 repo.go:368] failed to create patch for untracked file .scratch/phase19-review-cycle2.bChjfV/node-compile-cache/v26.8.1-x64-8d7ad2ee-1000/ad1d190c: bytes are not valid utf8
ERROR: logging before google.Init: E0831 01:51:19.069124     369 repo.go:368] failed to create patch for untracked file .scratch/phase19-review-cycle2.bChjfV/node-compile-cache/v26.8.1-x64-8d7ad2ee-1000/ad4a0ba9: bytes are not valid utf8
ERROR: logging before google.Init: E0831 01:51:19.069134     369 repo.go:368] failed to create patch for untracked file .scratch/phase19-review-cycle2.bChjfV/node-compile-cache/v26.8.1-x64-8d7ad2ee-1000/ae2aa98b: bytes are not valid utf8
ERROR: logging before google.Init: E0831 01:51:19.069144     369 repo.go:368] failed to create patch for untracked file .scratch/phase19-review-cycle2.bChjfV/node-compile-cache/v26.8.1-x64-8d7ad2ee-1000/ae5cd13f: bytes are not valid utf8
ERROR: logging before google.Init: E0831 01:51:19.069153     369 repo.go:368] failed to create patch for untracked file .scratch/phase19-review-cycle2.bChjfV/node-compile-cache/v26.8.1-x64-8d7ad2ee-1000/ae7303a9: bytes are not valid utf8
ERROR: logging before google.Init: E0831 01:51:19.069163     369 repo.go:368] failed to create patch for untracked file .scratch/phase19-review-cycle2.bChjfV/node-compile-cache/v26.8.1-x64-8d7ad2ee-1000/ae901c44: bytes are not valid utf8
ERROR: logging before google.Init: E0831 01:51:19.069171     369 repo.go:368] failed to create patch for untracked file .scratch/phase19-review-cycle2.bChjfV/node-compile-cache/v26.8.1-x64-8d7ad2ee-1000/ae965f4a: bytes are not valid utf8
ERROR: logging before google.Init: E0831 01:51:19.069180     369 repo.go:368] failed to create patch for untracked file .scratch/phase19-review-cycle2.bChjfV/node-compile-cache/v26.8.1-x64-8d7ad2ee-1000/aee710ca: bytes are not valid utf8
ERROR: logging before google.Init: E0831 01:51:19.069195     369 repo.go:368] failed to create patch for untracked file .scratch/phase19-review-cycle2.bChjfV/node-compile-cache/v26.8.1-x64-8d7ad2ee-1000/af9e3812: bytes are not valid utf8
ERROR: logging before google.Init: E0831 01:51:19.069204     369 repo.go:368] failed to create patch for untracked file .scratch/phase19-review-cycle2.bChjfV/node-compile-cache/v26.8.1-x64-8d7ad2ee-1000/afc339ca: bytes are not valid utf8
ERROR: logging before google.Init: E0831 01:51:19.069213     369 repo.go:368] failed to create patch for untracked file .scratch/phase19-review-cycle2.bChjfV/node-compile-cache/v26.8.1-x64-8d7ad2ee-1000/b18f607b: bytes are not valid utf8
ERROR: logging before google.Init: E0831 01:51:19.069223     369 repo.go:368] failed to create patch for untracked file .scratch/phase19-review-cycle2.bChjfV/node-compile-cache/v26.8.1-x64-8d7ad2ee-1000/b20aa54b: bytes are not valid utf8
ERROR: logging before google.Init: E0831 01:51:19.069232     369 repo.go:368] failed to create patch for untracked file .scratch/phase19-review-cycle2.bChjfV/node-compile-cache/v26.8.1-x64-8d7ad2ee-1000/b39cf02e: bytes are not valid utf8
ERROR: logging before google.Init: E0831 01:51:19.069241     369 repo.go:368] failed to create patch for untracked file .scratch/phase19-review-cycle2.bChjfV/node-compile-cache/v26.8.1-x64-8d7ad2ee-1000/b3c6e157: bytes are not valid utf8
ERROR: logging before google.Init: E0831 01:51:19.069250     369 repo.go:368] failed to create patch for untracked file .scratch/phase19-review-cycle2.bChjfV/node-compile-cache/v26.8.1-x64-8d7ad2ee-1000/b4b7ce2c: bytes are not valid utf8
ERROR: logging before google.Init: E0831 01:51:19.069259     369 repo.go:368] failed to create patch for untracked file .scratch/phase19-review-cycle2.bChjfV/node-compile-cache/v26.8.1-x64-8d7ad2ee-1000/b68550ac: bytes are not valid utf8
ERROR: logging before google.Init: E0831 01:51:19.069268     369 repo.go:368] failed to create patch for untracked file .scratch/phase19-review-cycle2.bChjfV/node-compile-cache/v26.8.1-x64-8d7ad2ee-1000/b694a736: bytes are not valid utf8
ERROR: logging before google.Init: E0831 01:51:19.069277     369 repo.go:368] failed to create patch for untracked file .scratch/phase19-review-cycle2.bChjfV/node-compile-cache/v26.8.1-x64-8d7ad2ee-1000/b8ae7f8d: bytes are not valid utf8
ERROR: logging before google.Init: E0831 01:51:19.069286     369 repo.go:368] failed to create patch for untracked file .scratch/phase19-review-cycle2.bChjfV/node-compile-cache/v26.8.1-x64-8d7ad2ee-1000/b91125cf: bytes are not valid utf8
ERROR: logging before google.Init: E0831 01:51:19.069295     369 repo.go:368] failed to create patch for untracked file .scratch/phase19-review-cycle2.bChjfV/node-compile-cache/v26.8.1-x64-8d7ad2ee-1000/b95a0dc3: bytes are not valid utf8
ERROR: logging before google.Init: E0831 01:51:19.069304     369 repo.go:368] failed to create patch for untracked file .scratch/phase19-review-cycle2.bChjfV/node-compile-cache/v26.8.1-x64-8d7ad2ee-1000/b9b788a7: bytes are not valid utf8
ERROR: logging before google.Init: E0831 01:51:19.069314     369 repo.go:368] failed to create patch for untracked file .scratch/phase19-review-cycle2.bChjfV/node-compile-cache/v26.8.1-x64-8d7ad2ee-1000/ba4fb275: bytes are not valid utf8
ERROR: logging before google.Init: E0831 01:51:19.069322     369 repo.go:368] failed to create patch for untracked file .scratch/phase19-review-cycle2.bChjfV/node-compile-cache/v26.8.1-x64-8d7ad2ee-1000/bbea8052: bytes are not valid utf8
ERROR: logging before google.Init: E0831 01:51:19.069331     369 repo.go:368] failed to create patch for untracked file .scratch/phase19-review-cycle2.bChjfV/node-compile-cache/v26.8.1-x64-8d7ad2ee-1000/bc23fbd7: bytes are not valid utf8
ERROR: logging before google.Init: E0831 01:51:19.069340     369 repo.go:368] failed to create patch for untracked file .scratch/phase19-review-cycle2.bChjfV/node-compile-cache/v26.8.1-x64-8d7ad2ee-1000/bc8842db: bytes are not valid utf8
ERROR: logging before google.Init: E0831 01:51:19.069350     369 repo.go:368] failed to create patch for untracked file .scratch/phase19-review-cycle2.bChjfV/node-compile-cache/v26.8.1-x64-8d7ad2ee-1000/bca44618: bytes are not valid utf8
ERROR: logging before google.Init: E0831 01:51:19.069359     369 repo.go:368] failed to create patch for untracked file .scratch/phase19-review-cycle2.bChjfV/node-compile-cache/v26.8.1-x64-8d7ad2ee-1000/bd1f064f: bytes are not valid utf8
ERROR: logging before google.Init: E0831 01:51:19.069368     369 repo.go:368] failed to create patch for untracked file .scratch/phase19-review-cycle2.bChjfV/node-compile-cache/v26.8.1-x64-8d7ad2ee-1000/bec154b0: bytes are not valid utf8
ERROR: logging before google.Init: E0831 01:51:19.069377     369 repo.go:368] failed to create patch for untracked file .scratch/phase19-review-cycle2.bChjfV/node-compile-cache/v26.8.1-x64-8d7ad2ee-1000/bfc63af7: bytes are not valid utf8
ERROR: logging before google.Init: E0831 01:51:19.069386     369 repo.go:368] failed to create patch for untracked file .scratch/phase19-review-cycle2.bChjfV/node-compile-cache/v26.8.1-x64-8d7ad2ee-1000/bfd470c5: bytes are not valid utf8
ERROR: logging before google.Init: E0831 01:51:19.069395     369 repo.go:368] failed to create patch for untracked file .scratch/phase19-review-cycle2.bChjfV/node-compile-cache/v26.8.1-x64-8d7ad2ee-1000/c0c83417: bytes are not valid utf8
ERROR: logging before google.Init: E0831 01:51:19.069404     369 repo.go:368] failed to create patch for untracked file .scratch/phase19-review-cycle2.bChjfV/node-compile-cache/v26.8.1-x64-8d7ad2ee-1000/c0f2996e: bytes are not valid utf8
ERROR: logging before google.Init: E0831 01:51:19.069413     369 repo.go:368] failed to create patch for untracked file .scratch/phase19-review-cycle2.bChjfV/node-compile-cache/v26.8.1-x64-8d7ad2ee-1000/c294009a: bytes are not valid utf8
ERROR: logging before google.Init: E0831 01:51:19.069422     369 repo.go:368] failed to create patch for untracked file .scratch/phase19-review-cycle2.bChjfV/node-compile-cache/v26.8.1-x64-8d7ad2ee-1000/c295ee47: bytes are not valid utf8
ERROR: logging before google.Init: E0831 01:51:19.069431     369 repo.go:368] failed to create patch for untracked file .scratch/phase19-review-cycle2.bChjfV/node-compile-cache/v26.8.1-x64-8d7ad2ee-1000/c29f3de2: bytes are not valid utf8
ERROR: logging before google.Init: E0831 01:51:19.069440     369 repo.go:368] failed to create patch for untracked file .scratch/phase19-review-cycle2.bChjfV/node-compile-cache/v26.8.1-x64-8d7ad2ee-1000/c2a2b774: bytes are not valid utf8
ERROR: logging before google.Init: E0831 01:51:19.069449     369 repo.go:368] failed to create patch for untracked file .scratch/phase19-review-cycle2.bChjfV/node-compile-cache/v26.8.1-x64-8d7ad2ee-1000/c317d524: bytes are not valid utf8
ERROR: logging before google.Init: E0831 01:51:19.069458     369 repo.go:368] failed to create patch for untracked file .scratch/phase19-review-cycle2.bChjfV/node-compile-cache/v26.8.1-x64-8d7ad2ee-1000/c45def14: bytes are not valid utf8
ERROR: logging before google.Init: E0831 01:51:19.069467     369 repo.go:368] failed to create patch for untracked file .scratch/phase19-review-cycle2.bChjfV/node-compile-cache/v26.8.1-x64-8d7ad2ee-1000/c4aca27d: bytes are not valid utf8
ERROR: logging before google.Init: E0831 01:51:19.069476     369 repo.go:368] failed to create patch for untracked file .scratch/phase19-review-cycle2.bChjfV/node-compile-cache/v26.8.1-x64-8d7ad2ee-1000/c4e533e3: bytes are not valid utf8
ERROR: logging before google.Init: E0831 01:51:19.069486     369 repo.go:368] failed to create patch for untracked file .scratch/phase19-review-cycle2.bChjfV/node-compile-cache/v26.8.1-x64-8d7ad2ee-1000/c4ff2d84: bytes are not valid utf8
ERROR: logging before google.Init: E0831 01:51:19.069494     369 repo.go:368] failed to create patch for untracked file .scratch/phase19-review-cycle2.bChjfV/node-compile-cache/v26.8.1-x64-8d7ad2ee-1000/c5596213: bytes are not valid utf8
ERROR: logging before google.Init: E0831 01:51:19.069504     369 repo.go:368] failed to create patch for untracked file .scratch/phase19-review-cycle2.bChjfV/node-compile-cache/v26.8.1-x64-8d7ad2ee-1000/c617d818: bytes are not valid utf8
ERROR: logging before google.Init: E0831 01:51:19.069512     369 repo.go:368] failed to create patch for untracked file .scratch/phase19-review-cycle2.bChjfV/node-compile-cache/v26.8.1-x64-8d7ad2ee-1000/c70d5c69: bytes are not valid utf8
ERROR: logging before google.Init: E0831 01:51:19.069523     369 repo.go:368] failed to create patch for untracked file .scratch/phase19-review-cycle2.bChjfV/node-compile-cache/v26.8.1-x64-8d7ad2ee-1000/c7e3c3b3: bytes are not valid utf8
ERROR: logging before google.Init: E0831 01:51:19.069535     369 repo.go:368] failed to create patch for untracked file .scratch/phase19-review-cycle2.bChjfV/node-compile-cache/v26.8.1-x64-8d7ad2ee-1000/c81e7cd4: bytes are not valid utf8
ERROR: logging before google.Init: E0831 01:51:19.069545     369 repo.go:368] failed to create patch for untracked file .scratch/phase19-review-cycle2.bChjfV/node-compile-cache/v26.8.1-x64-8d7ad2ee-1000/c82abdcb: bytes are not valid utf8
ERROR: logging before google.Init: E0831 01:51:19.069553     369 repo.go:368] failed to create patch for untracked file .scratch/phase19-review-cycle2.bChjfV/node-compile-cache/v26.8.1-x64-8d7ad2ee-1000/c868fc5e: bytes are not valid utf8
ERROR: logging before google.Init: E0831 01:51:19.069562     369 repo.go:368] failed to create patch for untracked file .scratch/phase19-review-cycle2.bChjfV/node-compile-cache/v26.8.1-x64-8d7ad2ee-1000/c8a47f87: bytes are not valid utf8
ERROR: logging before google.Init: E0831 01:51:19.069572     369 repo.go:368] failed to create patch for untracked file .scratch/phase19-review-cycle2.bChjfV/node-compile-cache/v26.8.1-x64-8d7ad2ee-1000/c9b05194: bytes are not valid utf8
ERROR: logging before google.Init: E0831 01:51:19.069583     369 repo.go:368] failed to create patch for untracked file .scratch/phase19-review-cycle2.bChjfV/node-compile-cache/v26.8.1-x64-8d7ad2ee-1000/c9b3658c: bytes are not valid utf8
ERROR: logging before google.Init: E0831 01:51:19.069598     369 repo.go:368] failed to create patch for untracked file .scratch/phase19-review-cycle2.bChjfV/node-compile-cache/v26.8.1-x64-8d7ad2ee-1000/ca71db21: bytes are not valid utf8
ERROR: logging before google.Init: E0831 01:51:19.069611     369 repo.go:368] failed to create patch for untracked file .scratch/phase19-review-cycle2.bChjfV/node-compile-cache/v26.8.1-x64-8d7ad2ee-1000/cb24812a: bytes are not valid utf8
ERROR: logging before google.Init: E0831 01:51:19.069624     369 repo.go:368] failed to create patch for untracked file .scratch/phase19-review-cycle2.bChjfV/node-compile-cache/v26.8.1-x64-8d7ad2ee-1000/cb39fc8b: bytes are not valid utf8
ERROR: logging before google.Init: E0831 01:51:19.069637     369 repo.go:368] failed to create patch for untracked file .scratch/phase19-review-cycle2.bChjfV/node-compile-cache/v26.8.1-x64-8d7ad2ee-1000/cc256afa: bytes are not valid utf8
ERROR: logging before google.Init: E0831 01:51:19.069650     369 repo.go:368] failed to create patch for untracked file .scratch/phase19-review-cycle2.bChjfV/node-compile-cache/v26.8.1-x64-8d7ad2ee-1000/cc425018: bytes are not valid utf8
ERROR: logging before google.Init: E0831 01:51:19.069663     369 repo.go:368] failed to create patch for untracked file .scratch/phase19-review-cycle2.bChjfV/node-compile-cache/v26.8.1-x64-8d7ad2ee-1000/ccf37203: bytes are not valid utf8
ERROR: logging before google.Init: E0831 01:51:19.069676     369 repo.go:368] failed to create patch for untracked file .scratch/phase19-review-cycle2.bChjfV/node-compile-cache/v26.8.1-x64-8d7ad2ee-1000/cd25871e: bytes are not valid utf8
ERROR: logging before google.Init: E0831 01:51:19.069687     369 repo.go:368] failed to create patch for untracked file .scratch/phase19-review-cycle2.bChjfV/node-compile-cache/v26.8.1-x64-8d7ad2ee-1000/cd715a4a: bytes are not valid utf8
ERROR: logging before google.Init: E0831 01:51:19.069696     369 repo.go:368] failed to create patch for untracked file .scratch/phase19-review-cycle2.bChjfV/node-compile-cache/v26.8.1-x64-8d7ad2ee-1000/ce3fa832: bytes are not valid utf8
ERROR: logging before google.Init: E0831 01:51:19.069705     369 repo.go:368] failed to create patch for untracked file .scratch/phase19-review-cycle2.bChjfV/node-compile-cache/v26.8.1-x64-8d7ad2ee-1000/cf2e3319: bytes are not valid utf8
ERROR: logging before google.Init: E0831 01:51:19.069714     369 repo.go:368] failed to create patch for untracked file .scratch/phase19-review-cycle2.bChjfV/node-compile-cache/v26.8.1-x64-8d7ad2ee-1000/d01939e4: bytes are not valid utf8
ERROR: logging before google.Init: E0831 01:51:19.069723     369 repo.go:368] failed to create patch for untracked file .scratch/phase19-review-cycle2.bChjfV/node-compile-cache/v26.8.1-x64-8d7ad2ee-1000/d11ca801: bytes are not valid utf8
ERROR: logging before google.Init: E0831 01:51:19.069732     369 repo.go:368] failed to create patch for untracked file .scratch/phase19-review-cycle2.bChjfV/node-compile-cache/v26.8.1-x64-8d7ad2ee-1000/d1388c4a: bytes are not valid utf8
ERROR: logging before google.Init: E0831 01:51:19.069742     369 repo.go:368] failed to create patch for untracked file .scratch/phase19-review-cycle2.bChjfV/node-compile-cache/v26.8.1-x64-8d7ad2ee-1000/d1480bd9: bytes are not valid utf8
ERROR: logging before google.Init: E0831 01:51:19.069751     369 repo.go:368] failed to create patch for untracked file .scratch/phase19-review-cycle2.bChjfV/node-compile-cache/v26.8.1-x64-8d7ad2ee-1000/d149043c: bytes are not valid utf8
ERROR: logging before google.Init: E0831 01:51:19.069760     369 repo.go:368] failed to create patch for untracked file .scratch/phase19-review-cycle2.bChjfV/node-compile-cache/v26.8.1-x64-8d7ad2ee-1000/d1a24e6b: bytes are not valid utf8
ERROR: logging before google.Init: E0831 01:51:19.069769     369 repo.go:368] failed to create patch for untracked file .scratch/phase19-review-cycle2.bChjfV/node-compile-cache/v26.8.1-x64-8d7ad2ee-1000/d1dce9a7: bytes are not valid utf8
ERROR: logging before google.Init: E0831 01:51:19.069779     369 repo.go:368] failed to create patch for untracked file .scratch/phase19-review-cycle2.bChjfV/node-compile-cache/v26.8.1-x64-8d7ad2ee-1000/d2049875: bytes are not valid utf8
ERROR: logging before google.Init: E0831 01:51:19.069788     369 repo.go:368] failed to create patch for untracked file .scratch/phase19-review-cycle2.bChjfV/node-compile-cache/v26.8.1-x64-8d7ad2ee-1000/d245b2d1: bytes are not valid utf8
ERROR: logging before google.Init: E0831 01:51:19.069797     369 repo.go:368] failed to create patch for untracked file .scratch/phase19-review-cycle2.bChjfV/node-compile-cache/v26.8.1-x64-8d7ad2ee-1000/d2e71ea6: bytes are not valid utf8
ERROR: logging before google.Init: E0831 01:51:19.069806     369 repo.go:368] failed to create patch for untracked file .scratch/phase19-review-cycle2.bChjfV/node-compile-cache/v26.8.1-x64-8d7ad2ee-1000/d31b0b3e: bytes are not valid utf8
ERROR: logging before google.Init: E0831 01:51:19.069816     369 repo.go:368] failed to create patch for untracked file .scratch/phase19-review-cycle2.bChjfV/node-compile-cache/v26.8.1-x64-8d7ad2ee-1000/d39c0cea: bytes are not valid utf8
ERROR: logging before google.Init: E0831 01:51:19.069825     369 repo.go:368] failed to create patch for untracked file .scratch/phase19-review-cycle2.bChjfV/node-compile-cache/v26.8.1-x64-8d7ad2ee-1000/d3c7f8b9: bytes are not valid utf8
ERROR: logging before google.Init: E0831 01:51:19.069834     369 repo.go:368] failed to create patch for untracked file .scratch/phase19-review-cycle2.bChjfV/node-compile-cache/v26.8.1-x64-8d7ad2ee-1000/d3ce9c60: bytes are not valid utf8
ERROR: logging before google.Init: E0831 01:51:19.069842     369 repo.go:368] failed to create patch for untracked file .scratch/phase19-review-cycle2.bChjfV/node-compile-cache/v26.8.1-x64-8d7ad2ee-1000/d3ef2551: bytes are not valid utf8
ERROR: logging before google.Init: E0831 01:51:19.069851     369 repo.go:368] failed to create patch for untracked file .scratch/phase19-review-cycle2.bChjfV/node-compile-cache/v26.8.1-x64-8d7ad2ee-1000/d42f2212: bytes are not valid utf8
ERROR: logging before google.Init: E0831 01:51:19.069861     369 repo.go:368] failed to create patch for untracked file .scratch/phase19-review-cycle2.bChjfV/node-compile-cache/v26.8.1-x64-8d7ad2ee-1000/d4a49a25: bytes are not valid utf8
ERROR: logging before google.Init: E0831 01:51:19.069870     369 repo.go:368] failed to create patch for untracked file .scratch/phase19-review-cycle2.bChjfV/node-compile-cache/v26.8.1-x64-8d7ad2ee-1000/d577df07: bytes are not valid utf8
ERROR: logging before google.Init: E0831 01:51:19.069896     369 repo.go:368] failed to create patch for untracked file .scratch/phase19-review-cycle2.bChjfV/node-compile-cache/v26.8.1-x64-8d7ad2ee-1000/d5b339ce: bytes are not valid utf8
ERROR: logging before google.Init: E0831 01:51:19.069906     369 repo.go:368] failed to create patch for untracked file .scratch/phase19-review-cycle2.bChjfV/node-compile-cache/v26.8.1-x64-8d7ad2ee-1000/d5f0ae00: bytes are not valid utf8
ERROR: logging before google.Init: E0831 01:51:19.069914     369 repo.go:368] failed to create patch for untracked file .scratch/phase19-review-cycle2.bChjfV/node-compile-cache/v26.8.1-x64-8d7ad2ee-1000/d600d96a: bytes are not valid utf8
ERROR: logging before google.Init: E0831 01:51:19.069925     369 repo.go:368] failed to create patch for untracked file .scratch/phase19-review-cycle2.bChjfV/node-compile-cache/v26.8.1-x64-8d7ad2ee-1000/d626981b: bytes are not valid utf8
ERROR: logging before google.Init: E0831 01:51:19.069935     369 repo.go:368] failed to create patch for untracked file .scratch/phase19-review-cycle2.bChjfV/node-compile-cache/v26.8.1-x64-8d7ad2ee-1000/d630c505: bytes are not valid utf8
ERROR: logging before google.Init: E0831 01:51:19.069944     369 repo.go:368] failed to create patch for untracked file .scratch/phase19-review-cycle2.bChjfV/node-compile-cache/v26.8.1-x64-8d7ad2ee-1000/d688117d: bytes are not valid utf8
ERROR: logging before google.Init: E0831 01:51:19.069954     369 repo.go:368] failed to create patch for untracked file .scratch/phase19-review-cycle2.bChjfV/node-compile-cache/v26.8.1-x64-8d7ad2ee-1000/d77112d2: bytes are not valid utf8
ERROR: logging before google.Init: E0831 01:51:19.069963     369 repo.go:368] failed to create patch for untracked file .scratch/phase19-review-cycle2.bChjfV/node-compile-cache/v26.8.1-x64-8d7ad2ee-1000/d7ca2a2a: bytes are not valid utf8
ERROR: logging before google.Init: E0831 01:51:19.069980     369 repo.go:368] failed to create patch for untracked file .scratch/phase19-review-cycle2.bChjfV/node-compile-cache/v26.8.1-x64-8d7ad2ee-1000/d8be5a18: bytes are not valid utf8
ERROR: logging before google.Init: E0831 01:51:19.069990     369 repo.go:368] failed to create patch for untracked file .scratch/phase19-review-cycle2.bChjfV/node-compile-cache/v26.8.1-x64-8d7ad2ee-1000/d91695c9: bytes are not valid utf8
ERROR: logging before google.Init: E0831 01:51:19.069999     369 repo.go:368] failed to create patch for untracked file .scratch/phase19-review-cycle2.bChjfV/node-compile-cache/v26.8.1-x64-8d7ad2ee-1000/d9a8a787: bytes are not valid utf8
ERROR: logging before google.Init: E0831 01:51:19.070009     369 repo.go:368] failed to create patch for untracked file .scratch/phase19-review-cycle2.bChjfV/node-compile-cache/v26.8.1-x64-8d7ad2ee-1000/da16af9a: bytes are not valid utf8
ERROR: logging before google.Init: E0831 01:51:19.070019     369 repo.go:368] failed to create patch for untracked file .scratch/phase19-review-cycle2.bChjfV/node-compile-cache/v26.8.1-x64-8d7ad2ee-1000/dbd24695: bytes are not valid utf8
ERROR: logging before google.Init: E0831 01:51:19.070028     369 repo.go:368] failed to create patch for untracked file .scratch/phase19-review-cycle2.bChjfV/node-compile-cache/v26.8.1-x64-8d7ad2ee-1000/dcce07e5: bytes are not valid utf8
ERROR: logging before google.Init: E0831 01:51:19.070038     369 repo.go:368] failed to create patch for untracked file .scratch/phase19-review-cycle2.bChjfV/node-compile-cache/v26.8.1-x64-8d7ad2ee-1000/ddad252a: bytes are not valid utf8
ERROR: logging before google.Init: E0831 01:51:19.070047     369 repo.go:368] failed to create patch for untracked file .scratch/phase19-review-cycle2.bChjfV/node-compile-cache/v26.8.1-x64-8d7ad2ee-1000/ddb123a1: bytes are not valid utf8
ERROR: logging before google.Init: E0831 01:51:19.070056     369 repo.go:368] failed to create patch for untracked file .scratch/phase19-review-cycle2.bChjfV/node-compile-cache/v26.8.1-x64-8d7ad2ee-1000/de05357f: bytes are not valid utf8
ERROR: logging before google.Init: E0831 01:51:19.070066     369 repo.go:368] failed to create patch for untracked file .scratch/phase19-review-cycle2.bChjfV/node-compile-cache/v26.8.1-x64-8d7ad2ee-1000/de16f5cb: bytes are not valid utf8
ERROR: logging before google.Init: E0831 01:51:19.070076     369 repo.go:368] failed to create patch for untracked file .scratch/phase19-review-cycle2.bChjfV/node-compile-cache/v26.8.1-x64-8d7ad2ee-1000/defb5d31: bytes are not valid utf8
ERROR: logging before google.Init: E0831 01:51:19.070086     369 repo.go:368] failed to create patch for untracked file .scratch/phase19-review-cycle2.bChjfV/node-compile-cache/v26.8.1-x64-8d7ad2ee-1000/dfd0d2ba: bytes are not valid utf8
ERROR: logging before google.Init: E0831 01:51:19.070095     369 repo.go:368] failed to create patch for untracked file .scratch/phase19-review-cycle2.bChjfV/node-compile-cache/v26.8.1-x64-8d7ad2ee-1000/dfe9ea14: bytes are not valid utf8
ERROR: logging before google.Init: E0831 01:51:19.070107     369 repo.go:368] failed to create patch for untracked file .scratch/phase19-review-cycle2.bChjfV/node-compile-cache/v26.8.1-x64-8d7ad2ee-1000/e07f8fb5: bytes are not valid utf8
ERROR: logging before google.Init: E0831 01:51:19.070116     369 repo.go:368] failed to create patch for untracked file .scratch/phase19-review-cycle2.bChjfV/node-compile-cache/v26.8.1-x64-8d7ad2ee-1000/e083bc25: bytes are not valid utf8
ERROR: logging before google.Init: E0831 01:51:19.070127     369 repo.go:368] failed to create patch for untracked file .scratch/phase19-review-cycle2.bChjfV/node-compile-cache/v26.8.1-x64-8d7ad2ee-1000/e14957ef: bytes are not valid utf8
ERROR: logging before google.Init: E0831 01:51:19.070137     369 repo.go:368] failed to create patch for untracked file .scratch/phase19-review-cycle2.bChjfV/node-compile-cache/v26.8.1-x64-8d7ad2ee-1000/e150a478: bytes are not valid utf8
ERROR: logging before google.Init: E0831 01:51:19.070148     369 repo.go:368] failed to create patch for untracked file .scratch/phase19-review-cycle2.bChjfV/node-compile-cache/v26.8.1-x64-8d7ad2ee-1000/e15a74c2: bytes are not valid utf8
ERROR: logging before google.Init: E0831 01:51:19.070159     369 repo.go:368] failed to create patch for untracked file .scratch/phase19-review-cycle2.bChjfV/node-compile-cache/v26.8.1-x64-8d7ad2ee-1000/e15da18e: bytes are not valid utf8
ERROR: logging before google.Init: E0831 01:51:19.070148    1213 skills.go:166] Failed to parse skill file /home/dd/.gemini/config/plugins/ponytail/skills/ponytail-debt/SKILL.md: failed to parse frontmatter: yaml: line 2: mapping values are not allowed in this context
ERROR: logging before google.Init: E0831 01:51:19.070170     369 repo.go:368] failed to create patch for untracked file .scratch/phase19-review-cycle2.bChjfV/node-compile-cache/v26.8.1-x64-8d7ad2ee-1000/e1a2917a: bytes are not valid utf8
ERROR: logging before google.Init: E0831 01:51:19.070182     369 repo.go:368] failed to create patch for untracked file .scratch/phase19-review-cycle2.bChjfV/node-compile-cache/v26.8.1-x64-8d7ad2ee-1000/e26097fb: bytes are not valid utf8
ERROR: logging before google.Init: E0831 01:51:19.070191     369 repo.go:368] failed to create patch for untracked file .scratch/phase19-review-cycle2.bChjfV/node-compile-cache/v26.8.1-x64-8d7ad2ee-1000/e3019385: bytes are not valid utf8
ERROR: logging before google.Init: E0831 01:51:19.070203     369 repo.go:368] failed to create patch for untracked file .scratch/phase19-review-cycle2.bChjfV/node-compile-cache/v26.8.1-x64-8d7ad2ee-1000/e3f73ed5: bytes are not valid utf8
ERROR: logging before google.Init: E0831 01:51:19.070212     369 repo.go:368] failed to create patch for untracked file .scratch/phase19-review-cycle2.bChjfV/node-compile-cache/v26.8.1-x64-8d7ad2ee-1000/e4445f1f: bytes are not valid utf8
ERROR: logging before google.Init: E0831 01:51:19.070222     369 repo.go:368] failed to create patch for untracked file .scratch/phase19-review-cycle2.bChjfV/node-compile-cache/v26.8.1-x64-8d7ad2ee-1000/e45fd827: bytes are not valid utf8
ERROR: logging before google.Init: E0831 01:51:19.070233     369 repo.go:368] failed to create patch for untracked file .scratch/phase19-review-cycle2.bChjfV/node-compile-cache/v26.8.1-x64-8d7ad2ee-1000/e66acb74: bytes are not valid utf8
ERROR: logging before google.Init: E0831 01:51:19.070244     369 repo.go:368] failed to create patch for untracked file .scratch/phase19-review-cycle2.bChjfV/node-compile-cache/v26.8.1-x64-8d7ad2ee-1000/e674a16c: bytes are not valid utf8
ERROR: logging before google.Init: E0831 01:51:19.070254     369 repo.go:368] failed to create patch for untracked file .scratch/phase19-review-cycle2.bChjfV/node-compile-cache/v26.8.1-x64-8d7ad2ee-1000/e6a21d71: bytes are not valid utf8
ERROR: logging before google.Init: E0831 01:51:19.070264     369 repo.go:368] failed to create patch for untracked file .scratch/phase19-review-cycle2.bChjfV/node-compile-cache/v26.8.1-x64-8d7ad2ee-1000/e6d3bb65: bytes are not valid utf8
ERROR: logging before google.Init: E0831 01:51:19.070276     369 repo.go:368] failed to create patch for untracked file .scratch/phase19-review-cycle2.bChjfV/node-compile-cache/v26.8.1-x64-8d7ad2ee-1000/e6ff280a: bytes are not valid utf8
ERROR: logging before google.Init: E0831 01:51:19.070286     369 repo.go:368] failed to create patch for untracked file .scratch/phase19-review-cycle2.bChjfV/node-compile-cache/v26.8.1-x64-8d7ad2ee-1000/e71b9b19: bytes are not valid utf8
ERROR: logging before google.Init: E0831 01:51:19.070297     369 repo.go:368] failed to create patch for untracked file .scratch/phase19-review-cycle2.bChjfV/node-compile-cache/v26.8.1-x64-8d7ad2ee-1000/e90dd27f: bytes are not valid utf8
ERROR: logging before google.Init: E0831 01:51:19.070308     369 repo.go:368] failed to create patch for untracked file .scratch/phase19-review-cycle2.bChjfV/node-compile-cache/v26.8.1-x64-8d7ad2ee-1000/e98000b9: bytes are not valid utf8
ERROR: logging before google.Init: E0831 01:51:19.070319     369 repo.go:368] failed to create patch for untracked file .scratch/phase19-review-cycle2.bChjfV/node-compile-cache/v26.8.1-x64-8d7ad2ee-1000/ea275b33: bytes are not valid utf8
ERROR: logging before google.Init: E0831 01:51:19.070330     369 repo.go:368] failed to create patch for untracked file .scratch/phase19-review-cycle2.bChjfV/node-compile-cache/v26.8.1-x64-8d7ad2ee-1000/ea67da59: bytes are not valid utf8
ERROR: logging before google.Init: E0831 01:51:19.070340     369 repo.go:368] failed to create patch for untracked file .scratch/phase19-review-cycle2.bChjfV/node-compile-cache/v26.8.1-x64-8d7ad2ee-1000/eb2a18ff: bytes are not valid utf8
ERROR: logging before google.Init: E0831 01:51:19.070350     369 repo.go:368] failed to create patch for untracked file .scratch/phase19-review-cycle2.bChjfV/node-compile-cache/v26.8.1-x64-8d7ad2ee-1000/eb553518: bytes are not valid utf8
ERROR: logging before google.Init: E0831 01:51:19.070361     369 repo.go:368] failed to create patch for untracked file .scratch/phase19-review-cycle2.bChjfV/node-compile-cache/v26.8.1-x64-8d7ad2ee-1000/ebac0d45: bytes are not valid utf8
ERROR: logging before google.Init: E0831 01:51:19.070373     369 repo.go:368] failed to create patch for untracked file .scratch/phase19-review-cycle2.bChjfV/node-compile-cache/v26.8.1-x64-8d7ad2ee-1000/ecc4bf5b: bytes are not valid utf8
ERROR: logging before google.Init: E0831 01:51:19.070385     369 repo.go:368] failed to create patch for untracked file .scratch/phase19-review-cycle2.bChjfV/node-compile-cache/v26.8.1-x64-8d7ad2ee-1000/ecfd389a: bytes are not valid utf8
ERROR: logging before google.Init: E0831 01:51:19.070395     369 repo.go:368] failed to create patch for untracked file .scratch/phase19-review-cycle2.bChjfV/node-compile-cache/v26.8.1-x64-8d7ad2ee-1000/ed0a1bdd: bytes are not valid utf8
ERROR: logging before google.Init: E0831 01:51:19.070406     369 repo.go:368] failed to create patch for untracked file .scratch/phase19-review-cycle2.bChjfV/node-compile-cache/v26.8.1-x64-8d7ad2ee-1000/ed4d3f5c: bytes are not valid utf8
ERROR: logging before google.Init: E0831 01:51:19.070416     369 repo.go:368] failed to create patch for untracked file .scratch/phase19-review-cycle2.bChjfV/node-compile-cache/v26.8.1-x64-8d7ad2ee-1000/ee02a576: bytes are not valid utf8
ERROR: logging before google.Init: E0831 01:51:19.070425     369 repo.go:368] failed to create patch for untracked file .scratch/phase19-review-cycle2.bChjfV/node-compile-cache/v26.8.1-x64-8d7ad2ee-1000/ee175f50: bytes are not valid utf8
ERROR: logging before google.Init: E0831 01:51:19.070434     369 repo.go:368] failed to create patch for untracked file .scratch/phase19-review-cycle2.bChjfV/node-compile-cache/v26.8.1-x64-8d7ad2ee-1000/ef275563: bytes are not valid utf8
ERROR: logging before google.Init: E0831 01:51:19.070443     369 repo.go:368] failed to create patch for untracked file .scratch/phase19-review-cycle2.bChjfV/node-compile-cache/v26.8.1-x64-8d7ad2ee-1000/ef2e5440: bytes are not valid utf8
ERROR: logging before google.Init: E0831 01:51:19.070453     369 repo.go:368] failed to create patch for untracked file .scratch/phase19-review-cycle2.bChjfV/node-compile-cache/v26.8.1-x64-8d7ad2ee-1000/ef36498f: bytes are not valid utf8
ERROR: logging before google.Init: E0831 01:51:19.070463     369 repo.go:368] failed to create patch for untracked file .scratch/phase19-review-cycle2.bChjfV/node-compile-cache/v26.8.1-x64-8d7ad2ee-1000/ef53ad6e: bytes are not valid utf8
ERROR: logging before google.Init: E0831 01:51:19.070476     369 repo.go:368] failed to create patch for untracked file .scratch/phase19-review-cycle2.bChjfV/node-compile-cache/v26.8.1-x64-8d7ad2ee-1000/ef59bdd2: bytes are not valid utf8
ERROR: logging before google.Init: E0831 01:51:19.070486     369 repo.go:368] failed to create patch for untracked file .scratch/phase19-review-cycle2.bChjfV/node-compile-cache/v26.8.1-x64-8d7ad2ee-1000/ef6ee7db: bytes are not valid utf8
ERROR: logging before google.Init: E0831 01:51:19.070496     369 repo.go:368] failed to create patch for untracked file .scratch/phase19-review-cycle2.bChjfV/node-compile-cache/v26.8.1-x64-8d7ad2ee-1000/efdce4e3: bytes are not valid utf8
ERROR: logging before google.Init: E0831 01:51:19.070507     369 repo.go:368] failed to create patch for untracked file .scratch/phase19-review-cycle2.bChjfV/node-compile-cache/v26.8.1-x64-8d7ad2ee-1000/f0fa33bb: bytes are not valid utf8
ERROR: logging before google.Init: E0831 01:51:19.070516     369 repo.go:368] failed to create patch for untracked file .scratch/phase19-review-cycle2.bChjfV/node-compile-cache/v26.8.1-x64-8d7ad2ee-1000/f1978a7e: bytes are not valid utf8
ERROR: logging before google.Init: E0831 01:51:19.070526     369 repo.go:368] failed to create patch for untracked file .scratch/phase19-review-cycle2.bChjfV/node-compile-cache/v26.8.1-x64-8d7ad2ee-1000/f217bb8a: bytes are not valid utf8
ERROR: logging before google.Init: E0831 01:51:19.070536     369 repo.go:368] failed to create patch for untracked file .scratch/phase19-review-cycle2.bChjfV/node-compile-cache/v26.8.1-x64-8d7ad2ee-1000/f23718ea: bytes are not valid utf8
ERROR: logging before google.Init: E0831 01:51:19.070548     369 repo.go:368] failed to create patch for untracked file .scratch/phase19-review-cycle2.bChjfV/node-compile-cache/v26.8.1-x64-8d7ad2ee-1000/f2ce6811: bytes are not valid utf8
ERROR: logging before google.Init: E0831 01:51:19.070562     369 repo.go:368] failed to create patch for untracked file .scratch/phase19-review-cycle2.bChjfV/node-compile-cache/v26.8.1-x64-8d7ad2ee-1000/f3972852: bytes are not valid utf8
ERROR: logging before google.Init: E0831 01:51:19.070576     369 repo.go:368] failed to create patch for untracked file .scratch/phase19-review-cycle2.bChjfV/node-compile-cache/v26.8.1-x64-8d7ad2ee-1000/f4a9e467: bytes are not valid utf8
ERROR: logging before google.Init: E0831 01:51:19.070606     369 repo.go:368] failed to create patch for untracked file .scratch/phase19-review-cycle2.bChjfV/node-compile-cache/v26.8.1-x64-8d7ad2ee-1000/f544413c: bytes are not valid utf8
ERROR: logging before google.Init: E0831 01:51:19.070616     369 repo.go:368] failed to create patch for untracked file .scratch/phase19-review-cycle2.bChjfV/node-compile-cache/v26.8.1-x64-8d7ad2ee-1000/f5cd7fec: bytes are not valid utf8
ERROR: logging before google.Init: E0831 01:51:19.070626     369 repo.go:368] failed to create patch for untracked file .scratch/phase19-review-cycle2.bChjfV/node-compile-cache/v26.8.1-x64-8d7ad2ee-1000/f603b453: bytes are not valid utf8
ERROR: logging before google.Init: E0831 01:51:19.070635     369 repo.go:368] failed to create patch for untracked file .scratch/phase19-review-cycle2.bChjfV/node-compile-cache/v26.8.1-x64-8d7ad2ee-1000/f6b8fa96: bytes are not valid utf8
ERROR: logging before google.Init: E0831 01:51:19.070646     369 repo.go:368] failed to create patch for untracked file .scratch/phase19-review-cycle2.bChjfV/node-compile-cache/v26.8.1-x64-8d7ad2ee-1000/f7757223: bytes are not valid utf8
ERROR: logging before google.Init: E0831 01:51:19.070656     369 repo.go:368] failed to create patch for untracked file .scratch/phase19-review-cycle2.bChjfV/node-compile-cache/v26.8.1-x64-8d7ad2ee-1000/f7923593: bytes are not valid utf8
ERROR: logging before google.Init: E0831 01:51:19.070667     369 repo.go:368] failed to create patch for untracked file .scratch/phase19-review-cycle2.bChjfV/node-compile-cache/v26.8.1-x64-8d7ad2ee-1000/f7f943dd: bytes are not valid utf8
ERROR: logging before google.Init: E0831 01:51:19.070676     369 repo.go:368] failed to create patch for untracked file .scratch/phase19-review-cycle2.bChjfV/node-compile-cache/v26.8.1-x64-8d7ad2ee-1000/f8e05e04: bytes are not valid utf8
ERROR: logging before google.Init: E0831 01:51:19.070685     369 repo.go:368] failed to create patch for untracked file .scratch/phase19-review-cycle2.bChjfV/node-compile-cache/v26.8.1-x64-8d7ad2ee-1000/f97ebb6e: bytes are not valid utf8
ERROR: logging before google.Init: E0831 01:51:19.070695     369 repo.go:368] failed to create patch for untracked file .scratch/phase19-review-cycle2.bChjfV/node-compile-cache/v26.8.1-x64-8d7ad2ee-1000/fa210d92: bytes are not valid utf8
ERROR: logging before google.Init: E0831 01:51:19.070703     369 repo.go:368] failed to create patch for untracked file .scratch/phase19-review-cycle2.bChjfV/node-compile-cache/v26.8.1-x64-8d7ad2ee-1000/fa606627: bytes are not valid utf8
ERROR: logging before google.Init: E0831 01:51:19.070713     369 repo.go:368] failed to create patch for untracked file .scratch/phase19-review-cycle2.bChjfV/node-compile-cache/v26.8.1-x64-8d7ad2ee-1000/fa7b1e5e: bytes are not valid utf8
ERROR: logging before google.Init: E0831 01:51:19.070724     369 repo.go:368] failed to create patch for untracked file .scratch/phase19-review-cycle2.bChjfV/node-compile-cache/v26.8.1-x64-8d7ad2ee-1000/fa91102b: bytes are not valid utf8
ERROR: logging before google.Init: E0831 01:51:19.070733     369 repo.go:368] failed to create patch for untracked file .scratch/phase19-review-cycle2.bChjfV/node-compile-cache/v26.8.1-x64-8d7ad2ee-1000/fa91e12e: bytes are not valid utf8
ERROR: logging before google.Init: E0831 01:51:19.070748     369 repo.go:368] failed to create patch for untracked file .scratch/phase19-review-cycle2.bChjfV/node-compile-cache/v26.8.1-x64-8d7ad2ee-1000/fabf3bdc: bytes are not valid utf8
ERROR: logging before google.Init: E0831 01:51:19.070758     369 repo.go:368] failed to create patch for untracked file .scratch/phase19-review-cycle2.bChjfV/node-compile-cache/v26.8.1-x64-8d7ad2ee-1000/fadf1a38: bytes are not valid utf8
ERROR: logging before google.Init: E0831 01:51:19.070767     369 repo.go:368] failed to create patch for untracked file .scratch/phase19-review-cycle2.bChjfV/node-compile-cache/v26.8.1-x64-8d7ad2ee-1000/fb980dca: bytes are not valid utf8
ERROR: logging before google.Init: E0831 01:51:19.070776     369 repo.go:368] failed to create patch for untracked file .scratch/phase19-review-cycle2.bChjfV/node-compile-cache/v26.8.1-x64-8d7ad2ee-1000/fbe433f3: bytes are not valid utf8
ERROR: logging before google.Init: E0831 01:51:19.070786     369 repo.go:368] failed to create patch for untracked file .scratch/phase19-review-cycle2.bChjfV/node-compile-cache/v26.8.1-x64-8d7ad2ee-1000/fc62d5d5: bytes are not valid utf8
ERROR: logging before google.Init: E0831 01:51:19.070796     369 repo.go:368] failed to create patch for untracked file .scratch/phase19-review-cycle2.bChjfV/node-compile-cache/v26.8.1-x64-8d7ad2ee-1000/fde1f22c: bytes are not valid utf8
ERROR: logging before google.Init: E0831 01:51:19.070806     369 repo.go:368] failed to create patch for untracked file .scratch/phase19-review-cycle2.bChjfV/node-compile-cache/v26.8.1-x64-8d7ad2ee-1000/fe33d933: bytes are not valid utf8
ERROR: logging before google.Init: E0831 01:51:19.070817     369 repo.go:368] failed to create patch for untracked file .scratch/phase19-review-cycle2.bChjfV/node-compile-cache/v26.8.1-x64-8d7ad2ee-1000/fec41f63: bytes are not valid utf8
ERROR: logging before google.Init: E0831 01:51:19.070828     369 repo.go:368] failed to create patch for untracked file .scratch/phase19-review-cycle2.bChjfV/node-compile-cache/v26.8.1-x64-8d7ad2ee-1000/ff87e9b5: bytes are not valid utf8
ERROR: logging before google.Init: E0831 01:51:19.070998     369 repo.go:368] failed to create patch for untracked file .worktrees/explicit-phase-dispatch/: read /home/dd/projects/gsd-beads/.worktrees/explicit-phase-dispatch: is a directory
ERROR: logging before google.Init: E0831 01:51:19.071007     369 repo.go:368] failed to create patch for untracked file .worktrees/gsd-beads-template-contract-1oi/: read /home/dd/projects/gsd-beads/.worktrees/gsd-beads-template-contract-1oi: is a directory
ERROR: logging before google.Init: E0831 01:51:19.071015     369 repo.go:368] failed to create patch for untracked file .worktrees/sota-numerics-issue-1/: read /home/dd/projects/gsd-beads/.worktrees/sota-numerics-issue-1: is a directory
ERROR: logging before google.Init: E0831 01:51:19.071021     369 repo.go:368] failed to create patch for untracked file .worktrees/sota-numerics-release-013/: read /home/dd/projects/gsd-beads/.worktrees/sota-numerics-release-013: is a directory
ERROR: logging before google.Init: E0831 01:51:19.071060     369 repo.go:368] failed to create patch for untracked file ponytail-everywhere/: read /home/dd/projects/gsd-beads/ponytail-everywhere: is a directory
ERROR: logging before google.Init: E0831 01:51:19.075690    1418 skills.go:166] Failed to parse skill file /home/dd/.gemini/config/plugins/ponytail/skills/ponytail-debt/SKILL.md: failed to parse frontmatter: yaml: line 2: mapping values are not allowed in this context
ERROR: logging before google.Init: W0831 01:51:19.076907     944 hooks.go:73] Failed to parse hooks for plugin metaswarm: invalid hook "hooks": command hook must specify 'command'
ERROR: logging before google.Init: W0831 01:51:19.077105     944 declarative_config_loader.go:251] skipping component during resolution: empty component: prompt section "subagent_reminder"
ERROR: logging before google.Init: W0831 01:51:19.077115     944 declarative_config_loader.go:251] skipping component during resolution: empty component: prompt section "terminal_sandbox"
ERROR: logging before google.Init: E0831 01:51:19.080631     944 errorreport.go:223] mkdir /home/dd/.gemini/antigravity-cli/brain/584f4906-be8b-4731-8ce0-236e07680d47: read-only file system
ERROR: logging before google.Init: E0831 01:51:19.080618     135 stager.go:117] Failed to save message for 584f4906-be8b-4731-8ce0-236e07680d47: open /home/dd/.gemini/antigravity-cli/conversations/584f4906-be8b-4731-8ce0-236e07680d47.88585568-8452-4057-a80c-d4fea27929f6.tmp: read-only file system
ERROR: logging before google.Init: E0831 01:51:19.080653     135 errorreport.go:223] open /home/dd/.gemini/antigravity-cli/conversations/584f4906-be8b-4731-8ce0-236e07680d47.88585568-8452-4057-a80c-d4fea27929f6.tmp: read-only file system
ERROR: logging before google.Init: I0831 01:51:19.261400     223 experiment_manager.go:38] Starting experiment refresh after login
ERROR: logging before google.Init: I0831 01:51:19.325612    1291 model_config_manager.go:311] Propagating selected model override to backend: label="Gemini 3.7 Flash (High)"
ERROR: logging before google.Init: I0831 01:51:19.405379     222 quota_manager.go:45] doRefreshQuota: starting reload (force=true)
ERROR: logging before google.Init: I0831 01:51:19.449912     223 experiment_manager.go:42] Experiments refreshed after login
ERROR: logging before google.Init: I0831 01:51:19.449959     223 experiment_manager.go:38] Starting experiment refresh after login
ERROR: logging before google.Init: I0831 01:51:19.449994    1491 manager.go:1249] Reloading system slash commands
ERROR: logging before google.Init: I0831 01:51:19.450859    1491 manager.go:1253] Slash commands unchanged, skipping update
ERROR: logging before google.Init: I0831 01:51:19.496424     223 experiment_manager.go:42] Experiments refreshed after login
ERROR: logging before google.Init: I0831 01:51:19.496481    1493 manager.go:1249] Reloading system slash commands
ERROR: logging before google.Init: I0831 01:51:19.497153    1493 manager.go:1253] Slash commands unchanged, skipping update
ERROR: logging before google.Init: I0831 01:51:19.585919     223 experiment_manager.go:38] Starting experiment refresh after login
ERROR: logging before google.Init: I0831 01:51:19.702807     126 http_helpers.go:246] URL: https://daily-cloudcode-pa.googleapis.com/v1internal:streamGenerateContent?alt=sse Trace: 0xf065d494873cdc11 ResponseID: 98GUapmRGZuHxN8Pg-GzsAk
ERROR: logging before google.Init: E0831 01:51:19.710313     943 errorreport.go:223] writing generated conversation title for 584f4906-be8b-4731-8ce0-236e07680d47: open /home/dd/.gemini/antigravity-cli/annotations/584f4906-be8b-4731-8ce0-236e07680d47.pbtxt.8ed1f036-6984-4acb-ab79-7749f017f752.tmp: read-only file system
ERROR: logging before google.Init: I0831 01:51:19.851225     223 experiment_manager.go:42] Experiments refreshed after login
ERROR: logging before google.Init: I0831 01:51:19.851274    1495 manager.go:1249] Reloading system slash commands
ERROR: logging before google.Init: I0831 01:51:19.852082    1495 manager.go:1253] Slash commands unchanged, skipping update
ERROR: logging before google.Init: I0831 01:51:19.879127    1290 http_helpers.go:246] URL: https://daily-cloudcode-pa.googleapis.com/v1internal:loadCodeAssist Trace: 0xd9dcbe44416b5897
ERROR: logging before google.Init: I0831 01:51:21.256053    1016 http_helpers.go:246] URL: https://daily-cloudcode-pa.googleapis.com/v1internal:streamGenerateContent?alt=sse Trace: 0xbd476766c2c7438 ResponseID: 98GUarHYLN-FxN8PzcbIuQM
ERROR: logging before google.Init: E0831 01:51:21.388159     944 errorreport.go:223] mkdir /home/dd/.gemini/antigravity-cli/brain/584f4906-be8b-4731-8ce0-236e07680d47: read-only file system
ERROR: logging before google.Init: E0831 01:51:21.388237     135 stager.go:117] Failed to save message for 584f4906-be8b-4731-8ce0-236e07680d47: open /home/dd/.gemini/antigravity-cli/conversations/584f4906-be8b-4731-8ce0-236e07680d47.da08cabd-8955-4c3e-871f-56b09d2361d1.tmp: read-only file system
ERROR: logging before google.Init: E0831 01:51:21.388307     135 errorreport.go:223] open /home/dd/.gemini/antigravity-cli/conversations/584f4906-be8b-4731-8ce0-236e07680d47.da08cabd-8955-4c3e-871f-56b09d2361d1.tmp: read-only file system
ERROR: logging before google.Init: E0831 01:51:21.389142    1532 skills.go:166] Failed to parse skill file /home/dd/.gemini/config/plugins/ponytail/skills/ponytail-debt/SKILL.md: failed to parse frontmatter: yaml: line 2: mapping values are not allowed in this context
ERROR: logging before google.Init: E0831 01:51:21.391148    1142 errorreport.go:223] mkdir /home/dd/.gemini/antigravity-cli/brain/584f4906-be8b-4731-8ce0-236e07680d47: read-only file system
ERROR: logging before google.Init: E0831 01:51:21.391249     135 stager.go:117] Failed to save message for 584f4906-be8b-4731-8ce0-236e07680d47: open /home/dd/.gemini/antigravity-cli/conversations/584f4906-be8b-4731-8ce0-236e07680d47.9880c823-69b1-46d0-888b-f25eb90403be.tmp: read-only file system
ERROR: logging before google.Init: E0831 01:51:21.391270     135 errorreport.go:223] open /home/dd/.gemini/antigravity-cli/conversations/584f4906-be8b-4731-8ce0-236e07680d47.9880c823-69b1-46d0-888b-f25eb90403be.tmp: read-only file system
ERROR: logging before google.Init: E0831 01:51:21.391929     135 stager.go:117] Failed to save message for 584f4906-be8b-4731-8ce0-236e07680d47: open /home/dd/.gemini/antigravity-cli/conversations/584f4906-be8b-4731-8ce0-236e07680d47.55c0061b-7739-4a93-9ce2-a75129d39f3d.tmp: read-only file system
ERROR: logging before google.Init: E0831 01:51:21.391962     135 errorreport.go:223] open /home/dd/.gemini/antigravity-cli/conversations/584f4906-be8b-4731-8ce0-236e07680d47.55c0061b-7739-4a93-9ce2-a75129d39f3d.tmp: read-only file system
ERROR: logging before google.Init: I0831 01:51:22.568713    1441 http_helpers.go:246] URL: https://daily-cloudcode-pa.googleapis.com/v1internal:streamGenerateContent?alt=sse Trace: 0x7f2e0a381fc86092 ResponseID: -cGUaozRKePbvdIPm9ObsAs
ERROR: logging before google.Init: E0831 01:51:22.580989     944 errorreport.go:223] mkdir /home/dd/.gemini/antigravity-cli/brain/584f4906-be8b-4731-8ce0-236e07680d47: read-only file system
ERROR: logging before google.Init: E0831 01:51:22.581275     135 stager.go:117] Failed to save message for 584f4906-be8b-4731-8ce0-236e07680d47: open /home/dd/.gemini/antigravity-cli/conversations/584f4906-be8b-4731-8ce0-236e07680d47.9b8aa819-1f67-4976-aa33-b8d284bcf1be.tmp: read-only file system
ERROR: logging before google.Init: E0831 01:51:22.581317     135 errorreport.go:223] open /home/dd/.gemini/antigravity-cli/conversations/584f4906-be8b-4731-8ce0-236e07680d47.9b8aa819-1f67-4976-aa33-b8d284bcf1be.tmp: read-only file system
ERROR: logging before google.Init: E0831 01:51:22.582034    1080 skills.go:166] Failed to parse skill file /home/dd/.gemini/config/plugins/ponytail/skills/ponytail-debt/SKILL.md: failed to parse frontmatter: yaml: line 2: mapping values are not allowed in this context
ERROR: logging before google.Init: E0831 01:51:22.583894    1505 errorreport.go:223] mkdir /home/dd/.gemini/antigravity-cli/brain/584f4906-be8b-4731-8ce0-236e07680d47: read-only file system
ERROR: logging before google.Init: E0831 01:51:22.584125     135 stager.go:117] Failed to save message for 584f4906-be8b-4731-8ce0-236e07680d47: open /home/dd/.gemini/antigravity-cli/conversations/584f4906-be8b-4731-8ce0-236e07680d47.7aaf79eb-9f37-49ac-99de-f1a08a3fde82.tmp: read-only file system
ERROR: logging before google.Init: E0831 01:51:22.584164     135 errorreport.go:223] open /home/dd/.gemini/antigravity-cli/conversations/584f4906-be8b-4731-8ce0-236e07680d47.7aaf79eb-9f37-49ac-99de-f1a08a3fde82.tmp: read-only file system
ERROR: logging before google.Init: E0831 01:51:22.584489     135 stager.go:117] Failed to save message for 584f4906-be8b-4731-8ce0-236e07680d47: open /home/dd/.gemini/antigravity-cli/conversations/584f4906-be8b-4731-8ce0-236e07680d47.bc6365ec-33de-4d5f-b2be-10267a280286.tmp: read-only file system
ERROR: logging before google.Init: E0831 01:51:22.584510     135 errorreport.go:223] open /home/dd/.gemini/antigravity-cli/conversations/584f4906-be8b-4731-8ce0-236e07680d47.bc6365ec-33de-4d5f-b2be-10267a280286.tmp: read-only file system
ERROR: logging before google.Init: I0831 01:51:23.689320    1633 http_helpers.go:246] URL: https://daily-cloudcode-pa.googleapis.com/v1internal:streamGenerateContent?alt=sse Trace: 0x80d931398fcfb50 ResponseID: -sGUatjFNbSlkdUP7YrpgAk
ERROR: logging before google.Init: E0831 01:51:23.806562     944 errorreport.go:223] mkdir /home/dd/.gemini/antigravity-cli/brain/584f4906-be8b-4731-8ce0-236e07680d47: read-only file system
ERROR: logging before google.Init: E0831 01:51:23.807383     135 stager.go:117] Failed to save message for 584f4906-be8b-4731-8ce0-236e07680d47: open /home/dd/.gemini/antigravity-cli/conversations/584f4906-be8b-4731-8ce0-236e07680d47.24162e4b-6ca2-493a-9c45-2b04b7c7de21.tmp: read-only file system
ERROR: logging before google.Init: E0831 01:51:23.807504     135 errorreport.go:223] open /home/dd/.gemini/antigravity-cli/conversations/584f4906-be8b-4731-8ce0-236e07680d47.24162e4b-6ca2-493a-9c45-2b04b7c7de21.tmp: read-only file system
ERROR: logging before google.Init: E0831 01:51:23.809524    1767 skills.go:166] Failed to parse skill file /home/dd/.gemini/config/plugins/ponytail/skills/ponytail-debt/SKILL.md: failed to parse frontmatter: yaml: line 2: mapping values are not allowed in this context
ERROR: logging before google.Init: E0831 01:51:23.811528     135 stager.go:117] Failed to save message for 584f4906-be8b-4731-8ce0-236e07680d47: open /home/dd/.gemini/antigravity-cli/conversations/584f4906-be8b-4731-8ce0-236e07680d47.35f5481c-2c11-469b-991a-9e0495ad26eb.tmp: read-only file system
ERROR: logging before google.Init: E0831 01:51:23.811559     135 errorreport.go:223] open /home/dd/.gemini/antigravity-cli/conversations/584f4906-be8b-4731-8ce0-236e07680d47.35f5481c-2c11-469b-991a-9e0495ad26eb.tmp: read-only file system
ERROR: logging before google.Init: E0831 01:51:23.811909     135 stager.go:117] Failed to save message for 584f4906-be8b-4731-8ce0-236e07680d47: open /home/dd/.gemini/antigravity-cli/conversations/584f4906-be8b-4731-8ce0-236e07680d47.1785a618-6948-42c5-a843-7f49fee1f758.tmp: read-only file system
ERROR: logging before google.Init: E0831 01:51:23.811942     135 errorreport.go:223] open /home/dd/.gemini/antigravity-cli/conversations/584f4906-be8b-4731-8ce0-236e07680d47.1785a618-6948-42c5-a843-7f49fee1f758.tmp: read-only file system
ERROR: logging before google.Init: I0831 01:51:24.999632    1696 http_helpers.go:246] URL: https://daily-cloudcode-pa.googleapis.com/v1internal:streamGenerateContent?alt=sse Trace: 0x5b6daf4565eecd86 ResponseID: _MGUasm6DYvk7M8PyPzUmQ0
ERROR: logging before google.Init: E0831 01:51:25.017448     944 errorreport.go:223] mkdir /home/dd/.gemini/antigravity-cli/brain/584f4906-be8b-4731-8ce0-236e07680d47: read-only file system
ERROR: logging before google.Init: E0831 01:51:25.017785     135 stager.go:117] Failed to save message for 584f4906-be8b-4731-8ce0-236e07680d47: open /home/dd/.gemini/antigravity-cli/conversations/584f4906-be8b-4731-8ce0-236e07680d47.f2f108ae-c4ab-44d3-8a30-b44c49859447.tmp: read-only file system
ERROR: logging before google.Init: E0831 01:51:25.017819     135 errorreport.go:223] open /home/dd/.gemini/antigravity-cli/conversations/584f4906-be8b-4731-8ce0-236e07680d47.f2f108ae-c4ab-44d3-8a30-b44c49859447.tmp: read-only file system
ERROR: logging before google.Init: E0831 01:51:25.018706    1875 skills.go:166] Failed to parse skill file /home/dd/.gemini/config/plugins/ponytail/skills/ponytail-debt/SKILL.md: failed to parse frontmatter: yaml: line 2: mapping values are not allowed in this context
ERROR: logging before google.Init: E0831 01:51:25.020802    1244 errorreport.go:223] mkdir /home/dd/.gemini/antigravity-cli/brain/584f4906-be8b-4731-8ce0-236e07680d47: read-only file system
ERROR: logging before google.Init: E0831 01:51:25.021350     135 stager.go:117] Failed to save message for 584f4906-be8b-4731-8ce0-236e07680d47: open /home/dd/.gemini/antigravity-cli/conversations/584f4906-be8b-4731-8ce0-236e07680d47.9bd67b85-1151-47bf-af99-bb60b5f270c9.tmp: read-only file system
ERROR: logging before google.Init: E0831 01:51:25.021391     135 errorreport.go:223] open /home/dd/.gemini/antigravity-cli/conversations/584f4906-be8b-4731-8ce0-236e07680d47.9bd67b85-1151-47bf-af99-bb60b5f270c9.tmp: read-only file system
ERROR: logging before google.Init: E0831 01:51:25.021722     135 stager.go:117] Failed to save message for 584f4906-be8b-4731-8ce0-236e07680d47: open /home/dd/.gemini/antigravity-cli/conversations/584f4906-be8b-4731-8ce0-236e07680d47.a8e10fca-0596-4de7-82a5-7cf332ba3bf5.tmp: read-only file system
ERROR: logging before google.Init: E0831 01:51:25.021736     135 errorreport.go:223] open /home/dd/.gemini/antigravity-cli/conversations/584f4906-be8b-4731-8ce0-236e07680d47.a8e10fca-0596-4de7-82a5-7cf332ba3bf5.tmp: read-only file system
ERROR: logging before google.Init: I0831 01:51:27.001531    1923 http_helpers.go:246] URL: https://daily-cloudcode-pa.googleapis.com/v1internal:streamGenerateContent?alt=sse Trace: 0x719a549535548379 ResponseID: _cGUavb5GOiC7M8PgtnDyQs
ERROR: logging before google.Init: E0831 01:51:27.027541     944 errorreport.go:223] mkdir /home/dd/.gemini/antigravity-cli/brain/584f4906-be8b-4731-8ce0-236e07680d47: read-only file system
ERROR: logging before google.Init: E0831 01:51:27.028400     135 stager.go:117] Failed to save message for 584f4906-be8b-4731-8ce0-236e07680d47: open /home/dd/.gemini/antigravity-cli/conversations/584f4906-be8b-4731-8ce0-236e07680d47.c2ea4f63-7182-4243-b4d0-e6e8501303ef.tmp: read-only file system
ERROR: logging before google.Init: E0831 01:51:27.028480     135 errorreport.go:223] open /home/dd/.gemini/antigravity-cli/conversations/584f4906-be8b-4731-8ce0-236e07680d47.c2ea4f63-7182-4243-b4d0-e6e8501303ef.tmp: read-only file system
ERROR: logging before google.Init: W0831 01:51:27.029457    1939 output_truncation.go:115] output truncation: failed to create output file: mkdir /home/dd/.gemini/antigravity-cli/brain/584f4906-be8b-4731-8ce0-236e07680d47: read-only file system
ERROR: logging before google.Init: E0831 01:51:27.029952     135 stager.go:117] Failed to save message for 584f4906-be8b-4731-8ce0-236e07680d47: open /home/dd/.gemini/antigravity-cli/conversations/584f4906-be8b-4731-8ce0-236e07680d47.cd595a2b-840a-4ff3-b431-29328c88387e.tmp: read-only file system
ERROR: logging before google.Init: E0831 01:51:27.029991     135 errorreport.go:223] open /home/dd/.gemini/antigravity-cli/conversations/584f4906-be8b-4731-8ce0-236e07680d47.cd595a2b-840a-4ff3-b431-29328c88387e.tmp: read-only file system
ERROR: logging before google.Init: E0831 01:51:27.030293     135 stager.go:117] Failed to save message for 584f4906-be8b-4731-8ce0-236e07680d47: open /home/dd/.gemini/antigravity-cli/conversations/584f4906-be8b-4731-8ce0-236e07680d47.91506852-7926-4601-8717-ed91ff8a6b72.tmp: read-only file system
ERROR: logging before google.Init: E0831 01:51:27.030308     135 errorreport.go:223] open /home/dd/.gemini/antigravity-cli/conversations/584f4906-be8b-4731-8ce0-236e07680d47.91506852-7926-4601-8717-ed91ff8a6b72.tmp: read-only file system
ERROR: logging before google.Init: I0831 01:51:28.420505    1867 http_helpers.go:246] URL: https://daily-cloudcode-pa.googleapis.com/v1internal:streamGenerateContent?alt=sse Trace: 0x9e8f7965f5f67631 ResponseID: _8GUasTNGs2xnsEPmILjgQ0
ERROR: logging before google.Init: E0831 01:51:28.431759     944 errorreport.go:223] mkdir /home/dd/.gemini/antigravity-cli/brain/584f4906-be8b-4731-8ce0-236e07680d47: read-only file system
ERROR: logging before google.Init: E0831 01:51:28.432430     135 stager.go:117] Failed to save message for 584f4906-be8b-4731-8ce0-236e07680d47: open /home/dd/.gemini/antigravity-cli/conversations/584f4906-be8b-4731-8ce0-236e07680d47.ee0b62bf-3ed2-4098-ba62-5f697601fc03.tmp: read-only file system
ERROR: logging before google.Init: E0831 01:51:28.432496     135 errorreport.go:223] open /home/dd/.gemini/antigravity-cli/conversations/584f4906-be8b-4731-8ce0-236e07680d47.ee0b62bf-3ed2-4098-ba62-5f697601fc03.tmp: read-only file system
ERROR: logging before google.Init: E0831 01:51:28.433032    1921 skills.go:166] Failed to parse skill file /home/dd/.gemini/config/plugins/ponytail/skills/ponytail-debt/SKILL.md: failed to parse frontmatter: yaml: line 2: mapping values are not allowed in this context
ERROR: logging before google.Init: E0831 01:51:28.434935    1898 errorreport.go:223] mkdir /home/dd/.gemini/antigravity-cli/brain/584f4906-be8b-4731-8ce0-236e07680d47: read-only file system
ERROR: logging before google.Init: E0831 01:51:28.435541     135 stager.go:117] Failed to save message for 584f4906-be8b-4731-8ce0-236e07680d47: open /home/dd/.gemini/antigravity-cli/conversations/584f4906-be8b-4731-8ce0-236e07680d47.3a070678-315a-4b88-9d90-5891572dacd8.tmp: read-only file system
ERROR: logging before google.Init: E0831 01:51:28.435570     135 errorreport.go:223] open /home/dd/.gemini/antigravity-cli/conversations/584f4906-be8b-4731-8ce0-236e07680d47.3a070678-315a-4b88-9d90-5891572dacd8.tmp: read-only file system
ERROR: logging before google.Init: E0831 01:51:28.436199     135 stager.go:117] Failed to save message for 584f4906-be8b-4731-8ce0-236e07680d47: open /home/dd/.gemini/antigravity-cli/conversations/584f4906-be8b-4731-8ce0-236e07680d47.cb140f34-4456-429a-8082-16f7d3be6107.tmp: read-only file system
ERROR: logging before google.Init: E0831 01:51:28.436253     135 errorreport.go:223] open /home/dd/.gemini/antigravity-cli/conversations/584f4906-be8b-4731-8ce0-236e07680d47.cb140f34-4456-429a-8082-16f7d3be6107.tmp: read-only file system
ERROR: logging before google.Init: I0831 01:51:30.348813    2070 http_helpers.go:246] URL: https://daily-cloudcode-pa.googleapis.com/v1internal:streamGenerateContent?alt=sse Trace: 0xa44fe21b4d5e3ab3 ResponseID: AMKUavfmL8HjnsEPkoSO-QI
ERROR: logging before google.Init: E0831 01:51:30.379977     944 errorreport.go:223] mkdir /home/dd/.gemini/antigravity-cli/brain/584f4906-be8b-4731-8ce0-236e07680d47: read-only file system
ERROR: logging before google.Init: E0831 01:51:30.380768     135 stager.go:117] Failed to save message for 584f4906-be8b-4731-8ce0-236e07680d47: open /home/dd/.gemini/antigravity-cli/conversations/584f4906-be8b-4731-8ce0-236e07680d47.79e2677d-9c49-4de9-8ec8-82181de77772.tmp: read-only file system
ERROR: logging before google.Init: E0831 01:51:30.380825     135 errorreport.go:223] open /home/dd/.gemini/antigravity-cli/conversations/584f4906-be8b-4731-8ce0-236e07680d47.79e2677d-9c49-4de9-8ec8-82181de77772.tmp: read-only file system
ERROR: logging before google.Init: E0831 01:51:30.381402     442 skills.go:166] Failed to parse skill file /home/dd/.gemini/config/plugins/ponytail/skills/ponytail-debt/SKILL.md: failed to parse frontmatter: yaml: line 2: mapping values are not allowed in this context
ERROR: logging before google.Init: E0831 01:51:30.383519     135 stager.go:117] Failed to save message for 584f4906-be8b-4731-8ce0-236e07680d47: open /home/dd/.gemini/antigravity-cli/conversations/584f4906-be8b-4731-8ce0-236e07680d47.5097bf9c-62c8-4635-8007-e042304d7c76.tmp: read-only file system
ERROR: logging before google.Init: E0831 01:51:30.383546     135 errorreport.go:223] open /home/dd/.gemini/antigravity-cli/conversations/584f4906-be8b-4731-8ce0-236e07680d47.5097bf9c-62c8-4635-8007-e042304d7c76.tmp: read-only file system
ERROR: logging before google.Init: E0831 01:51:30.383894     135 stager.go:117] Failed to save message for 584f4906-be8b-4731-8ce0-236e07680d47: open /home/dd/.gemini/antigravity-cli/conversations/584f4906-be8b-4731-8ce0-236e07680d47.ed9206fd-6767-4b0b-bcf2-d4fa60a3570c.tmp: read-only file system
ERROR: logging before google.Init: E0831 01:51:30.383907     135 errorreport.go:223] open /home/dd/.gemini/antigravity-cli/conversations/584f4906-be8b-4731-8ce0-236e07680d47.ed9206fd-6767-4b0b-bcf2-d4fa60a3570c.tmp: read-only file system
ERROR: logging before google.Init: I0831 01:51:31.587092    1969 http_helpers.go:246] URL: https://daily-cloudcode-pa.googleapis.com/v1internal:streamGenerateContent?alt=sse Trace: 0x649c2adba9e16d05 ResponseID: AsKUaqzjLqOfvdIPjZHr4QQ
ERROR: logging before google.Init: E0831 01:51:31.599851     944 errorreport.go:223] mkdir /home/dd/.gemini/antigravity-cli/brain/584f4906-be8b-4731-8ce0-236e07680d47: read-only file system
ERROR: logging before google.Init: E0831 01:51:31.600909     135 stager.go:117] Failed to save message for 584f4906-be8b-4731-8ce0-236e07680d47: open /home/dd/.gemini/antigravity-cli/conversations/584f4906-be8b-4731-8ce0-236e07680d47.08d226b0-47fe-4b7f-92cb-a42cc8c05c27.tmp: read-only file system
ERROR: logging before google.Init: E0831 01:51:31.600950     135 errorreport.go:223] open /home/dd/.gemini/antigravity-cli/conversations/584f4906-be8b-4731-8ce0-236e07680d47.08d226b0-47fe-4b7f-92cb-a42cc8c05c27.tmp: read-only file system
ERROR: logging before google.Init: E0831 01:51:31.601365    2088 skills.go:166] Failed to parse skill file /home/dd/.gemini/config/plugins/ponytail/skills/ponytail-debt/SKILL.md: failed to parse frontmatter: yaml: line 2: mapping values are not allowed in this context
ERROR: logging before google.Init: E0831 01:51:31.604408    1883 errorreport.go:223] mkdir /home/dd/.gemini/antigravity-cli/brain/584f4906-be8b-4731-8ce0-236e07680d47: read-only file system
ERROR: logging before google.Init: E0831 01:51:31.605542     135 stager.go:117] Failed to save message for 584f4906-be8b-4731-8ce0-236e07680d47: open /home/dd/.gemini/antigravity-cli/conversations/584f4906-be8b-4731-8ce0-236e07680d47.65113931-f989-46e8-9896-f97724037703.tmp: read-only file system
ERROR: logging before google.Init: E0831 01:51:31.605586     135 errorreport.go:223] open /home/dd/.gemini/antigravity-cli/conversations/584f4906-be8b-4731-8ce0-236e07680d47.65113931-f989-46e8-9896-f97724037703.tmp: read-only file system
ERROR: logging before google.Init: E0831 01:51:31.605994     135 stager.go:117] Failed to save message for 584f4906-be8b-4731-8ce0-236e07680d47: open /home/dd/.gemini/antigravity-cli/conversations/584f4906-be8b-4731-8ce0-236e07680d47.98161bee-e578-4f32-aac0-fb45f86bbd6c.tmp: read-only file system
ERROR: logging before google.Init: E0831 01:51:31.606011     135 errorreport.go:223] open /home/dd/.gemini/antigravity-cli/conversations/584f4906-be8b-4731-8ce0-236e07680d47.98161bee-e578-4f32-aac0-fb45f86bbd6c.tmp: read-only file system
ERROR: logging before google.Init: I0831 01:51:33.198789    2291 http_helpers.go:246] URL: https://daily-cloudcode-pa.googleapis.com/v1internal:streamGenerateContent?alt=sse Trace: 0x3c77b20be05a3553 ResponseID: A8KUaqGkOeainsEPtPr4yAw
ERROR: logging before google.Init: E0831 01:51:33.211890     944 errorreport.go:223] mkdir /home/dd/.gemini/antigravity-cli/brain/584f4906-be8b-4731-8ce0-236e07680d47: read-only file system
ERROR: logging before google.Init: E0831 01:51:33.212731     135 stager.go:117] Failed to save message for 584f4906-be8b-4731-8ce0-236e07680d47: open /home/dd/.gemini/antigravity-cli/conversations/584f4906-be8b-4731-8ce0-236e07680d47.3850552e-a27b-4dda-9fc3-fc377bed5216.tmp: read-only file system
ERROR: logging before google.Init: E0831 01:51:33.212771     135 errorreport.go:223] open /home/dd/.gemini/antigravity-cli/conversations/584f4906-be8b-4731-8ce0-236e07680d47.3850552e-a27b-4dda-9fc3-fc377bed5216.tmp: read-only file system
ERROR: logging before google.Init: E0831 01:51:33.213056    2357 skills.go:166] Failed to parse skill file /home/dd/.gemini/config/plugins/ponytail/skills/ponytail-debt/SKILL.md: failed to parse frontmatter: yaml: line 2: mapping values are not allowed in this context
ERROR: logging before google.Init: E0831 01:51:33.214918    2294 errorreport.go:223] mkdir /home/dd/.gemini/antigravity-cli/brain/584f4906-be8b-4731-8ce0-236e07680d47: read-only file system
ERROR: logging before google.Init: E0831 01:51:33.215378     135 stager.go:117] Failed to save message for 584f4906-be8b-4731-8ce0-236e07680d47: open /home/dd/.gemini/antigravity-cli/conversations/584f4906-be8b-4731-8ce0-236e07680d47.5bd7fc30-a9b6-4dc6-995d-59b1da541c93.tmp: read-only file system
ERROR: logging before google.Init: E0831 01:51:33.215408     135 errorreport.go:223] open /home/dd/.gemini/antigravity-cli/conversations/584f4906-be8b-4731-8ce0-236e07680d47.5bd7fc30-a9b6-4dc6-995d-59b1da541c93.tmp: read-only file system
ERROR: logging before google.Init: E0831 01:51:33.215844     135 stager.go:117] Failed to save message for 584f4906-be8b-4731-8ce0-236e07680d47: open /home/dd/.gemini/antigravity-cli/conversations/584f4906-be8b-4731-8ce0-236e07680d47.ccdf8026-9bd2-450f-aa9d-cf2638c3c9e7.tmp: read-only file system
ERROR: logging before google.Init: E0831 01:51:33.215859     135 errorreport.go:223] open /home/dd/.gemini/antigravity-cli/conversations/584f4906-be8b-4731-8ce0-236e07680d47.ccdf8026-9bd2-450f-aa9d-cf2638c3c9e7.tmp: read-only file system
ERROR: logging before google.Init: I0831 01:51:35.584725    2386 http_helpers.go:246] URL: https://daily-cloudcode-pa.googleapis.com/v1internal:streamGenerateContent?alt=sse Trace: 0x6b4c35430f18a1d1 ResponseID: BcKUasDqJvfo7M8P1crCyQM
ERROR: logging before google.Init: E0831 01:51:35.622311     944 errorreport.go:223] mkdir /home/dd/.gemini/antigravity-cli/brain/584f4906-be8b-4731-8ce0-236e07680d47: read-only file system
ERROR: logging before google.Init: E0831 01:51:35.623079     135 stager.go:117] Failed to save message for 584f4906-be8b-4731-8ce0-236e07680d47: open /home/dd/.gemini/antigravity-cli/conversations/584f4906-be8b-4731-8ce0-236e07680d47.57d529d9-d424-421e-9893-5e359af653c8.tmp: read-only file system
ERROR: logging before google.Init: E0831 01:51:35.623116     135 errorreport.go:223] open /home/dd/.gemini/antigravity-cli/conversations/584f4906-be8b-4731-8ce0-236e07680d47.57d529d9-d424-421e-9893-5e359af653c8.tmp: read-only file system
ERROR: logging before google.Init: E0831 01:51:35.623796    2384 skills.go:166] Failed to parse skill file /home/dd/.gemini/config/plugins/ponytail/skills/ponytail-debt/SKILL.md: failed to parse frontmatter: yaml: line 2: mapping values are not allowed in this context
ERROR: logging before google.Init: E0831 01:51:35.625360    2389 errorreport.go:223] mkdir /home/dd/.gemini/antigravity-cli/brain/584f4906-be8b-4731-8ce0-236e07680d47: read-only file system
ERROR: logging before google.Init: E0831 01:51:35.625860     135 stager.go:117] Failed to save message for 584f4906-be8b-4731-8ce0-236e07680d47: open /home/dd/.gemini/antigravity-cli/conversations/584f4906-be8b-4731-8ce0-236e07680d47.3f964b55-0d1c-4880-b1f2-49fb4e82c936.tmp: read-only file system
ERROR: logging before google.Init: E0831 01:51:35.625933     135 errorreport.go:223] open /home/dd/.gemini/antigravity-cli/conversations/584f4906-be8b-4731-8ce0-236e07680d47.3f964b55-0d1c-4880-b1f2-49fb4e82c936.tmp: read-only file system
ERROR: logging before google.Init: E0831 01:51:35.626934     135 stager.go:117] Failed to save message for 584f4906-be8b-4731-8ce0-236e07680d47: open /home/dd/.gemini/antigravity-cli/conversations/584f4906-be8b-4731-8ce0-236e07680d47.332575e0-2afa-4568-ac7a-6e2514693fc9.tmp: read-only file system
ERROR: logging before google.Init: E0831 01:51:35.627026     135 errorreport.go:223] open /home/dd/.gemini/antigravity-cli/conversations/584f4906-be8b-4731-8ce0-236e07680d47.332575e0-2afa-4568-ac7a-6e2514693fc9.tmp: read-only file system
ERROR: logging before google.Init: I0831 01:51:37.036300    1160 http_helpers.go:246] URL: https://daily-cloudcode-pa.googleapis.com/v1internal:streamGenerateContent?alt=sse Trace: 0x8f13de00db288145 ResponseID: B8KUapHtMq6F7M8PpfWB4QE
ERROR: logging before google.Init: E0831 01:51:37.048960     944 errorreport.go:223] mkdir /home/dd/.gemini/antigravity-cli/brain/584f4906-be8b-4731-8ce0-236e07680d47: read-only file system
ERROR: logging before google.Init: E0831 01:51:37.049834     135 stager.go:117] Failed to save message for 584f4906-be8b-4731-8ce0-236e07680d47: open /home/dd/.gemini/antigravity-cli/conversations/584f4906-be8b-4731-8ce0-236e07680d47.20165cb9-051a-4485-8c06-23965fc1a3bf.tmp: read-only file system
ERROR: logging before google.Init: E0831 01:51:37.049907     135 errorreport.go:223] open /home/dd/.gemini/antigravity-cli/conversations/584f4906-be8b-4731-8ce0-236e07680d47.20165cb9-051a-4485-8c06-23965fc1a3bf.tmp: read-only file system
ERROR: logging before google.Init: E0831 01:51:37.050355    2430 skills.go:166] Failed to parse skill file /home/dd/.gemini/config/plugins/ponytail/skills/ponytail-debt/SKILL.md: failed to parse frontmatter: yaml: line 2: mapping values are not allowed in this context
ERROR: logging before google.Init: E0831 01:51:37.051934    2332 errorreport.go:223] mkdir /home/dd/.gemini/antigravity-cli/brain/584f4906-be8b-4731-8ce0-236e07680d47: read-only file system
ERROR: logging before google.Init: E0831 01:51:37.052368     135 stager.go:117] Failed to save message for 584f4906-be8b-4731-8ce0-236e07680d47: open /home/dd/.gemini/antigravity-cli/conversations/584f4906-be8b-4731-8ce0-236e07680d47.fc2232a4-1d0f-4b8c-9c45-1932920ea069.tmp: read-only file system
ERROR: logging before google.Init: E0831 01:51:37.052389     135 errorreport.go:223] open /home/dd/.gemini/antigravity-cli/conversations/584f4906-be8b-4731-8ce0-236e07680d47.fc2232a4-1d0f-4b8c-9c45-1932920ea069.tmp: read-only file system
ERROR: logging before google.Init: E0831 01:51:37.052847     135 stager.go:117] Failed to save message for 584f4906-be8b-4731-8ce0-236e07680d47: open /home/dd/.gemini/antigravity-cli/conversations/584f4906-be8b-4731-8ce0-236e07680d47.0d1a3dd5-ad34-4685-9783-b233d59ad551.tmp: read-only file system
ERROR: logging before google.Init: E0831 01:51:37.052880     135 errorreport.go:223] open /home/dd/.gemini/antigravity-cli/conversations/584f4906-be8b-4731-8ce0-236e07680d47.0d1a3dd5-ad34-4685-9783-b233d59ad551.tmp: read-only file system
ERROR: logging before google.Init: I0831 01:51:38.392750    2595 http_helpers.go:246] URL: https://daily-cloudcode-pa.googleapis.com/v1internal:streamGenerateContent?alt=sse Trace: 0x3ab656753b11cb10 ResponseID: CcKUap_XIs-KkdUP0r_F8Qs
ERROR: logging before google.Init: E0831 01:51:38.408642     944 errorreport.go:223] mkdir /home/dd/.gemini/antigravity-cli/brain/584f4906-be8b-4731-8ce0-236e07680d47: read-only file system
ERROR: logging before google.Init: E0831 01:51:38.409284     135 stager.go:117] Failed to save message for 584f4906-be8b-4731-8ce0-236e07680d47: open /home/dd/.gemini/antigravity-cli/conversations/584f4906-be8b-4731-8ce0-236e07680d47.0bb96bb8-5a4b-4a98-ae20-43800b8ef4f8.tmp: read-only file system
ERROR: logging before google.Init: E0831 01:51:38.409315     135 errorreport.go:223] open /home/dd/.gemini/antigravity-cli/conversations/584f4906-be8b-4731-8ce0-236e07680d47.0bb96bb8-5a4b-4a98-ae20-43800b8ef4f8.tmp: read-only file system
ERROR: logging before google.Init: E0831 01:51:38.409749    2661 skills.go:166] Failed to parse skill file /home/dd/.gemini/config/plugins/ponytail/skills/ponytail-debt/SKILL.md: failed to parse frontmatter: yaml: line 2: mapping values are not allowed in this context
ERROR: logging before google.Init: E0831 01:51:38.411234    2610 errorreport.go:223] mkdir /home/dd/.gemini/antigravity-cli/brain/584f4906-be8b-4731-8ce0-236e07680d47: read-only file system
ERROR: logging before google.Init: E0831 01:51:38.411840     135 stager.go:117] Failed to save message for 584f4906-be8b-4731-8ce0-236e07680d47: open /home/dd/.gemini/antigravity-cli/conversations/584f4906-be8b-4731-8ce0-236e07680d47.d392a972-7903-4531-b9eb-56b0969376b1.tmp: read-only file system
ERROR: logging before google.Init: E0831 01:51:38.411873     135 errorreport.go:223] open /home/dd/.gemini/antigravity-cli/conversations/584f4906-be8b-4731-8ce0-236e07680d47.d392a972-7903-4531-b9eb-56b0969376b1.tmp: read-only file system
ERROR: logging before google.Init: E0831 01:51:38.412393     135 stager.go:117] Failed to save message for 584f4906-be8b-4731-8ce0-236e07680d47: open /home/dd/.gemini/antigravity-cli/conversations/584f4906-be8b-4731-8ce0-236e07680d47.85ef5f05-6a3e-4659-a108-f914eea52b5f.tmp: read-only file system
ERROR: logging before google.Init: E0831 01:51:38.412415     135 errorreport.go:223] open /home/dd/.gemini/antigravity-cli/conversations/584f4906-be8b-4731-8ce0-236e07680d47.85ef5f05-6a3e-4659-a108-f914eea52b5f.tmp: read-only file system
ERROR: logging before google.Init: I0831 01:51:39.442463    2592 http_helpers.go:246] URL: https://daily-cloudcode-pa.googleapis.com/v1internal:streamGenerateContent?alt=sse Trace: 0x4dd314978dcca993 ResponseID: CsKUatHAJfSUkdUPsbqI4Qw
ERROR: logging before google.Init: E0831 01:51:39.456096     944 errorreport.go:223] mkdir /home/dd/.gemini/antigravity-cli/brain/584f4906-be8b-4731-8ce0-236e07680d47: read-only file system
ERROR: logging before google.Init: E0831 01:51:39.457054     135 stager.go:117] Failed to save message for 584f4906-be8b-4731-8ce0-236e07680d47: open /home/dd/.gemini/antigravity-cli/conversations/584f4906-be8b-4731-8ce0-236e07680d47.f26b514c-47fe-4630-8473-ae195f6ad9a2.tmp: read-only file system
ERROR: logging before google.Init: E0831 01:51:39.457104     135 errorreport.go:223] open /home/dd/.gemini/antigravity-cli/conversations/584f4906-be8b-4731-8ce0-236e07680d47.f26b514c-47fe-4630-8473-ae195f6ad9a2.tmp: read-only file system
ERROR: logging before google.Init: E0831 01:51:39.457482    2751 skills.go:166] Failed to parse skill file /home/dd/.gemini/config/plugins/ponytail/skills/ponytail-debt/SKILL.md: failed to parse frontmatter: yaml: line 2: mapping values are not allowed in this context
ERROR: logging before google.Init: E0831 01:51:39.461135    2550 errorreport.go:223] mkdir /home/dd/.gemini/antigravity-cli/brain/584f4906-be8b-4731-8ce0-236e07680d47: read-only file system
ERROR: logging before google.Init: E0831 01:51:39.461696     135 stager.go:117] Failed to save message for 584f4906-be8b-4731-8ce0-236e07680d47: open /home/dd/.gemini/antigravity-cli/conversations/584f4906-be8b-4731-8ce0-236e07680d47.171eb373-33f6-4714-ba5d-6672618579ef.tmp: read-only file system
ERROR: logging before google.Init: E0831 01:51:39.461756     135 errorreport.go:223] open /home/dd/.gemini/antigravity-cli/conversations/584f4906-be8b-4731-8ce0-236e07680d47.171eb373-33f6-4714-ba5d-6672618579ef.tmp: read-only file system
ERROR: logging before google.Init: E0831 01:51:39.462251     135 stager.go:117] Failed to save message for 584f4906-be8b-4731-8ce0-236e07680d47: open /home/dd/.gemini/antigravity-cli/conversations/584f4906-be8b-4731-8ce0-236e07680d47.67c6a7f6-93a3-406e-9da7-93ea8847df54.tmp: read-only file system
ERROR: logging before google.Init: E0831 01:51:39.462270     135 errorreport.go:223] open /home/dd/.gemini/antigravity-cli/conversations/584f4906-be8b-4731-8ce0-236e07680d47.67c6a7f6-93a3-406e-9da7-93ea8847df54.tmp: read-only file system
ERROR: logging before google.Init: I0831 01:51:40.629884    2682 http_helpers.go:246] URL: https://daily-cloudcode-pa.googleapis.com/v1internal:streamGenerateContent?alt=sse Trace: 0xdb7de04bcb8c6379 ResponseID: C8KUas2NM9rYkdUPjJeVyAI
ERROR: logging before google.Init: E0831 01:51:40.644217     944 errorreport.go:223] mkdir /home/dd/.gemini/antigravity-cli/brain/584f4906-be8b-4731-8ce0-236e07680d47: read-only file system
ERROR: logging before google.Init: E0831 01:51:40.645207     135 stager.go:117] Failed to save message for 584f4906-be8b-4731-8ce0-236e07680d47: open /home/dd/.gemini/antigravity-cli/conversations/584f4906-be8b-4731-8ce0-236e07680d47.0bc24af0-cdeb-4e50-a77c-411ae6aa634f.tmp: read-only file system
ERROR: logging before google.Init: E0831 01:51:40.645251     135 errorreport.go:223] open /home/dd/.gemini/antigravity-cli/conversations/584f4906-be8b-4731-8ce0-236e07680d47.0bc24af0-cdeb-4e50-a77c-411ae6aa634f.tmp: read-only file system
ERROR: logging before google.Init: E0831 01:51:40.645551    2853 skills.go:166] Failed to parse skill file /home/dd/.gemini/config/plugins/ponytail/skills/ponytail-debt/SKILL.md: failed to parse frontmatter: yaml: line 2: mapping values are not allowed in this context
ERROR: logging before google.Init: E0831 01:51:40.647488    2802 errorreport.go:223] mkdir /home/dd/.gemini/antigravity-cli/brain/584f4906-be8b-4731-8ce0-236e07680d47: read-only file system
ERROR: logging before google.Init: E0831 01:51:40.647996     135 stager.go:117] Failed to save message for 584f4906-be8b-4731-8ce0-236e07680d47: open /home/dd/.gemini/antigravity-cli/conversations/584f4906-be8b-4731-8ce0-236e07680d47.a9c5ca14-a16b-4f60-9088-e117ac4e99a5.tmp: read-only file system
ERROR: logging before google.Init: E0831 01:51:40.648030     135 errorreport.go:223] open /home/dd/.gemini/antigravity-cli/conversations/584f4906-be8b-4731-8ce0-236e07680d47.a9c5ca14-a16b-4f60-9088-e117ac4e99a5.tmp: read-only file system
ERROR: logging before google.Init: E0831 01:51:40.648493     135 stager.go:117] Failed to save message for 584f4906-be8b-4731-8ce0-236e07680d47: open /home/dd/.gemini/antigravity-cli/conversations/584f4906-be8b-4731-8ce0-236e07680d47.80fa70ee-fa9f-4918-aaa8-3adc25a3dea2.tmp: read-only file system
ERROR: logging before google.Init: E0831 01:51:40.648509     135 errorreport.go:223] open /home/dd/.gemini/antigravity-cli/conversations/584f4906-be8b-4731-8ce0-236e07680d47.80fa70ee-fa9f-4918-aaa8-3adc25a3dea2.tmp: read-only file system
ERROR: logging before google.Init: I0831 01:51:42.681822    2673 http_helpers.go:246] URL: https://daily-cloudcode-pa.googleapis.com/v1internal:streamGenerateContent?alt=sse Trace: 0x665240693cef7c33 ResponseID: DMKUav3DM82xnsEPmILjgQ0
ERROR: logging before google.Init: E0831 01:51:42.695349     944 errorreport.go:223] mkdir /home/dd/.gemini/antigravity-cli/brain/584f4906-be8b-4731-8ce0-236e07680d47: read-only file system
ERROR: logging before google.Init: E0831 01:51:42.696661     135 stager.go:117] Failed to save message for 584f4906-be8b-4731-8ce0-236e07680d47: open /home/dd/.gemini/antigravity-cli/conversations/584f4906-be8b-4731-8ce0-236e07680d47.24a7d96b-7034-4e2c-94ab-0158953761fa.tmp: read-only file system
ERROR: logging before google.Init: E0831 01:51:42.696704     135 errorreport.go:223] open /home/dd/.gemini/antigravity-cli/conversations/584f4906-be8b-4731-8ce0-236e07680d47.24a7d96b-7034-4e2c-94ab-0158953761fa.tmp: read-only file system
ERROR: logging before google.Init: E0831 01:51:42.696812    2980 skills.go:166] Failed to parse skill file /home/dd/.gemini/config/plugins/ponytail/skills/ponytail-debt/SKILL.md: failed to parse frontmatter: yaml: line 2: mapping values are not allowed in this context
ERROR: logging before google.Init: E0831 01:51:42.698493    2899 errorreport.go:223] mkdir /home/dd/.gemini/antigravity-cli/brain/584f4906-be8b-4731-8ce0-236e07680d47: read-only file system
ERROR: logging before google.Init: E0831 01:51:42.699016     135 stager.go:117] Failed to save message for 584f4906-be8b-4731-8ce0-236e07680d47: open /home/dd/.gemini/antigravity-cli/conversations/584f4906-be8b-4731-8ce0-236e07680d47.c27c87ca-7d85-4453-aab1-2f42c43ad591.tmp: read-only file system
ERROR: logging before google.Init: E0831 01:51:42.699045     135 errorreport.go:223] open /home/dd/.gemini/antigravity-cli/conversations/584f4906-be8b-4731-8ce0-236e07680d47.c27c87ca-7d85-4453-aab1-2f42c43ad591.tmp: read-only file system
ERROR: logging before google.Init: E0831 01:51:42.699641     135 stager.go:117] Failed to save message for 584f4906-be8b-4731-8ce0-236e07680d47: open /home/dd/.gemini/antigravity-cli/conversations/584f4906-be8b-4731-8ce0-236e07680d47.f8daaac1-38d1-4b5b-8baf-605a1ca4f718.tmp: read-only file system
ERROR: logging before google.Init: E0831 01:51:42.699659     135 errorreport.go:223] open /home/dd/.gemini/antigravity-cli/conversations/584f4906-be8b-4731-8ce0-236e07680d47.f8daaac1-38d1-4b5b-8baf-605a1ca4f718.tmp: read-only file system
ERROR: logging before google.Init: I0831 01:51:43.870727    2991 http_helpers.go:246] URL: https://daily-cloudcode-pa.googleapis.com/v1internal:streamGenerateContent?alt=sse Trace: 0x7a0310d469a49f6d ResponseID: D8KUaufKBIbwnsEPq7HqkQw
ERROR: logging before google.Init: E0831 01:51:43.884940     944 errorreport.go:223] mkdir /home/dd/.gemini/antigravity-cli/brain/584f4906-be8b-4731-8ce0-236e07680d47: read-only file system
ERROR: logging before google.Init: E0831 01:51:43.885730     135 stager.go:117] Failed to save message for 584f4906-be8b-4731-8ce0-236e07680d47: open /home/dd/.gemini/antigravity-cli/conversations/584f4906-be8b-4731-8ce0-236e07680d47.431ae2aa-64b1-4609-9ef7-8212c39c0d1a.tmp: read-only file system
ERROR: logging before google.Init: E0831 01:51:43.885765     135 errorreport.go:223] open /home/dd/.gemini/antigravity-cli/conversations/584f4906-be8b-4731-8ce0-236e07680d47.431ae2aa-64b1-4609-9ef7-8212c39c0d1a.tmp: read-only file system
ERROR: logging before google.Init: E0831 01:51:43.886023    2919 skills.go:166] Failed to parse skill file /home/dd/.gemini/config/plugins/ponytail/skills/ponytail-debt/SKILL.md: failed to parse frontmatter: yaml: line 2: mapping values are not allowed in this context
ERROR: logging before google.Init: E0831 01:51:43.887632    2839 errorreport.go:223] mkdir /home/dd/.gemini/antigravity-cli/brain/584f4906-be8b-4731-8ce0-236e07680d47: read-only file system
ERROR: logging before google.Init: E0831 01:51:43.888140     135 stager.go:117] Failed to save message for 584f4906-be8b-4731-8ce0-236e07680d47: open /home/dd/.gemini/antigravity-cli/conversations/584f4906-be8b-4731-8ce0-236e07680d47.57309f1b-60c6-4a20-b8a8-511d3d73ce88.tmp: read-only file system
ERROR: logging before google.Init: E0831 01:51:43.888167     135 errorreport.go:223] open /home/dd/.gemini/antigravity-cli/conversations/584f4906-be8b-4731-8ce0-236e07680d47.57309f1b-60c6-4a20-b8a8-511d3d73ce88.tmp: read-only file system
ERROR: logging before google.Init: E0831 01:51:43.888656     135 stager.go:117] Failed to save message for 584f4906-be8b-4731-8ce0-236e07680d47: open /home/dd/.gemini/antigravity-cli/conversations/584f4906-be8b-4731-8ce0-236e07680d47.04c76593-0ffc-4801-85a7-51b0109ae349.tmp: read-only file system
ERROR: logging before google.Init: E0831 01:51:43.888672     135 errorreport.go:223] open /home/dd/.gemini/antigravity-cli/conversations/584f4906-be8b-4731-8ce0-236e07680d47.04c76593-0ffc-4801-85a7-51b0109ae349.tmp: read-only file system
ERROR: logging before google.Init: I0831 01:51:44.869852    3126 http_helpers.go:246] URL: https://daily-cloudcode-pa.googleapis.com/v1internal:streamGenerateContent?alt=sse Trace: 0xa94fcecb4294bd8e ResponseID: EMKUaqrrBs2I28oP-NSa8QI
ERROR: logging before google.Init: E0831 01:51:44.896543     944 errorreport.go:223] mkdir /home/dd/.gemini/antigravity-cli/brain/584f4906-be8b-4731-8ce0-236e07680d47: read-only file system
ERROR: logging before google.Init: E0831 01:51:44.897275     135 stager.go:117] Failed to save message for 584f4906-be8b-4731-8ce0-236e07680d47: open /home/dd/.gemini/antigravity-cli/conversations/584f4906-be8b-4731-8ce0-236e07680d47.2ded909f-af0e-4194-9ce4-d36ca0fd1d3f.tmp: read-only file system
ERROR: logging before google.Init: E0831 01:51:44.897313     135 errorreport.go:223] open /home/dd/.gemini/antigravity-cli/conversations/584f4906-be8b-4731-8ce0-236e07680d47.2ded909f-af0e-4194-9ce4-d36ca0fd1d3f.tmp: read-only file system
ERROR: logging before google.Init: E0831 01:51:44.897552    3165 skills.go:166] Failed to parse skill file /home/dd/.gemini/config/plugins/ponytail/skills/ponytail-debt/SKILL.md: failed to parse frontmatter: yaml: line 2: mapping values are not allowed in this context
ERROR: logging before google.Init: E0831 01:51:44.899393    3094 errorreport.go:223] mkdir /home/dd/.gemini/antigravity-cli/brain/584f4906-be8b-4731-8ce0-236e07680d47: read-only file system
ERROR: logging before google.Init: E0831 01:51:44.899940     135 stager.go:117] Failed to save message for 584f4906-be8b-4731-8ce0-236e07680d47: open /home/dd/.gemini/antigravity-cli/conversations/584f4906-be8b-4731-8ce0-236e07680d47.1b51f127-52bf-4237-bea0-d8cf7f5dc1d0.tmp: read-only file system
ERROR: logging before google.Init: E0831 01:51:44.899968     135 errorreport.go:223] open /home/dd/.gemini/antigravity-cli/conversations/584f4906-be8b-4731-8ce0-236e07680d47.1b51f127-52bf-4237-bea0-d8cf7f5dc1d0.tmp: read-only file system
ERROR: logging before google.Init: E0831 01:51:44.900469     135 stager.go:117] Failed to save message for 584f4906-be8b-4731-8ce0-236e07680d47: open /home/dd/.gemini/antigravity-cli/conversations/584f4906-be8b-4731-8ce0-236e07680d47.1b63a756-4bf8-432b-8667-f9b2e3ef50e5.tmp: read-only file system
ERROR: logging before google.Init: E0831 01:51:44.900483     135 errorreport.go:223] open /home/dd/.gemini/antigravity-cli/conversations/584f4906-be8b-4731-8ce0-236e07680d47.1b63a756-4bf8-432b-8667-f9b2e3ef50e5.tmp: read-only file system
ERROR: logging before google.Init: I0831 01:51:46.363109    3150 http_helpers.go:246] URL: https://daily-cloudcode-pa.googleapis.com/v1internal:streamGenerateContent?alt=sse Trace: 0xf612b5f0b8c3253a ResponseID: EcKUauyOCsbpnsEPp8vC-AI
ERROR: logging before google.Init: E0831 01:51:46.378256     944 errorreport.go:223] mkdir /home/dd/.gemini/antigravity-cli/brain/584f4906-be8b-4731-8ce0-236e07680d47: read-only file system
ERROR: logging before google.Init: E0831 01:51:46.379247    2891 skills.go:166] Failed to parse skill file /home/dd/.gemini/config/plugins/ponytail/skills/ponytail-debt/SKILL.md: failed to parse frontmatter: yaml: line 2: mapping values are not allowed in this context
ERROR: logging before google.Init: E0831 01:51:46.379379     135 stager.go:117] Failed to save message for 584f4906-be8b-4731-8ce0-236e07680d47: open /home/dd/.gemini/antigravity-cli/conversations/584f4906-be8b-4731-8ce0-236e07680d47.17ccb883-9776-435e-8633-b3a53b79a0d0.tmp: read-only file system
ERROR: logging before google.Init: E0831 01:51:46.379452     135 errorreport.go:223] open /home/dd/.gemini/antigravity-cli/conversations/584f4906-be8b-4731-8ce0-236e07680d47.17ccb883-9776-435e-8633-b3a53b79a0d0.tmp: read-only file system
ERROR: logging before google.Init: E0831 01:51:46.381122    3132 errorreport.go:223] mkdir /home/dd/.gemini/antigravity-cli/brain/584f4906-be8b-4731-8ce0-236e07680d47: read-only file system
ERROR: logging before google.Init: E0831 01:51:46.381815     135 stager.go:117] Failed to save message for 584f4906-be8b-4731-8ce0-236e07680d47: open /home/dd/.gemini/antigravity-cli/conversations/584f4906-be8b-4731-8ce0-236e07680d47.35bfea28-d0e3-464b-9ec4-c076dd57e862.tmp: read-only file system
ERROR: logging before google.Init: E0831 01:51:46.381837     135 errorreport.go:223] open /home/dd/.gemini/antigravity-cli/conversations/584f4906-be8b-4731-8ce0-236e07680d47.35bfea28-d0e3-464b-9ec4-c076dd57e862.tmp: read-only file system
ERROR: logging before google.Init: E0831 01:51:46.382352     135 stager.go:117] Failed to save message for 584f4906-be8b-4731-8ce0-236e07680d47: open /home/dd/.gemini/antigravity-cli/conversations/584f4906-be8b-4731-8ce0-236e07680d47.966884bf-82b1-49f8-8331-b76e54392062.tmp: read-only file system
ERROR: logging before google.Init: E0831 01:51:46.382368     135 errorreport.go:223] open /home/dd/.gemini/antigravity-cli/conversations/584f4906-be8b-4731-8ce0-236e07680d47.966884bf-82b1-49f8-8331-b76e54392062.tmp: read-only file system
ERROR: logging before google.Init: I0831 01:51:47.293672    3120 http_helpers.go:246] URL: https://daily-cloudcode-pa.googleapis.com/v1internal:streamGenerateContent?alt=sse Trace: 0x33fc35731a50950c ResponseID: EsKUasG2I_mUnsEPhavjgA0
ERROR: logging before google.Init: E0831 01:51:47.305289     944 errorreport.go:223] mkdir /home/dd/.gemini/antigravity-cli/brain/584f4906-be8b-4731-8ce0-236e07680d47: read-only file system
ERROR: logging before google.Init: E0831 01:51:47.305998     135 stager.go:117] Failed to save message for 584f4906-be8b-4731-8ce0-236e07680d47: open /home/dd/.gemini/antigravity-cli/conversations/584f4906-be8b-4731-8ce0-236e07680d47.64464212-be37-492b-b6ff-c68522ff5709.tmp: read-only file system
ERROR: logging before google.Init: E0831 01:51:47.306032     135 errorreport.go:223] open /home/dd/.gemini/antigravity-cli/conversations/584f4906-be8b-4731-8ce0-236e07680d47.64464212-be37-492b-b6ff-c68522ff5709.tmp: read-only file system
ERROR: logging before google.Init: E0831 01:51:47.306711    3367 skills.go:166] Failed to parse skill file /home/dd/.gemini/config/plugins/ponytail/skills/ponytail-debt/SKILL.md: failed to parse frontmatter: yaml: line 2: mapping values are not allowed in this context
ERROR: logging before google.Init: E0831 01:51:47.308429    3314 errorreport.go:223] mkdir /home/dd/.gemini/antigravity-cli/brain/584f4906-be8b-4731-8ce0-236e07680d47: read-only file system
ERROR: logging before google.Init: E0831 01:51:47.308995     135 stager.go:117] Failed to save message for 584f4906-be8b-4731-8ce0-236e07680d47: open /home/dd/.gemini/antigravity-cli/conversations/584f4906-be8b-4731-8ce0-236e07680d47.0739e3c4-76c3-4c84-9722-8dec8c4ef47c.tmp: read-only file system
ERROR: logging before google.Init: E0831 01:51:47.309025     135 errorreport.go:223] open /home/dd/.gemini/antigravity-cli/conversations/584f4906-be8b-4731-8ce0-236e07680d47.0739e3c4-76c3-4c84-9722-8dec8c4ef47c.tmp: read-only file system
ERROR: logging before google.Init: E0831 01:51:47.309553     135 stager.go:117] Failed to save message for 584f4906-be8b-4731-8ce0-236e07680d47: open /home/dd/.gemini/antigravity-cli/conversations/584f4906-be8b-4731-8ce0-236e07680d47.30e34c81-2db5-45ab-bc05-5bc80e5ad166.tmp: read-only file system
ERROR: logging before google.Init: E0831 01:51:47.309568     135 errorreport.go:223] open /home/dd/.gemini/antigravity-cli/conversations/584f4906-be8b-4731-8ce0-236e07680d47.30e34c81-2db5-45ab-bc05-5bc80e5ad166.tmp: read-only file system
ERROR: logging before google.Init: I0831 01:51:48.482922    3308 http_helpers.go:246] URL: https://daily-cloudcode-pa.googleapis.com/v1internal:streamGenerateContent?alt=sse Trace: 0xdb81368bd3b089fb ResponseID: E8KUasjzIc2xnsEPmILjgQ0
ERROR: logging before google.Init: E0831 01:51:48.496246     944 errorreport.go:223] mkdir /home/dd/.gemini/antigravity-cli/brain/584f4906-be8b-4731-8ce0-236e07680d47: read-only file system
ERROR: logging before google.Init: E0831 01:51:48.497264    3224 skills.go:166] Failed to parse skill file /home/dd/.gemini/config/plugins/ponytail/skills/ponytail-debt/SKILL.md: failed to parse frontmatter: yaml: line 2: mapping values are not allowed in this context
ERROR: logging before google.Init: E0831 01:51:48.497415     135 stager.go:117] Failed to save message for 584f4906-be8b-4731-8ce0-236e07680d47: open /home/dd/.gemini/antigravity-cli/conversations/584f4906-be8b-4731-8ce0-236e07680d47.2f8bd8c8-50f6-4b2e-973c-ee0f3738a67c.tmp: read-only file system
ERROR: logging before google.Init: E0831 01:51:48.497448     135 errorreport.go:223] open /home/dd/.gemini/antigravity-cli/conversations/584f4906-be8b-4731-8ce0-236e07680d47.2f8bd8c8-50f6-4b2e-973c-ee0f3738a67c.tmp: read-only file system
ERROR: logging before google.Init: E0831 01:51:48.501444    3427 errorreport.go:223] mkdir /home/dd/.gemini/antigravity-cli/brain/584f4906-be8b-4731-8ce0-236e07680d47: read-only file system
ERROR: logging before google.Init: E0831 01:51:48.502219     135 stager.go:117] Failed to save message for 584f4906-be8b-4731-8ce0-236e07680d47: open /home/dd/.gemini/antigravity-cli/conversations/584f4906-be8b-4731-8ce0-236e07680d47.f4d1bcd8-d6f3-4d2d-b2cf-eaf1641aa12b.tmp: read-only file system
ERROR: logging before google.Init: E0831 01:51:48.502264     135 errorreport.go:223] open /home/dd/.gemini/antigravity-cli/conversations/584f4906-be8b-4731-8ce0-236e07680d47.f4d1bcd8-d6f3-4d2d-b2cf-eaf1641aa12b.tmp: read-only file system
ERROR: logging before google.Init: E0831 01:51:48.503051     135 stager.go:117] Failed to save message for 584f4906-be8b-4731-8ce0-236e07680d47: open /home/dd/.gemini/antigravity-cli/conversations/584f4906-be8b-4731-8ce0-236e07680d47.8ac61244-5822-43b9-aa3c-0d3ff22a1c83.tmp: read-only file system
ERROR: logging before google.Init: E0831 01:51:48.503087     135 errorreport.go:223] open /home/dd/.gemini/antigravity-cli/conversations/584f4906-be8b-4731-8ce0-236e07680d47.8ac61244-5822-43b9-aa3c-0d3ff22a1c83.tmp: read-only file system
ERROR: logging before google.Init: I0831 01:51:49.478947    3522 http_helpers.go:246] URL: https://daily-cloudcode-pa.googleapis.com/v1internal:streamGenerateContent?alt=sse Trace: 0xc82819eae60b1601 ResponseID: FMKUauXbKtiikdUP6MaI0AI
ERROR: logging before google.Init: E0831 01:51:49.489797     944 errorreport.go:223] mkdir /home/dd/.gemini/antigravity-cli/brain/584f4906-be8b-4731-8ce0-236e07680d47: read-only file system
ERROR: logging before google.Init: E0831 01:51:49.490736     135 stager.go:117] Failed to save message for 584f4906-be8b-4731-8ce0-236e07680d47: open /home/dd/.gemini/antigravity-cli/conversations/584f4906-be8b-4731-8ce0-236e07680d47.50414003-386d-4945-b6e8-154e96f6a210.tmp: read-only file system
ERROR: logging before google.Init: E0831 01:51:49.490774     135 errorreport.go:223] open /home/dd/.gemini/antigravity-cli/conversations/584f4906-be8b-4731-8ce0-236e07680d47.50414003-386d-4945-b6e8-154e96f6a210.tmp: read-only file system
ERROR: logging before google.Init: E0831 01:51:49.491223    3554 skills.go:166] Failed to parse skill file /home/dd/.gemini/config/plugins/ponytail/skills/ponytail-debt/SKILL.md: failed to parse frontmatter: yaml: line 2: mapping values are not allowed in this context
ERROR: logging before google.Init: E0831 01:51:49.492997    3525 errorreport.go:223] mkdir /home/dd/.gemini/antigravity-cli/brain/584f4906-be8b-4731-8ce0-236e07680d47: read-only file system
ERROR: logging before google.Init: E0831 01:51:49.493559     135 stager.go:117] Failed to save message for 584f4906-be8b-4731-8ce0-236e07680d47: open /home/dd/.gemini/antigravity-cli/conversations/584f4906-be8b-4731-8ce0-236e07680d47.583377b2-dca4-4206-8c3b-51c6c1e7350e.tmp: read-only file system
ERROR: logging before google.Init: E0831 01:51:49.493589     135 errorreport.go:223] open /home/dd/.gemini/antigravity-cli/conversations/584f4906-be8b-4731-8ce0-236e07680d47.583377b2-dca4-4206-8c3b-51c6c1e7350e.tmp: read-only file system
ERROR: logging before google.Init: E0831 01:51:49.494307     135 stager.go:117] Failed to save message for 584f4906-be8b-4731-8ce0-236e07680d47: open /home/dd/.gemini/antigravity-cli/conversations/584f4906-be8b-4731-8ce0-236e07680d47.7a74c578-b416-46fa-89ba-b35cc53914c7.tmp: read-only file system
ERROR: logging before google.Init: E0831 01:51:49.494322     135 errorreport.go:223] open /home/dd/.gemini/antigravity-cli/conversations/584f4906-be8b-4731-8ce0-236e07680d47.7a74c578-b416-46fa-89ba-b35cc53914c7.tmp: read-only file system
ERROR: logging before google.Init: I0831 01:51:50.659670    3518 http_helpers.go:246] URL: https://daily-cloudcode-pa.googleapis.com/v1internal:streamGenerateContent?alt=sse Trace: 0x6103e0ad891237e ResponseID: FcKUapDIK7L6nsEPmY3biAM
ERROR: logging before google.Init: E0831 01:51:50.779895     944 errorreport.go:223] mkdir /home/dd/.gemini/antigravity-cli/brain/584f4906-be8b-4731-8ce0-236e07680d47: read-only file system
ERROR: logging before google.Init: E0831 01:51:50.780906     135 stager.go:117] Failed to save message for 584f4906-be8b-4731-8ce0-236e07680d47: open /home/dd/.gemini/antigravity-cli/conversations/584f4906-be8b-4731-8ce0-236e07680d47.8000e2c8-335e-4eea-a2e4-798ef7e1a63e.tmp: read-only file system
ERROR: logging before google.Init: E0831 01:51:50.780949     135 errorreport.go:223] open /home/dd/.gemini/antigravity-cli/conversations/584f4906-be8b-4731-8ce0-236e07680d47.8000e2c8-335e-4eea-a2e4-798ef7e1a63e.tmp: read-only file system
ERROR: logging before google.Init: E0831 01:51:50.781270    3683 skills.go:166] Failed to parse skill file /home/dd/.gemini/config/plugins/ponytail/skills/ponytail-debt/SKILL.md: failed to parse frontmatter: yaml: line 2: mapping values are not allowed in this context
ERROR: logging before google.Init: E0831 01:51:50.784683    3451 errorreport.go:223] mkdir /home/dd/.gemini/antigravity-cli/brain/584f4906-be8b-4731-8ce0-236e07680d47: read-only file system
ERROR: logging before google.Init: E0831 01:51:50.785441     135 stager.go:117] Failed to save message for 584f4906-be8b-4731-8ce0-236e07680d47: open /home/dd/.gemini/antigravity-cli/conversations/584f4906-be8b-4731-8ce0-236e07680d47.56d14487-fb75-4cd7-8bec-bd91b31e1fa3.tmp: read-only file system
ERROR: logging before google.Init: E0831 01:51:50.785501     135 errorreport.go:223] open /home/dd/.gemini/antigravity-cli/conversations/584f4906-be8b-4731-8ce0-236e07680d47.56d14487-fb75-4cd7-8bec-bd91b31e1fa3.tmp: read-only file system
ERROR: logging before google.Init: E0831 01:51:50.786111     135 stager.go:117] Failed to save message for 584f4906-be8b-4731-8ce0-236e07680d47: open /home/dd/.gemini/antigravity-cli/conversations/584f4906-be8b-4731-8ce0-236e07680d47.86f6f4fa-14a3-4576-b731-05f1b0a44756.tmp: read-only file system
ERROR: logging before google.Init: E0831 01:51:50.786133     135 errorreport.go:223] open /home/dd/.gemini/antigravity-cli/conversations/584f4906-be8b-4731-8ce0-236e07680d47.86f6f4fa-14a3-4576-b731-05f1b0a44756.tmp: read-only file system
ERROR: logging before google.Init: I0831 01:51:51.895691    3736 http_helpers.go:246] URL: https://daily-cloudcode-pa.googleapis.com/v1internal:streamGenerateContent?alt=sse Trace: 0xe3484c4aadd9524f ResponseID: FsKUaoOXPNKC7M8PwM6H6Ag
ERROR: logging before google.Init: E0831 01:51:51.908795     944 errorreport.go:223] mkdir /home/dd/.gemini/antigravity-cli/brain/584f4906-be8b-4731-8ce0-236e07680d47: read-only file system
ERROR: logging before google.Init: E0831 01:51:51.909743     135 stager.go:117] Failed to save message for 584f4906-be8b-4731-8ce0-236e07680d47: open /home/dd/.gemini/antigravity-cli/conversations/584f4906-be8b-4731-8ce0-236e07680d47.f4df3679-9411-4c45-9515-dd661404753e.tmp: read-only file system
ERROR: logging before google.Init: E0831 01:51:51.909777     135 errorreport.go:223] open /home/dd/.gemini/antigravity-cli/conversations/584f4906-be8b-4731-8ce0-236e07680d47.f4df3679-9411-4c45-9515-dd661404753e.tmp: read-only file system
ERROR: logging before google.Init: E0831 01:51:51.910144    3744 skills.go:166] Failed to parse skill file /home/dd/.gemini/config/plugins/ponytail/skills/ponytail-debt/SKILL.md: failed to parse frontmatter: yaml: line 2: mapping values are not allowed in this context
ERROR: logging before google.Init: E0831 01:51:51.911909    3625 errorreport.go:223] mkdir /home/dd/.gemini/antigravity-cli/brain/584f4906-be8b-4731-8ce0-236e07680d47: read-only file system
ERROR: logging before google.Init: E0831 01:51:51.912765     135 stager.go:117] Failed to save message for 584f4906-be8b-4731-8ce0-236e07680d47: open /home/dd/.gemini/antigravity-cli/conversations/584f4906-be8b-4731-8ce0-236e07680d47.5ac7ae49-4702-4e03-ab61-3aa43a019e33.tmp: read-only file system
ERROR: logging before google.Init: E0831 01:51:51.912795     135 errorreport.go:223] open /home/dd/.gemini/antigravity-cli/conversations/584f4906-be8b-4731-8ce0-236e07680d47.5ac7ae49-4702-4e03-ab61-3aa43a019e33.tmp: read-only file system
ERROR: logging before google.Init: E0831 01:51:51.913438     135 stager.go:117] Failed to save message for 584f4906-be8b-4731-8ce0-236e07680d47: open /home/dd/.gemini/antigravity-cli/conversations/584f4906-be8b-4731-8ce0-236e07680d47.09fe80c9-0382-4086-97bc-d8cdb676b791.tmp: read-only file system
ERROR: logging before google.Init: E0831 01:51:51.913454     135 errorreport.go:223] open /home/dd/.gemini/antigravity-cli/conversations/584f4906-be8b-4731-8ce0-236e07680d47.09fe80c9-0382-4086-97bc-d8cdb676b791.tmp: read-only file system
ERROR: logging before google.Init: I0831 01:51:52.887387    3830 http_helpers.go:246] URL: https://daily-cloudcode-pa.googleapis.com/v1internal:streamGenerateContent?alt=sse Trace: 0x5ba60799e6c884a2 ResponseID: GMKUaqWLCZ21kdUPqPaS2AI
ERROR: logging before google.Init: E0831 01:51:52.907266     944 errorreport.go:223] mkdir /home/dd/.gemini/antigravity-cli/brain/584f4906-be8b-4731-8ce0-236e07680d47: read-only file system
ERROR: logging before google.Init: E0831 01:51:52.908040     135 stager.go:117] Failed to save message for 584f4906-be8b-4731-8ce0-236e07680d47: open /home/dd/.gemini/antigravity-cli/conversations/584f4906-be8b-4731-8ce0-236e07680d47.dc9c5186-518a-40b6-9c3a-4f0f305e5e45.tmp: read-only file system
ERROR: logging before google.Init: E0831 01:51:52.908078     135 errorreport.go:223] open /home/dd/.gemini/antigravity-cli/conversations/584f4906-be8b-4731-8ce0-236e07680d47.dc9c5186-518a-40b6-9c3a-4f0f305e5e45.tmp: read-only file system
ERROR: logging before google.Init: E0831 01:51:52.908203    3880 skills.go:166] Failed to parse skill file /home/dd/.gemini/config/plugins/ponytail/skills/ponytail-debt/SKILL.md: failed to parse frontmatter: yaml: line 2: mapping values are not allowed in this context
ERROR: logging before google.Init: E0831 01:51:52.910301    3521 errorreport.go:223] mkdir /home/dd/.gemini/antigravity-cli/brain/584f4906-be8b-4731-8ce0-236e07680d47: read-only file system
ERROR: logging before google.Init: E0831 01:51:52.910898     135 stager.go:117] Failed to save message for 584f4906-be8b-4731-8ce0-236e07680d47: open /home/dd/.gemini/antigravity-cli/conversations/584f4906-be8b-4731-8ce0-236e07680d47.813d6b85-afba-4296-8367-cc3be6aa7bb4.tmp: read-only file system
ERROR: logging before google.Init: E0831 01:51:52.910926     135 errorreport.go:223] open /home/dd/.gemini/antigravity-cli/conversations/584f4906-be8b-4731-8ce0-236e07680d47.813d6b85-afba-4296-8367-cc3be6aa7bb4.tmp: read-only file system
ERROR: logging before google.Init: E0831 01:51:52.912292     135 stager.go:117] Failed to save message for 584f4906-be8b-4731-8ce0-236e07680d47: open /home/dd/.gemini/antigravity-cli/conversations/584f4906-be8b-4731-8ce0-236e07680d47.de22409f-76a4-42bf-b5ba-1798045b8eb6.tmp: read-only file system
ERROR: logging before google.Init: E0831 01:51:52.912353     135 errorreport.go:223] open /home/dd/.gemini/antigravity-cli/conversations/584f4906-be8b-4731-8ce0-236e07680d47.de22409f-76a4-42bf-b5ba-1798045b8eb6.tmp: read-only file system
ERROR: logging before google.Init: I0831 01:51:54.628521    3954 http_helpers.go:246] URL: https://daily-cloudcode-pa.googleapis.com/v1internal:streamGenerateContent?alt=sse Trace: 0x43171f3a1e4f4999 ResponseID: GcKUatrYB9G-kdUP1LTt2AI
ERROR: logging before google.Init: E0831 01:51:54.646822     944 errorreport.go:223] mkdir /home/dd/.gemini/antigravity-cli/brain/584f4906-be8b-4731-8ce0-236e07680d47: read-only file system
ERROR: logging before google.Init: E0831 01:51:54.647618     135 stager.go:117] Failed to save message for 584f4906-be8b-4731-8ce0-236e07680d47: open /home/dd/.gemini/antigravity-cli/conversations/584f4906-be8b-4731-8ce0-236e07680d47.1bbe56ab-5e3e-4868-83bb-8e14d57133ee.tmp: read-only file system
ERROR: logging before google.Init: E0831 01:51:54.647655     135 errorreport.go:223] open /home/dd/.gemini/antigravity-cli/conversations/584f4906-be8b-4731-8ce0-236e07680d47.1bbe56ab-5e3e-4868-83bb-8e14d57133ee.tmp: read-only file system
ERROR: logging before google.Init: E0831 01:51:54.648435    4037 skills.go:166] Failed to parse skill file /home/dd/.gemini/config/plugins/ponytail/skills/ponytail-debt/SKILL.md: failed to parse frontmatter: yaml: line 2: mapping values are not allowed in this context
ERROR: logging before google.Init: E0831 01:51:54.649867    3957 errorreport.go:223] mkdir /home/dd/.gemini/antigravity-cli/brain/584f4906-be8b-4731-8ce0-236e07680d47: read-only file system
ERROR: logging before google.Init: E0831 01:51:54.650942     135 stager.go:117] Failed to save message for 584f4906-be8b-4731-8ce0-236e07680d47: open /home/dd/.gemini/antigravity-cli/conversations/584f4906-be8b-4731-8ce0-236e07680d47.84e74f4f-004f-4a82-9309-3697d554fa0f.tmp: read-only file system
ERROR: logging before google.Init: E0831 01:51:54.650977     135 errorreport.go:223] open /home/dd/.gemini/antigravity-cli/conversations/584f4906-be8b-4731-8ce0-236e07680d47.84e74f4f-004f-4a82-9309-3697d554fa0f.tmp: read-only file system
ERROR: logging before google.Init: E0831 01:51:54.651614     135 stager.go:117] Failed to save message for 584f4906-be8b-4731-8ce0-236e07680d47: open /home/dd/.gemini/antigravity-cli/conversations/584f4906-be8b-4731-8ce0-236e07680d47.10531d0a-108d-4238-8877-91fd1d235bde.tmp: read-only file system
ERROR: logging before google.Init: E0831 01:51:54.651629     135 errorreport.go:223] open /home/dd/.gemini/antigravity-cli/conversations/584f4906-be8b-4731-8ce0-236e07680d47.10531d0a-108d-4238-8877-91fd1d235bde.tmp: read-only file system
ERROR: logging before google.Init: I0831 01:51:55.807711    4067 http_helpers.go:246] URL: https://daily-cloudcode-pa.googleapis.com/v1internal:streamGenerateContent?alt=sse Trace: 0x3df4dc3964139e5 ResponseID: GsKUarDkOPmUnsEPhavjgA0
ERROR: logging before google.Init: E0831 01:51:55.818339     944 errorreport.go:223] mkdir /home/dd/.gemini/antigravity-cli/brain/584f4906-be8b-4731-8ce0-236e07680d47: read-only file system
ERROR: logging before google.Init: E0831 01:51:55.819254     135 stager.go:117] Failed to save message for 584f4906-be8b-4731-8ce0-236e07680d47: open /home/dd/.gemini/antigravity-cli/conversations/584f4906-be8b-4731-8ce0-236e07680d47.c5ba72cc-fb93-4812-844d-a42c174cdd21.tmp: read-only file system
ERROR: logging before google.Init: E0831 01:51:55.819289     135 errorreport.go:223] open /home/dd/.gemini/antigravity-cli/conversations/584f4906-be8b-4731-8ce0-236e07680d47.c5ba72cc-fb93-4812-844d-a42c174cdd21.tmp: read-only file system
ERROR: logging before google.Init: E0831 01:51:55.819576    4100 skills.go:166] Failed to parse skill file /home/dd/.gemini/config/plugins/ponytail/skills/ponytail-debt/SKILL.md: failed to parse frontmatter: yaml: line 2: mapping values are not allowed in this context
ERROR: logging before google.Init: E0831 01:51:55.821351    4069 errorreport.go:223] mkdir /home/dd/.gemini/antigravity-cli/brain/584f4906-be8b-4731-8ce0-236e07680d47: read-only file system
ERROR: logging before google.Init: E0831 01:51:55.822561     135 stager.go:117] Failed to save message for 584f4906-be8b-4731-8ce0-236e07680d47: open /home/dd/.gemini/antigravity-cli/conversations/584f4906-be8b-4731-8ce0-236e07680d47.78cf77da-1200-430c-94e1-f685f95b8ee9.tmp: read-only file system
ERROR: logging before google.Init: E0831 01:51:55.822597     135 errorreport.go:223] open /home/dd/.gemini/antigravity-cli/conversations/584f4906-be8b-4731-8ce0-236e07680d47.78cf77da-1200-430c-94e1-f685f95b8ee9.tmp: read-only file system
ERROR: logging before google.Init: E0831 01:51:55.823752     135 stager.go:117] Failed to save message for 584f4906-be8b-4731-8ce0-236e07680d47: open /home/dd/.gemini/antigravity-cli/conversations/584f4906-be8b-4731-8ce0-236e07680d47.57d2ef21-1251-4c7a-b0b1-c0bbb412502c.tmp: read-only file system
ERROR: logging before google.Init: E0831 01:51:55.823882     135 errorreport.go:223] open /home/dd/.gemini/antigravity-cli/conversations/584f4906-be8b-4731-8ce0-236e07680d47.57d2ef21-1251-4c7a-b0b1-c0bbb412502c.tmp: read-only file system
ERROR: logging before google.Init: I0831 01:51:58.133354    4047 http_helpers.go:246] URL: https://daily-cloudcode-pa.googleapis.com/v1internal:streamGenerateContent?alt=sse Trace: 0x7db8e40d2c784378 ResponseID: HMKUaqztC8bZkdUPiv3YgA0
ERROR: logging before google.Init: E0831 01:52:20.345520     944 errorreport.go:223] mkdir /home/dd/.gemini/antigravity-cli/brain/584f4906-be8b-4731-8ce0-236e07680d47: read-only file system
ERROR: logging before google.Init: E0831 01:52:20.346274     135 stager.go:117] Failed to save message for 584f4906-be8b-4731-8ce0-236e07680d47: open /home/dd/.gemini/antigravity-cli/conversations/584f4906-be8b-4731-8ce0-236e07680d47.45bcb6f1-3820-467f-9176-e6ea7f534b85.tmp: read-only file system
ERROR: logging before google.Init: E0831 01:52:20.346321     135 errorreport.go:223] open /home/dd/.gemini/antigravity-cli/conversations/584f4906-be8b-4731-8ce0-236e07680d47.45bcb6f1-3820-467f-9176-e6ea7f534b85.tmp: read-only file system
ERROR: logging before google.Init: E0831 01:52:20.347043     135 stager.go:117] Failed to save message for 584f4906-be8b-4731-8ce0-236e07680d47: open /home/dd/.gemini/antigravity-cli/conversations/584f4906-be8b-4731-8ce0-236e07680d47.5fb11384-6c99-4991-994f-945eba3ca52e.tmp: read-only file system
ERROR: logging before google.Init: E0831 01:52:20.347058     135 errorreport.go:223] open /home/dd/.gemini/antigravity-cli/conversations/584f4906-be8b-4731-8ce0-236e07680d47.5fb11384-6c99-4991-994f-945eba3ca52e.tmp: read-only file system
ERROR: logging before google.Init: E0831 01:52:20.348927     135 stager.go:117] Failed to save message for 584f4906-be8b-4731-8ce0-236e07680d47: open /home/dd/.gemini/antigravity-cli/conversations/584f4906-be8b-4731-8ce0-236e07680d47.d5cccc3e-91eb-4f6b-acdd-cbb5157c8051.tmp: read-only file system
ERROR: logging before google.Init: E0831 01:52:20.349057     135 errorreport.go:223] open /home/dd/.gemini/antigravity-cli/conversations/584f4906-be8b-4731-8ce0-236e07680d47.d5cccc3e-91eb-4f6b-acdd-cbb5157c8051.tmp: read-only file system
ERROR: logging before google.Init: I0831 01:52:20.441835       1 manager.go:751] CLI store manager shutting down
ERROR: logging before google.Init: E0831 01:52:20.442139       1 cache_manager.go:37] failed to persist last conversation to cache: failed to write last conversations: open /home/dd/.gemini/antigravity-cli/cache/last_conversations.json.081c39fc-b64a-4684-9178-35f2d474bf9b.tmp: read-only file system
ERROR: logging before google.Init: I0831 01:52:20.442144       1 conversation_manager.go:706] Stopping conversation stream
ERROR: logging before google.Init: I0831 01:52:20.442229     179 server.go:1209] Stream goroutine exited for 584f4906-be8b-4731-8ce0-236e07680d47, sending completion signal
ERROR: logging before google.Init: I0831 01:52:20.442249     179 conversation_manager.go:836] Stream completed for 584f4906-be8b-4731-8ce0-236e07680d47, clearing ResponsePending
ERROR: logging before google.Init: I0831 01:52:20.442299    1757 server.go:2712] Language server shutting down
ERROR: logging before google.Init: I0831 01:52:20.442316    1757 server.go:2717] Waiting for migrations to complete to prevent partial migration state...
