ERROR: logging before google.Init: E0831 01:12:52.895083       1 main.go:606] Failed to redirect output for CLI: creating log file: opening log file: open /home/dd/.gemini/antigravity-cli/log/cli-20260831_011252.log: read-only file system
ERROR: logging before google.Init: I0831 01:12:52.895452      62 server.go:1487] Starting language server process with pid 47
ERROR: logging before google.Init: E0831 01:12:52.895564      62 server.go:1472] Failed to initialize crash reporter: failed to setup crash output: open /home/dd/.gemini/antigravity-cli/crashes/crash_47_030338da-b6a4-402a-899f-582ec09a17e1.log: read-only file system
ERROR: logging before google.Init: I0831 01:12:52.896131      62 server.go:1540] Language server version: 1.1.22
ERROR: logging before google.Init: I0831 01:12:52.896138      62 server.go:584] Language server will attempt to listen on host localhost
ERROR: logging before google.Init: I0831 01:12:52.896618      62 server.go:599] Language server listening on random port at 43565 for HTTPS (gRPC)
ERROR: logging before google.Init: I0831 01:12:52.896675      62 server.go:607] Language server listening on random port at 35231 for HTTP
ERROR: logging before google.Init: W0831 01:12:53.110670     121 crashreporter.go:122] No active crash reporter, cannot upload previous crashes
ERROR: logging before google.Init: E0831 01:12:53.110962     120 errorreport.go:223] Failed to poll ListExperiments: error getting token source: You are not logged into Antigravity.
ERROR: logging before google.Init: I0831 01:12:53.111008     120 model_configs.go:62] Auth mode is unspecified, skipping fetchAvailableModels and returning empty response
ERROR: logging before google.Init: W0831 01:12:53.112306      62 cache.go:56] Cache(loadCodeAssistResponse): Singleflight refresh failed: error getting token source: You are not logged into Antigravity.
ERROR: logging before google.Init: E0831 01:12:53.112333      62 errorreport.go:223] error getting token source: You are not logged into Antigravity.
ERROR: logging before google.Init: W0831 01:12:53.112391      62 cache.go:56] Cache(userInfo): Singleflight refresh failed: failed to get load code assist response: error getting token source: You are not logged into Antigravity.
ERROR: logging before google.Init: E0831 01:12:53.112404      62 errorreport.go:223] failed to get load code assist response: error getting token source: You are not logged into Antigravity.
ERROR: logging before google.Init: W0831 01:12:53.112951      62 cache.go:56] Cache(loadCodeAssistResponse): Singleflight refresh failed: error getting token source: You are not logged into Antigravity.
ERROR: logging before google.Init: E0831 01:12:53.113000      62 errorreport.go:223] error getting token source: You are not logged into Antigravity.
ERROR: logging before google.Init: W0831 01:12:53.113075      62 cache.go:56] Cache(userInfo): Singleflight refresh failed: failed to get load code assist response: error getting token source: You are not logged into Antigravity.
ERROR: logging before google.Init: E0831 01:12:53.113091      62 errorreport.go:223] failed to get load code assist response: error getting token source: You are not logged into Antigravity.
ERROR: logging before google.Init: W0831 01:12:53.113140      62 cache.go:56] Cache(loadCodeAssistResponse): Singleflight refresh failed: error getting token source: You are not logged into Antigravity.
ERROR: logging before google.Init: E0831 01:12:53.113152      62 errorreport.go:223] error getting token source: You are not logged into Antigravity.
ERROR: logging before google.Init: W0831 01:12:53.113181      62 cache.go:56] Cache(userInfo): Singleflight refresh failed: failed to get load code assist response: error getting token source: You are not logged into Antigravity.
ERROR: logging before google.Init: E0831 01:12:53.113189      62 errorreport.go:223] failed to get load code assist response: error getting token source: You are not logged into Antigravity.
ERROR: logging before google.Init: W0831 01:12:53.113355      62 launchmanager.go:69] Entering local chrome mode! This is WRONG unless you are running tests or in eval mode on Linux.
ERROR: logging before google.Init: W0831 01:12:53.113570      62 defaults.go:771] failed to get cs path: cs path /usr/bin/cs invalid
ERROR: logging before google.Init: I0831 01:12:53.113581      62 manager.go:98] Creating trajectory store manager with proto store and SQLite store
ERROR: logging before google.Init: W0831 01:12:53.113750     131 cache.go:56] Cache(loadCodeAssistResponse): Singleflight refresh failed: error getting token source: You are not logged into Antigravity.
ERROR: logging before google.Init: E0831 01:12:53.113802     131 errorreport.go:223] error getting token source: You are not logged into Antigravity.
ERROR: logging before google.Init: W0831 01:12:53.118716      86 cache.go:56] Cache(loadCodeAssistResponse): Singleflight refresh failed: error getting token source: You are not logged into Antigravity.
ERROR: logging before google.Init: E0831 01:12:53.118743      86 errorreport.go:223] error getting token source: You are not logged into Antigravity.
ERROR: logging before google.Init: W0831 01:12:53.118800      86 cache.go:56] Cache(userInfo): Singleflight refresh failed: failed to get load code assist response: error getting token source: You are not logged into Antigravity.
ERROR: logging before google.Init: E0831 01:12:53.118810      86 errorreport.go:223] failed to get load code assist response: error getting token source: You are not logged into Antigravity.
ERROR: logging before google.Init: E0831 01:12:53.118922      62 errorreport.go:223] remove /home/dd/.gemini/antigravity-cli/conversations/6ce8acbb-6300-4d0d-ad4a-76e8d68e3d21.db: read-only file system
ERROR: logging before google.Init: W0831 01:12:53.118928     178 cache.go:56] Cache(loadCodeAssistResponse): Singleflight refresh failed: error getting token source: You are not logged into Antigravity.
ERROR: logging before google.Init: E0831 01:12:53.118949     178 errorreport.go:223] error getting token source: You are not logged into Antigravity.
ERROR: logging before google.Init: E0831 01:12:53.118990      62 errorreport.go:223] Failed to prune trajectory 6ce8acbb-6300-4d0d-ad4a-76e8d68e3d21: remove /home/dd/.gemini/antigravity-cli/conversations/6ce8acbb-6300-4d0d-ad4a-76e8d68e3d21.db: read-only file system
ERROR: logging before google.Init: E0831 01:12:53.119013      62 manager.go:368] Failed to prune trajectory 6ce8acbb-6300-4d0d-ad4a-76e8d68e3d21: remove /home/dd/.gemini/antigravity-cli/conversations/6ce8acbb-6300-4d0d-ad4a-76e8d68e3d21.db: read-only file system
ERROR: logging before google.Init: W0831 01:12:53.118991     178 cache.go:56] Cache(userInfo): Singleflight refresh failed: failed to get load code assist response: error getting token source: You are not logged into Antigravity.
ERROR: logging before google.Init: E0831 01:12:53.119038     178 errorreport.go:223] failed to get load code assist response: error getting token source: You are not logged into Antigravity.
ERROR: logging before google.Init: I0831 01:12:53.119418     169 manager.go:88] Migration [MIGRATION_ID_SIDECAR_USER_CONFIG_BYPASS] is disabled, skipping entirely
ERROR: logging before google.Init: I0831 01:12:53.119463     169 manager.go:91] Migration [MIGRATION_ID_SANITY_CHECK_PROJECT_URIS] is enabled
ERROR: logging before google.Init: I0831 01:12:53.119485     169 manager.go:100] Migration [MIGRATION_ID_SANITY_CHECK_PROJECT_URIS] already has status MIGRATION_STATUS_COMPLETED, skipping
ERROR: logging before google.Init: I0831 01:12:53.119493     169 manager.go:91] Migration [MIGRATION_ID_PLUGIN_ENABLEMENT] is enabled
ERROR: logging before google.Init: I0831 01:12:53.119501     169 manager.go:100] Migration [MIGRATION_ID_PLUGIN_ENABLEMENT] already has status MIGRATION_STATUS_COMPLETED, skipping
ERROR: logging before google.Init: I0831 01:12:53.119505     169 manager.go:91] Migration [MIGRATION_ID_BUILTIN_SIDECARS_TO_PLUGINS] is enabled
ERROR: logging before google.Init: I0831 01:12:53.119511     169 manager.go:100] Migration [MIGRATION_ID_BUILTIN_SIDECARS_TO_PLUGINS] already has status MIGRATION_STATUS_COMPLETED, skipping
ERROR: logging before google.Init: I0831 01:12:53.122973      62 server.go:2853] Auth succeeded, refreshing features and managers
ERROR: logging before google.Init: E0831 01:12:53.123015      62 errorreport.go:223] Failed to poll ListExperiments: error getting token source: You are not logged into Antigravity.
ERROR: logging before google.Init: I0831 01:12:53.123045      62 server.go:2859] State refresh took 0ms
ERROR: logging before google.Init: I0831 01:12:53.123059      62 server.go:2873] [RemoteControl] Subscription callback triggered.
ERROR: logging before google.Init: I0831 01:12:53.123063      62 server.go:2875] [RemoteControl] RemoteControlEnabled value: false
ERROR: logging before google.Init: I0831 01:12:53.123066      62 server.go:3368] [RemoteControl] CLI launched without --remote-control, staying disconnected
ERROR: logging before google.Init: I0831 01:12:53.123069      62 server.go:3186] [RemoteControl] Resolved proxyServerURL: ""
ERROR: logging before google.Init: I0831 01:12:53.123079      62 profiler.go:231] Continuous pprof profiling is disabled.
ERROR: logging before google.Init: I0831 01:12:53.123187     172 manager.go:88] Migration [MIGRATION_ID_SIDECAR_USER_CONFIG_BYPASS] is disabled, skipping entirely
ERROR: logging before google.Init: I0831 01:12:53.123218     172 manager.go:91] Migration [MIGRATION_ID_SANITY_CHECK_PROJECT_URIS] is enabled
ERROR: logging before google.Init: I0831 01:12:53.123236     172 manager.go:100] Migration [MIGRATION_ID_SANITY_CHECK_PROJECT_URIS] already has status MIGRATION_STATUS_COMPLETED, skipping
ERROR: logging before google.Init: I0831 01:12:53.123244     172 manager.go:91] Migration [MIGRATION_ID_PLUGIN_ENABLEMENT] is enabled
ERROR: logging before google.Init: I0831 01:12:53.123228      62 server.go:2381] initialized server successfully in 227.741122ms
ERROR: logging before google.Init: I0831 01:12:53.123252     172 manager.go:100] Migration [MIGRATION_ID_PLUGIN_ENABLEMENT] already has status MIGRATION_STATUS_COMPLETED, skipping
ERROR: logging before google.Init: I0831 01:12:53.123260     172 manager.go:91] Migration [MIGRATION_ID_BUILTIN_SIDECARS_TO_PLUGINS] is enabled
ERROR: logging before google.Init: I0831 01:12:53.123268     172 manager.go:100] Migration [MIGRATION_ID_BUILTIN_SIDECARS_TO_PLUGINS] already has status MIGRATION_STATUS_COMPLETED, skipping
ERROR: logging before google.Init: W0831 01:12:53.123379     175 cache.go:56] Cache(loadCodeAssistResponse): Singleflight refresh failed: error getting token source: You are not logged into Antigravity.
ERROR: logging before google.Init: E0831 01:12:53.123415     175 errorreport.go:223] error getting token source: You are not logged into Antigravity.
ERROR: logging before google.Init: W0831 01:12:53.123491     175 cache.go:56] Cache(userInfo): Singleflight refresh failed: failed to get load code assist response: error getting token source: You are not logged into Antigravity.
ERROR: logging before google.Init: E0831 01:12:53.123508     175 errorreport.go:223] failed to get load code assist response: error getting token source: You are not logged into Antigravity.
ERROR: logging before google.Init: W0831 01:12:53.124815       1 auto_updater.go:245] Directory /usr/bin is not fully accessible (readable: true, writable: false), skipping update
ERROR: logging before google.Init: I0831 01:12:53.124924       1 common.go:150] Launching CLI mode
ERROR: logging before google.Init: E0831 01:12:53.124937       1 launchsteps.go:84] Failed to resolve GeminiDir ".gemini": .gemini must be an absolute path: path is not absolute, falling back to default
ERROR: logging before google.Init: E0831 01:12:53.125854       1 errorreport.go:223] Failed to save trajectory for workspace file:///home/dd/projects/gsd-beads: open /home/dd/.gemini/antigravity-cli/implicit/e25675c4-d7ab-4f3c-bfb9-aab0c676d54d.783e949e-9fed-4ddf-b50e-05c9381f20fc.tmp: read-only file system
ERROR: logging before google.Init: I0831 01:12:53.125889       1 common.go:172] CLI app data directory: /home/dd/.gemini/antigravity-cli
ERROR: logging before google.Init: I0831 01:12:53.125897       1 server.go:285] Creating CLI server backend: product=antigravity workspaceDirs=[/home/dd/projects/gsd-beads /home/dd/projects/gsd-beads] appDataDir=/home/dd/.gemini/antigravity-cli cascadeManager=true codeAssist=true
ERROR: logging before google.Init: I0831 01:12:53.125975       1 auth_provider.go:735] [AuthProvider] SetEnableBusinessLogin called with enable: true
ERROR: logging before google.Init: W0831 01:12:53.126030     182 cache.go:56] Cache(loadCodeAssistResponse): Singleflight refresh failed: error getting token source: You are not logged into Antigravity.
ERROR: logging before google.Init: E0831 01:12:53.126058     182 errorreport.go:223] error getting token source: You are not logged into Antigravity.
ERROR: logging before google.Init: W0831 01:12:53.126110     182 cache.go:56] Cache(userInfo): Singleflight refresh failed: failed to get load code assist response: error getting token source: You are not logged into Antigravity.
ERROR: logging before google.Init: E0831 01:12:53.126127     182 errorreport.go:223] failed to get load code assist response: error getting token source: You are not logged into Antigravity.
ERROR: logging before google.Init: E0831 01:12:53.126471       1 summary_store.go:182] summary store open failed (corrupt_on_open), recreating: summary_store: open db: unable to open database file: no such file or directory
ERROR: logging before google.Init: E0831 01:12:53.126575       1 summary_store.go:187] summary store recreate failed: summary_store: open db: unable to open database file: no such file or directory
ERROR: logging before google.Init: W0831 01:12:53.126675     197 cache.go:56] Cache(loadCodeAssistResponse): Singleflight refresh failed: error getting token source: You are not logged into Antigravity.
ERROR: logging before google.Init: E0831 01:12:53.126700     197 errorreport.go:223] error getting token source: You are not logged into Antigravity.
ERROR: logging before google.Init: W0831 01:12:53.126749     197 cache.go:56] Cache(userInfo): Singleflight refresh failed: failed to get load code assist response: error getting token source: You are not logged into Antigravity.
ERROR: logging before google.Init: E0831 01:12:53.126764     197 errorreport.go:223] failed to get load code assist response: error getting token source: You are not logged into Antigravity.
ERROR: logging before google.Init: W0831 01:12:53.126804     197 cache.go:56] Cache(loadCodeAssistResponse): Singleflight refresh failed: error getting token source: You are not logged into Antigravity.
ERROR: logging before google.Init: E0831 01:12:53.126820     197 errorreport.go:223] error getting token source: You are not logged into Antigravity.
ERROR: logging before google.Init: W0831 01:12:53.126855     197 cache.go:56] Cache(userInfo): Singleflight refresh failed: failed to get load code assist response: error getting token source: You are not logged into Antigravity.
ERROR: logging before google.Init: E0831 01:12:53.126868     197 errorreport.go:223] failed to get load code assist response: error getting token source: You are not logged into Antigravity.
ERROR: logging before google.Init: I0831 01:12:53.127005       1 server.go:1911] Backend project ID updated dynamically to: default-cli-project
ERROR: logging before google.Init: I0831 01:12:53.127026       1 analytics.go:176] CLI startup completed (took 232.565153ms)
ERROR: logging before google.Init: I0831 01:12:53.127040       1 printmode.go:173] Print mode: starting (promptLength=549, model="", conversationID="")
ERROR: logging before google.Init: I0831 01:12:53.127050       1 manager.go:398] Initializing CLI store manager for workspace /home/dd/projects/gsd-beads
ERROR: logging before google.Init: W0831 01:12:53.127148     197 cache.go:56] Cache(loadCodeAssistResponse): Singleflight refresh failed: error getting token source: You are not logged into Antigravity.
ERROR: logging before google.Init: E0831 01:12:53.127174     197 errorreport.go:223] error getting token source: You are not logged into Antigravity.
ERROR: logging before google.Init: W0831 01:12:53.127229     197 cache.go:56] Cache(userInfo): Singleflight refresh failed: failed to get load code assist response: error getting token source: You are not logged into Antigravity.
ERROR: logging before google.Init: E0831 01:12:53.127242     197 errorreport.go:223] failed to get load code assist response: error getting token source: You are not logged into Antigravity.
ERROR: logging before google.Init: W0831 01:12:53.127302     197 cache.go:56] Cache(loadCodeAssistResponse): Singleflight refresh failed: error getting token source: You are not logged into Antigravity.
ERROR: logging before google.Init: E0831 01:12:53.127318     197 errorreport.go:223] error getting token source: You are not logged into Antigravity.
ERROR: logging before google.Init: W0831 01:12:53.127345     197 cache.go:56] Cache(userInfo): Singleflight refresh failed: failed to get load code assist response: error getting token source: You are not logged into Antigravity.
ERROR: logging before google.Init: E0831 01:12:53.127357     197 errorreport.go:223] failed to get load code assist response: error getting token source: You are not logged into Antigravity.
ERROR: logging before google.Init: I0831 01:12:53.127380       1 cli_setting_manager.go:156] applyUserSettings: no shared config permissions from /home/dd/.gemini/config/config.json
ERROR: logging before google.Init: I0831 01:12:53.127397       1 cli_setting_manager.go:922] Skipping telemetry propagation because user is not logged in
ERROR: logging before google.Init: I0831 01:12:53.127402       1 cli_setting_manager.go:92] CLI settings initialized: permissions=&{Allow:[command(git log -n 5 --oneline) mcp(lean-ctx/ctx_tree) mcp(lean-ctx/ctx_shell) mcp(lean-ctx/ctx_read) mcp(lean-ctx/ctx_glob) mcp(lean-ctx/ctx_expand) mcp(lean-ctx/ctx_search)] Deny:[] Ask:[]}, toolPermission=always-proceed
ERROR: logging before google.Init: W0831 01:12:53.127421      49 cache.go:56] Cache(loadCodeAssistResponse): Singleflight refresh failed: error getting token source: You are not logged into Antigravity.
ERROR: logging before google.Init: E0831 01:12:53.127449      49 errorreport.go:223] error getting token source: You are not logged into Antigravity.
ERROR: logging before google.Init: W0831 01:12:53.127502      49 cache.go:56] Cache(userInfo): Singleflight refresh failed: failed to get load code assist response: error getting token source: You are not logged into Antigravity.
ERROR: logging before google.Init: E0831 01:12:53.127518      49 errorreport.go:223] failed to get load code assist response: error getting token source: You are not logged into Antigravity.
ERROR: logging before google.Init: I0831 01:12:53.127713       1 hooks_manager.go:53] loaded 0 named hooks from 0 hooks.json file(s)
ERROR: logging before google.Init: I0831 01:12:53.127731       1 manager.go:571] CLI store manager initialized successfully
ERROR: logging before google.Init: I0831 01:12:53.127751       1 printmode.go:364] Print mode: not authenticated, trying silent auth
ERROR: logging before google.Init: W0831 01:12:53.128050     234 composite_token_storage.go:278] Failed to load token from keyring, falling back to file: The name is not activatable
ERROR: logging before google.Init: W0831 01:12:53.128236     197 cache.go:56] Cache(loadCodeAssistResponse): Singleflight refresh failed: error getting token source: You are not logged into Antigravity.
ERROR: logging before google.Init: E0831 01:12:53.128338     197 errorreport.go:223] error getting token source: You are not logged into Antigravity.
ERROR: logging before google.Init: W0831 01:12:53.128420     197 cache.go:56] Cache(userInfo): Singleflight refresh failed: failed to get load code assist response: error getting token source: You are not logged into Antigravity.
ERROR: logging before google.Init: E0831 01:12:53.128452     197 errorreport.go:223] failed to get load code assist response: error getting token source: You are not logged into Antigravity.
ERROR: logging before google.Init: W0831 01:12:53.128844     234 composite_token_storage.go:415] Failed to load stored token from keyring, falling back to file: The name is not activatable
ERROR: logging before google.Init: I0831 01:12:53.128902     234 keyring.go:81] keyringAuth: loaded token, expiry=2026-08-30 22:51:49.005190208 +0200 CEST expired=true
ERROR: logging before google.Init: W0831 01:12:53.129120     197 cache.go:56] Cache(loadCodeAssistResponse): Singleflight refresh failed: error getting token source: You are not logged into Antigravity.
ERROR: logging before google.Init: E0831 01:12:53.129161     197 errorreport.go:223] error getting token source: You are not logged into Antigravity.
ERROR: logging before google.Init: W0831 01:12:53.129230     197 cache.go:56] Cache(userInfo): Singleflight refresh failed: failed to get load code assist response: error getting token source: You are not logged into Antigravity.
ERROR: logging before google.Init: E0831 01:12:53.129258     197 errorreport.go:223] failed to get load code assist response: error getting token source: You are not logged into Antigravity.
ERROR: logging before google.Init: E0831 01:12:53.136489     181 repo.go:368] failed to create patch for untracked file .scratch/phase19-review-zpWgwb/node-compile-cache/v24.16.0-x64-a638cdcf-1000/00fc5144: bytes are not valid utf8
ERROR: logging before google.Init: E0831 01:12:53.136518     181 repo.go:368] failed to create patch for untracked file .scratch/phase19-review-zpWgwb/node-compile-cache/v24.16.0-x64-a638cdcf-1000/017b86c0: bytes are not valid utf8
ERROR: logging before google.Init: E0831 01:12:53.136534     181 repo.go:368] failed to create patch for untracked file .scratch/phase19-review-zpWgwb/node-compile-cache/v24.16.0-x64-a638cdcf-1000/064e5436: bytes are not valid utf8
ERROR: logging before google.Init: E0831 01:12:53.136549     181 repo.go:368] failed to create patch for untracked file .scratch/phase19-review-zpWgwb/node-compile-cache/v24.16.0-x64-a638cdcf-1000/076405bf: bytes are not valid utf8
ERROR: logging before google.Init: E0831 01:12:53.136564     181 repo.go:368] failed to create patch for untracked file .scratch/phase19-review-zpWgwb/node-compile-cache/v24.16.0-x64-a638cdcf-1000/0a971687: bytes are not valid utf8
ERROR: logging before google.Init: E0831 01:12:53.136578     181 repo.go:368] failed to create patch for untracked file .scratch/phase19-review-zpWgwb/node-compile-cache/v24.16.0-x64-a638cdcf-1000/0c0f5984: bytes are not valid utf8
ERROR: logging before google.Init: E0831 01:12:53.136594     181 repo.go:368] failed to create patch for untracked file .scratch/phase19-review-zpWgwb/node-compile-cache/v24.16.0-x64-a638cdcf-1000/0c14c7a2: bytes are not valid utf8
ERROR: logging before google.Init: E0831 01:12:53.136613     181 repo.go:368] failed to create patch for untracked file .scratch/phase19-review-zpWgwb/node-compile-cache/v24.16.0-x64-a638cdcf-1000/0ca85b04: bytes are not valid utf8
ERROR: logging before google.Init: E0831 01:12:53.136626     181 repo.go:368] failed to create patch for untracked file .scratch/phase19-review-zpWgwb/node-compile-cache/v24.16.0-x64-a638cdcf-1000/0ce2c7f6: bytes are not valid utf8
ERROR: logging before google.Init: E0831 01:12:53.136642     181 repo.go:368] failed to create patch for untracked file .scratch/phase19-review-zpWgwb/node-compile-cache/v24.16.0-x64-a638cdcf-1000/0de54489: bytes are not valid utf8
ERROR: logging before google.Init: E0831 01:12:53.136656     181 repo.go:368] failed to create patch for untracked file .scratch/phase19-review-zpWgwb/node-compile-cache/v24.16.0-x64-a638cdcf-1000/0eb5f9b3: bytes are not valid utf8
ERROR: logging before google.Init: E0831 01:12:53.136670     181 repo.go:368] failed to create patch for untracked file .scratch/phase19-review-zpWgwb/node-compile-cache/v24.16.0-x64-a638cdcf-1000/0f6a75d0: bytes are not valid utf8
ERROR: logging before google.Init: E0831 01:12:53.136686     181 repo.go:368] failed to create patch for untracked file .scratch/phase19-review-zpWgwb/node-compile-cache/v24.16.0-x64-a638cdcf-1000/11aecf42: bytes are not valid utf8
ERROR: logging before google.Init: E0831 01:12:53.136699     181 repo.go:368] failed to create patch for untracked file .scratch/phase19-review-zpWgwb/node-compile-cache/v24.16.0-x64-a638cdcf-1000/13412e09: bytes are not valid utf8
ERROR: logging before google.Init: E0831 01:12:53.136712     181 repo.go:368] failed to create patch for untracked file .scratch/phase19-review-zpWgwb/node-compile-cache/v24.16.0-x64-a638cdcf-1000/14411895: bytes are not valid utf8
ERROR: logging before google.Init: E0831 01:12:53.136731     181 repo.go:368] failed to create patch for untracked file .scratch/phase19-review-zpWgwb/node-compile-cache/v24.16.0-x64-a638cdcf-1000/1ca84db5: bytes are not valid utf8
ERROR: logging before google.Init: E0831 01:12:53.136745     181 repo.go:368] failed to create patch for untracked file .scratch/phase19-review-zpWgwb/node-compile-cache/v24.16.0-x64-a638cdcf-1000/1e49bfcd: bytes are not valid utf8
ERROR: logging before google.Init: E0831 01:12:53.136760     181 repo.go:368] failed to create patch for untracked file .scratch/phase19-review-zpWgwb/node-compile-cache/v24.16.0-x64-a638cdcf-1000/22171201: bytes are not valid utf8
ERROR: logging before google.Init: E0831 01:12:53.136772     181 repo.go:368] failed to create patch for untracked file .scratch/phase19-review-zpWgwb/node-compile-cache/v24.16.0-x64-a638cdcf-1000/222c146e: bytes are not valid utf8
ERROR: logging before google.Init: E0831 01:12:53.136786     181 repo.go:368] failed to create patch for untracked file .scratch/phase19-review-zpWgwb/node-compile-cache/v24.16.0-x64-a638cdcf-1000/238cf301: bytes are not valid utf8
ERROR: logging before google.Init: E0831 01:12:53.136806     181 repo.go:368] failed to create patch for untracked file .scratch/phase19-review-zpWgwb/node-compile-cache/v24.16.0-x64-a638cdcf-1000/277d5dc6: bytes are not valid utf8
ERROR: logging before google.Init: E0831 01:12:53.136820     181 repo.go:368] failed to create patch for untracked file .scratch/phase19-review-zpWgwb/node-compile-cache/v24.16.0-x64-a638cdcf-1000/292f23aa: bytes are not valid utf8
ERROR: logging before google.Init: E0831 01:12:53.136834     181 repo.go:368] failed to create patch for untracked file .scratch/phase19-review-zpWgwb/node-compile-cache/v24.16.0-x64-a638cdcf-1000/29ed169d: bytes are not valid utf8
ERROR: logging before google.Init: E0831 01:12:53.136847     181 repo.go:368] failed to create patch for untracked file .scratch/phase19-review-zpWgwb/node-compile-cache/v24.16.0-x64-a638cdcf-1000/2aae7ec2: bytes are not valid utf8
ERROR: logging before google.Init: E0831 01:12:53.136861     181 repo.go:368] failed to create patch for untracked file .scratch/phase19-review-zpWgwb/node-compile-cache/v24.16.0-x64-a638cdcf-1000/2c91a167: bytes are not valid utf8
ERROR: logging before google.Init: E0831 01:12:53.136880     181 repo.go:368] failed to create patch for untracked file .scratch/phase19-review-zpWgwb/node-compile-cache/v24.16.0-x64-a638cdcf-1000/2cbc9b87: bytes are not valid utf8
ERROR: logging before google.Init: E0831 01:12:53.136894     181 repo.go:368] failed to create patch for untracked file .scratch/phase19-review-zpWgwb/node-compile-cache/v24.16.0-x64-a638cdcf-1000/2cf8bc03: bytes are not valid utf8
ERROR: logging before google.Init: E0831 01:12:53.136909     181 repo.go:368] failed to create patch for untracked file .scratch/phase19-review-zpWgwb/node-compile-cache/v24.16.0-x64-a638cdcf-1000/2d6540a8: bytes are not valid utf8
ERROR: logging before google.Init: E0831 01:12:53.136924     181 repo.go:368] failed to create patch for untracked file .scratch/phase19-review-zpWgwb/node-compile-cache/v24.16.0-x64-a638cdcf-1000/2d94b111: bytes are not valid utf8
ERROR: logging before google.Init: E0831 01:12:53.136937     181 repo.go:368] failed to create patch for untracked file .scratch/phase19-review-zpWgwb/node-compile-cache/v24.16.0-x64-a638cdcf-1000/2dd4ab2f: bytes are not valid utf8
ERROR: logging before google.Init: E0831 01:12:53.136955     181 repo.go:368] failed to create patch for untracked file .scratch/phase19-review-zpWgwb/node-compile-cache/v24.16.0-x64-a638cdcf-1000/33d4ac4e: bytes are not valid utf8
ERROR: logging before google.Init: E0831 01:12:53.136967     181 repo.go:368] failed to create patch for untracked file .scratch/phase19-review-zpWgwb/node-compile-cache/v24.16.0-x64-a638cdcf-1000/3474ca68: bytes are not valid utf8
ERROR: logging before google.Init: E0831 01:12:53.136980     181 repo.go:368] failed to create patch for untracked file .scratch/phase19-review-zpWgwb/node-compile-cache/v24.16.0-x64-a638cdcf-1000/34a8d599: bytes are not valid utf8
ERROR: logging before google.Init: E0831 01:12:53.136991     181 repo.go:368] failed to create patch for untracked file .scratch/phase19-review-zpWgwb/node-compile-cache/v24.16.0-x64-a638cdcf-1000/363b480f: bytes are not valid utf8
ERROR: logging before google.Init: E0831 01:12:53.137004     181 repo.go:368] failed to create patch for untracked file .scratch/phase19-review-zpWgwb/node-compile-cache/v24.16.0-x64-a638cdcf-1000/380e1b95: bytes are not valid utf8
ERROR: logging before google.Init: E0831 01:12:53.137015     181 repo.go:368] failed to create patch for untracked file .scratch/phase19-review-zpWgwb/node-compile-cache/v24.16.0-x64-a638cdcf-1000/397648b4: bytes are not valid utf8
ERROR: logging before google.Init: E0831 01:12:53.137023     181 repo.go:368] failed to create patch for untracked file .scratch/phase19-review-zpWgwb/node-compile-cache/v24.16.0-x64-a638cdcf-1000/3a6b73bf: bytes are not valid utf8
ERROR: logging before google.Init: E0831 01:12:53.137036     181 repo.go:368] failed to create patch for untracked file .scratch/phase19-review-zpWgwb/node-compile-cache/v24.16.0-x64-a638cdcf-1000/3ba47f8e: bytes are not valid utf8
ERROR: logging before google.Init: E0831 01:12:53.137052     181 repo.go:368] failed to create patch for untracked file .scratch/phase19-review-zpWgwb/node-compile-cache/v24.16.0-x64-a638cdcf-1000/3c56c2a7: bytes are not valid utf8
ERROR: logging before google.Init: E0831 01:12:53.137065     181 repo.go:368] failed to create patch for untracked file .scratch/phase19-review-zpWgwb/node-compile-cache/v24.16.0-x64-a638cdcf-1000/3f4e1002: bytes are not valid utf8
ERROR: logging before google.Init: E0831 01:12:53.137078     181 repo.go:368] failed to create patch for untracked file .scratch/phase19-review-zpWgwb/node-compile-cache/v24.16.0-x64-a638cdcf-1000/42203806: bytes are not valid utf8
ERROR: logging before google.Init: E0831 01:12:53.137092     181 repo.go:368] failed to create patch for untracked file .scratch/phase19-review-zpWgwb/node-compile-cache/v24.16.0-x64-a638cdcf-1000/443bec60: bytes are not valid utf8
ERROR: logging before google.Init: E0831 01:12:53.137106     181 repo.go:368] failed to create patch for untracked file .scratch/phase19-review-zpWgwb/node-compile-cache/v24.16.0-x64-a638cdcf-1000/4502b13f: bytes are not valid utf8
ERROR: logging before google.Init: E0831 01:12:53.137119     181 repo.go:368] failed to create patch for untracked file .scratch/phase19-review-zpWgwb/node-compile-cache/v24.16.0-x64-a638cdcf-1000/4712a260: bytes are not valid utf8
ERROR: logging before google.Init: E0831 01:12:53.137132     181 repo.go:368] failed to create patch for untracked file .scratch/phase19-review-zpWgwb/node-compile-cache/v24.16.0-x64-a638cdcf-1000/4975c255: bytes are not valid utf8
ERROR: logging before google.Init: E0831 01:12:53.137146     181 repo.go:368] failed to create patch for untracked file .scratch/phase19-review-zpWgwb/node-compile-cache/v24.16.0-x64-a638cdcf-1000/4bcda8d0: bytes are not valid utf8
ERROR: logging before google.Init: E0831 01:12:53.137159     181 repo.go:368] failed to create patch for untracked file .scratch/phase19-review-zpWgwb/node-compile-cache/v24.16.0-x64-a638cdcf-1000/4e617775: bytes are not valid utf8
ERROR: logging before google.Init: E0831 01:12:53.137173     181 repo.go:368] failed to create patch for untracked file .scratch/phase19-review-zpWgwb/node-compile-cache/v24.16.0-x64-a638cdcf-1000/5051f114: bytes are not valid utf8
ERROR: logging before google.Init: E0831 01:12:53.137186     181 repo.go:368] failed to create patch for untracked file .scratch/phase19-review-zpWgwb/node-compile-cache/v24.16.0-x64-a638cdcf-1000/5208bc92: bytes are not valid utf8
ERROR: logging before google.Init: E0831 01:12:53.137199     181 repo.go:368] failed to create patch for untracked file .scratch/phase19-review-zpWgwb/node-compile-cache/v24.16.0-x64-a638cdcf-1000/539528b4: bytes are not valid utf8
ERROR: logging before google.Init: E0831 01:12:53.137213     181 repo.go:368] failed to create patch for untracked file .scratch/phase19-review-zpWgwb/node-compile-cache/v24.16.0-x64-a638cdcf-1000/5422b955: bytes are not valid utf8
ERROR: logging before google.Init: E0831 01:12:53.137227     181 repo.go:368] failed to create patch for untracked file .scratch/phase19-review-zpWgwb/node-compile-cache/v24.16.0-x64-a638cdcf-1000/54adc9b2: bytes are not valid utf8
ERROR: logging before google.Init: E0831 01:12:53.137241     181 repo.go:368] failed to create patch for untracked file .scratch/phase19-review-zpWgwb/node-compile-cache/v24.16.0-x64-a638cdcf-1000/576f1f16: bytes are not valid utf8
ERROR: logging before google.Init: E0831 01:12:53.137253     181 repo.go:368] failed to create patch for untracked file .scratch/phase19-review-zpWgwb/node-compile-cache/v24.16.0-x64-a638cdcf-1000/5d258ddb: bytes are not valid utf8
ERROR: logging before google.Init: E0831 01:12:53.137268     181 repo.go:368] failed to create patch for untracked file .scratch/phase19-review-zpWgwb/node-compile-cache/v24.16.0-x64-a638cdcf-1000/62841b55: bytes are not valid utf8
ERROR: logging before google.Init: E0831 01:12:53.137280     181 repo.go:368] failed to create patch for untracked file .scratch/phase19-review-zpWgwb/node-compile-cache/v24.16.0-x64-a638cdcf-1000/63acd7c5: bytes are not valid utf8
ERROR: logging before google.Init: E0831 01:12:53.137294     181 repo.go:368] failed to create patch for untracked file .scratch/phase19-review-zpWgwb/node-compile-cache/v24.16.0-x64-a638cdcf-1000/661d029e: bytes are not valid utf8
ERROR: logging before google.Init: E0831 01:12:53.137306     181 repo.go:368] failed to create patch for untracked file .scratch/phase19-review-zpWgwb/node-compile-cache/v24.16.0-x64-a638cdcf-1000/676d76ec: bytes are not valid utf8
ERROR: logging before google.Init: E0831 01:12:53.137320     181 repo.go:368] failed to create patch for untracked file .scratch/phase19-review-zpWgwb/node-compile-cache/v24.16.0-x64-a638cdcf-1000/68045d8a: bytes are not valid utf8
ERROR: logging before google.Init: E0831 01:12:53.137333     181 repo.go:368] failed to create patch for untracked file .scratch/phase19-review-zpWgwb/node-compile-cache/v24.16.0-x64-a638cdcf-1000/6a195e46: bytes are not valid utf8
ERROR: logging before google.Init: E0831 01:12:53.137349     181 repo.go:368] failed to create patch for untracked file .scratch/phase19-review-zpWgwb/node-compile-cache/v24.16.0-x64-a638cdcf-1000/6c0f1701: bytes are not valid utf8
ERROR: logging before google.Init: E0831 01:12:53.137362     181 repo.go:368] failed to create patch for untracked file .scratch/phase19-review-zpWgwb/node-compile-cache/v24.16.0-x64-a638cdcf-1000/6c36f986: bytes are not valid utf8
ERROR: logging before google.Init: E0831 01:12:53.137377     181 repo.go:368] failed to create patch for untracked file .scratch/phase19-review-zpWgwb/node-compile-cache/v24.16.0-x64-a638cdcf-1000/6c9cb4e6: bytes are not valid utf8
ERROR: logging before google.Init: E0831 01:12:53.137392     181 repo.go:368] failed to create patch for untracked file .scratch/phase19-review-zpWgwb/node-compile-cache/v24.16.0-x64-a638cdcf-1000/6cb2fccc: bytes are not valid utf8
ERROR: logging before google.Init: E0831 01:12:53.137404     181 repo.go:368] failed to create patch for untracked file .scratch/phase19-review-zpWgwb/node-compile-cache/v24.16.0-x64-a638cdcf-1000/6d09090e: bytes are not valid utf8
ERROR: logging before google.Init: E0831 01:12:53.137417     181 repo.go:368] failed to create patch for untracked file .scratch/phase19-review-zpWgwb/node-compile-cache/v24.16.0-x64-a638cdcf-1000/6f0997d4: bytes are not valid utf8
ERROR: logging before google.Init: E0831 01:12:53.137430     181 repo.go:368] failed to create patch for untracked file .scratch/phase19-review-zpWgwb/node-compile-cache/v24.16.0-x64-a638cdcf-1000/722853d4: bytes are not valid utf8
ERROR: logging before google.Init: E0831 01:12:53.137442     181 repo.go:368] failed to create patch for untracked file .scratch/phase19-review-zpWgwb/node-compile-cache/v24.16.0-x64-a638cdcf-1000/74dbfc65: bytes are not valid utf8
ERROR: logging before google.Init: E0831 01:12:53.137458     181 repo.go:368] failed to create patch for untracked file .scratch/phase19-review-zpWgwb/node-compile-cache/v24.16.0-x64-a638cdcf-1000/74faeac6: bytes are not valid utf8
ERROR: logging before google.Init: E0831 01:12:53.137471     181 repo.go:368] failed to create patch for untracked file .scratch/phase19-review-zpWgwb/node-compile-cache/v24.16.0-x64-a638cdcf-1000/755eaac8: bytes are not valid utf8
ERROR: logging before google.Init: E0831 01:12:53.137485     181 repo.go:368] failed to create patch for untracked file .scratch/phase19-review-zpWgwb/node-compile-cache/v24.16.0-x64-a638cdcf-1000/78960ff3: bytes are not valid utf8
ERROR: logging before google.Init: E0831 01:12:53.137498     181 repo.go:368] failed to create patch for untracked file .scratch/phase19-review-zpWgwb/node-compile-cache/v24.16.0-x64-a638cdcf-1000/7d12cc21: bytes are not valid utf8
ERROR: logging before google.Init: E0831 01:12:53.137511     181 repo.go:368] failed to create patch for untracked file .scratch/phase19-review-zpWgwb/node-compile-cache/v24.16.0-x64-a638cdcf-1000/7d3095bd: bytes are not valid utf8
ERROR: logging before google.Init: E0831 01:12:53.137526     181 repo.go:368] failed to create patch for untracked file .scratch/phase19-review-zpWgwb/node-compile-cache/v24.16.0-x64-a638cdcf-1000/7ee4b63c: bytes are not valid utf8
ERROR: logging before google.Init: E0831 01:12:53.137540     181 repo.go:368] failed to create patch for untracked file .scratch/phase19-review-zpWgwb/node-compile-cache/v24.16.0-x64-a638cdcf-1000/7fd960fb: bytes are not valid utf8
ERROR: logging before google.Init: E0831 01:12:53.137556     181 repo.go:368] failed to create patch for untracked file .scratch/phase19-review-zpWgwb/node-compile-cache/v24.16.0-x64-a638cdcf-1000/81c4f277: bytes are not valid utf8
ERROR: logging before google.Init: E0831 01:12:53.137569     181 repo.go:368] failed to create patch for untracked file .scratch/phase19-review-zpWgwb/node-compile-cache/v24.16.0-x64-a638cdcf-1000/83698a21: bytes are not valid utf8
ERROR: logging before google.Init: E0831 01:12:53.137583     181 repo.go:368] failed to create patch for untracked file .scratch/phase19-review-zpWgwb/node-compile-cache/v24.16.0-x64-a638cdcf-1000/837bc788: bytes are not valid utf8
ERROR: logging before google.Init: E0831 01:12:53.137598     181 repo.go:368] failed to create patch for untracked file .scratch/phase19-review-zpWgwb/node-compile-cache/v24.16.0-x64-a638cdcf-1000/83d055c3: bytes are not valid utf8
ERROR: logging before google.Init: E0831 01:12:53.137613     181 repo.go:368] failed to create patch for untracked file .scratch/phase19-review-zpWgwb/node-compile-cache/v24.16.0-x64-a638cdcf-1000/84131f46: bytes are not valid utf8
ERROR: logging before google.Init: E0831 01:12:53.137627     181 repo.go:368] failed to create patch for untracked file .scratch/phase19-review-zpWgwb/node-compile-cache/v24.16.0-x64-a638cdcf-1000/860b5550: bytes are not valid utf8
ERROR: logging before google.Init: E0831 01:12:53.137640     181 repo.go:368] failed to create patch for untracked file .scratch/phase19-review-zpWgwb/node-compile-cache/v24.16.0-x64-a638cdcf-1000/8627a850: bytes are not valid utf8
ERROR: logging before google.Init: E0831 01:12:53.137653     181 repo.go:368] failed to create patch for untracked file .scratch/phase19-review-zpWgwb/node-compile-cache/v24.16.0-x64-a638cdcf-1000/86de0780: bytes are not valid utf8
ERROR: logging before google.Init: E0831 01:12:53.137668     181 repo.go:368] failed to create patch for untracked file .scratch/phase19-review-zpWgwb/node-compile-cache/v24.16.0-x64-a638cdcf-1000/893e0d3c: bytes are not valid utf8
ERROR: logging before google.Init: E0831 01:12:53.137680     181 repo.go:368] failed to create patch for untracked file .scratch/phase19-review-zpWgwb/node-compile-cache/v24.16.0-x64-a638cdcf-1000/89fd058d: bytes are not valid utf8
ERROR: logging before google.Init: E0831 01:12:53.137693     181 repo.go:368] failed to create patch for untracked file .scratch/phase19-review-zpWgwb/node-compile-cache/v24.16.0-x64-a638cdcf-1000/8a1bdd9e: bytes are not valid utf8
ERROR: logging before google.Init: E0831 01:12:53.137707     181 repo.go:368] failed to create patch for untracked file .scratch/phase19-review-zpWgwb/node-compile-cache/v24.16.0-x64-a638cdcf-1000/8dd343d3: bytes are not valid utf8
ERROR: logging before google.Init: E0831 01:12:53.137721     181 repo.go:368] failed to create patch for untracked file .scratch/phase19-review-zpWgwb/node-compile-cache/v24.16.0-x64-a638cdcf-1000/901bb925: bytes are not valid utf8
ERROR: logging before google.Init: E0831 01:12:53.137745     181 repo.go:368] failed to create patch for untracked file .scratch/phase19-review-zpWgwb/node-compile-cache/v24.16.0-x64-a638cdcf-1000/90ae4f72: bytes are not valid utf8
ERROR: logging before google.Init: E0831 01:12:53.137760     181 repo.go:368] failed to create patch for untracked file .scratch/phase19-review-zpWgwb/node-compile-cache/v24.16.0-x64-a638cdcf-1000/91a9bb81: bytes are not valid utf8
ERROR: logging before google.Init: E0831 01:12:53.137785     181 repo.go:368] failed to create patch for untracked file .scratch/phase19-review-zpWgwb/node-compile-cache/v24.16.0-x64-a638cdcf-1000/93d995b9: bytes are not valid utf8
ERROR: logging before google.Init: E0831 01:12:53.137799     181 repo.go:368] failed to create patch for untracked file .scratch/phase19-review-zpWgwb/node-compile-cache/v24.16.0-x64-a638cdcf-1000/95449e74: bytes are not valid utf8
ERROR: logging before google.Init: E0831 01:12:53.137815     181 repo.go:368] failed to create patch for untracked file .scratch/phase19-review-zpWgwb/node-compile-cache/v24.16.0-x64-a638cdcf-1000/95811550: bytes are not valid utf8
ERROR: logging before google.Init: E0831 01:12:53.137828     181 repo.go:368] failed to create patch for untracked file .scratch/phase19-review-zpWgwb/node-compile-cache/v24.16.0-x64-a638cdcf-1000/97da49d8: bytes are not valid utf8
ERROR: logging before google.Init: E0831 01:12:53.137841     181 repo.go:368] failed to create patch for untracked file .scratch/phase19-review-zpWgwb/node-compile-cache/v24.16.0-x64-a638cdcf-1000/9b5e090b: bytes are not valid utf8
ERROR: logging before google.Init: E0831 01:12:53.137855     181 repo.go:368] failed to create patch for untracked file .scratch/phase19-review-zpWgwb/node-compile-cache/v24.16.0-x64-a638cdcf-1000/9ba6c605: bytes are not valid utf8
ERROR: logging before google.Init: E0831 01:12:53.137870     181 repo.go:368] failed to create patch for untracked file .scratch/phase19-review-zpWgwb/node-compile-cache/v24.16.0-x64-a638cdcf-1000/9d61ee7f: bytes are not valid utf8
ERROR: logging before google.Init: E0831 01:12:53.137885     181 repo.go:368] failed to create patch for untracked file .scratch/phase19-review-zpWgwb/node-compile-cache/v24.16.0-x64-a638cdcf-1000/a1785609: bytes are not valid utf8
ERROR: logging before google.Init: E0831 01:12:53.137899     181 repo.go:368] failed to create patch for untracked file .scratch/phase19-review-zpWgwb/node-compile-cache/v24.16.0-x64-a638cdcf-1000/a1f9532b: bytes are not valid utf8
ERROR: logging before google.Init: E0831 01:12:53.137915     181 repo.go:368] failed to create patch for untracked file .scratch/phase19-review-zpWgwb/node-compile-cache/v24.16.0-x64-a638cdcf-1000/a5a41807: bytes are not valid utf8
ERROR: logging before google.Init: E0831 01:12:53.137929     181 repo.go:368] failed to create patch for untracked file .scratch/phase19-review-zpWgwb/node-compile-cache/v24.16.0-x64-a638cdcf-1000/a64cacae: bytes are not valid utf8
ERROR: logging before google.Init: E0831 01:12:53.137943     181 repo.go:368] failed to create patch for untracked file .scratch/phase19-review-zpWgwb/node-compile-cache/v24.16.0-x64-a638cdcf-1000/a6651458: bytes are not valid utf8
ERROR: logging before google.Init: E0831 01:12:53.137956     181 repo.go:368] failed to create patch for untracked file .scratch/phase19-review-zpWgwb/node-compile-cache/v24.16.0-x64-a638cdcf-1000/a6718356: bytes are not valid utf8
ERROR: logging before google.Init: E0831 01:12:53.137976     181 repo.go:368] failed to create patch for untracked file .scratch/phase19-review-zpWgwb/node-compile-cache/v24.16.0-x64-a638cdcf-1000/a6edb7c5: bytes are not valid utf8
ERROR: logging before google.Init: E0831 01:12:53.137990     181 repo.go:368] failed to create patch for untracked file .scratch/phase19-review-zpWgwb/node-compile-cache/v24.16.0-x64-a638cdcf-1000/a7e2ed95: bytes are not valid utf8
ERROR: logging before google.Init: E0831 01:12:53.138005     181 repo.go:368] failed to create patch for untracked file .scratch/phase19-review-zpWgwb/node-compile-cache/v24.16.0-x64-a638cdcf-1000/aaed4771: bytes are not valid utf8
ERROR: logging before google.Init: E0831 01:12:53.138020     181 repo.go:368] failed to create patch for untracked file .scratch/phase19-review-zpWgwb/node-compile-cache/v24.16.0-x64-a638cdcf-1000/ac4e057d: bytes are not valid utf8
ERROR: logging before google.Init: E0831 01:12:53.138034     181 repo.go:368] failed to create patch for untracked file .scratch/phase19-review-zpWgwb/node-compile-cache/v24.16.0-x64-a638cdcf-1000/b0a8f3fa: bytes are not valid utf8
ERROR: logging before google.Init: E0831 01:12:53.138048     181 repo.go:368] failed to create patch for untracked file .scratch/phase19-review-zpWgwb/node-compile-cache/v24.16.0-x64-a638cdcf-1000/b1f1332f: bytes are not valid utf8
ERROR: logging before google.Init: E0831 01:12:53.138062     181 repo.go:368] failed to create patch for untracked file .scratch/phase19-review-zpWgwb/node-compile-cache/v24.16.0-x64-a638cdcf-1000/b74364b4: bytes are not valid utf8
ERROR: logging before google.Init: E0831 01:12:53.138076     181 repo.go:368] failed to create patch for untracked file .scratch/phase19-review-zpWgwb/node-compile-cache/v24.16.0-x64-a638cdcf-1000/b9fb34f7: bytes are not valid utf8
ERROR: logging before google.Init: E0831 01:12:53.138090     181 repo.go:368] failed to create patch for untracked file .scratch/phase19-review-zpWgwb/node-compile-cache/v24.16.0-x64-a638cdcf-1000/bbe1526b: bytes are not valid utf8
ERROR: logging before google.Init: E0831 01:12:53.138104     181 repo.go:368] failed to create patch for untracked file .scratch/phase19-review-zpWgwb/node-compile-cache/v24.16.0-x64-a638cdcf-1000/bc7ecf92: bytes are not valid utf8
ERROR: logging before google.Init: E0831 01:12:53.138119     181 repo.go:368] failed to create patch for untracked file .scratch/phase19-review-zpWgwb/node-compile-cache/v24.16.0-x64-a638cdcf-1000/bf3999b7: bytes are not valid utf8
ERROR: logging before google.Init: E0831 01:12:53.138133     181 repo.go:368] failed to create patch for untracked file .scratch/phase19-review-zpWgwb/node-compile-cache/v24.16.0-x64-a638cdcf-1000/c05fb63e: bytes are not valid utf8
ERROR: logging before google.Init: E0831 01:12:53.138147     181 repo.go:368] failed to create patch for untracked file .scratch/phase19-review-zpWgwb/node-compile-cache/v24.16.0-x64-a638cdcf-1000/c5becfe9: bytes are not valid utf8
ERROR: logging before google.Init: E0831 01:12:53.138162     181 repo.go:368] failed to create patch for untracked file .scratch/phase19-review-zpWgwb/node-compile-cache/v24.16.0-x64-a638cdcf-1000/c5c16ea1: bytes are not valid utf8
ERROR: logging before google.Init: E0831 01:12:53.138178     181 repo.go:368] failed to create patch for untracked file .scratch/phase19-review-zpWgwb/node-compile-cache/v24.16.0-x64-a638cdcf-1000/c6bce957: bytes are not valid utf8
ERROR: logging before google.Init: E0831 01:12:53.138194     181 repo.go:368] failed to create patch for untracked file .scratch/phase19-review-zpWgwb/node-compile-cache/v24.16.0-x64-a638cdcf-1000/c8867b50: bytes are not valid utf8
ERROR: logging before google.Init: E0831 01:12:53.138207     181 repo.go:368] failed to create patch for untracked file .scratch/phase19-review-zpWgwb/node-compile-cache/v24.16.0-x64-a638cdcf-1000/c8c713a4: bytes are not valid utf8
ERROR: logging before google.Init: E0831 01:12:53.138221     181 repo.go:368] failed to create patch for untracked file .scratch/phase19-review-zpWgwb/node-compile-cache/v24.16.0-x64-a638cdcf-1000/cac5da3e: bytes are not valid utf8
ERROR: logging before google.Init: E0831 01:12:53.138235     181 repo.go:368] failed to create patch for untracked file .scratch/phase19-review-zpWgwb/node-compile-cache/v24.16.0-x64-a638cdcf-1000/cbf13d29: bytes are not valid utf8
ERROR: logging before google.Init: E0831 01:12:53.138248     181 repo.go:368] failed to create patch for untracked file .scratch/phase19-review-zpWgwb/node-compile-cache/v24.16.0-x64-a638cdcf-1000/cf2a2d68: bytes are not valid utf8
ERROR: logging before google.Init: E0831 01:12:53.138265     181 repo.go:368] failed to create patch for untracked file .scratch/phase19-review-zpWgwb/node-compile-cache/v24.16.0-x64-a638cdcf-1000/cff33166: bytes are not valid utf8
ERROR: logging before google.Init: E0831 01:12:53.138279     181 repo.go:368] failed to create patch for untracked file .scratch/phase19-review-zpWgwb/node-compile-cache/v24.16.0-x64-a638cdcf-1000/d27ee1e2: bytes are not valid utf8
ERROR: logging before google.Init: E0831 01:12:53.138292     181 repo.go:368] failed to create patch for untracked file .scratch/phase19-review-zpWgwb/node-compile-cache/v24.16.0-x64-a638cdcf-1000/d538c6b2: bytes are not valid utf8
ERROR: logging before google.Init: E0831 01:12:53.138308     181 repo.go:368] failed to create patch for untracked file .scratch/phase19-review-zpWgwb/node-compile-cache/v24.16.0-x64-a638cdcf-1000/d85c22ca: bytes are not valid utf8
ERROR: logging before google.Init: E0831 01:12:53.138322     181 repo.go:368] failed to create patch for untracked file .scratch/phase19-review-zpWgwb/node-compile-cache/v24.16.0-x64-a638cdcf-1000/d87799cd: bytes are not valid utf8
ERROR: logging before google.Init: E0831 01:12:53.138337     181 repo.go:368] failed to create patch for untracked file .scratch/phase19-review-zpWgwb/node-compile-cache/v24.16.0-x64-a638cdcf-1000/d89efcb0: bytes are not valid utf8
ERROR: logging before google.Init: E0831 01:12:53.138350     181 repo.go:368] failed to create patch for untracked file .scratch/phase19-review-zpWgwb/node-compile-cache/v24.16.0-x64-a638cdcf-1000/db8b8880: bytes are not valid utf8
ERROR: logging before google.Init: E0831 01:12:53.138361     181 repo.go:368] failed to create patch for untracked file .scratch/phase19-review-zpWgwb/node-compile-cache/v24.16.0-x64-a638cdcf-1000/db9713a5: bytes are not valid utf8
ERROR: logging before google.Init: E0831 01:12:53.138373     181 repo.go:368] failed to create patch for untracked file .scratch/phase19-review-zpWgwb/node-compile-cache/v24.16.0-x64-a638cdcf-1000/dd463702: bytes are not valid utf8
ERROR: logging before google.Init: E0831 01:12:53.138388     181 repo.go:368] failed to create patch for untracked file .scratch/phase19-review-zpWgwb/node-compile-cache/v24.16.0-x64-a638cdcf-1000/dda3a17a: bytes are not valid utf8
ERROR: logging before google.Init: E0831 01:12:53.138399     181 repo.go:368] failed to create patch for untracked file .scratch/phase19-review-zpWgwb/node-compile-cache/v24.16.0-x64-a638cdcf-1000/de9f53d2: bytes are not valid utf8
ERROR: logging before google.Init: E0831 01:12:53.138411     181 repo.go:368] failed to create patch for untracked file .scratch/phase19-review-zpWgwb/node-compile-cache/v24.16.0-x64-a638cdcf-1000/deaa7412: bytes are not valid utf8
ERROR: logging before google.Init: E0831 01:12:53.138424     181 repo.go:368] failed to create patch for untracked file .scratch/phase19-review-zpWgwb/node-compile-cache/v24.16.0-x64-a638cdcf-1000/def1f75e: bytes are not valid utf8
ERROR: logging before google.Init: E0831 01:12:53.138440     181 repo.go:368] failed to create patch for untracked file .scratch/phase19-review-zpWgwb/node-compile-cache/v24.16.0-x64-a638cdcf-1000/dfb98784: bytes are not valid utf8
ERROR: logging before google.Init: E0831 01:12:53.138452     181 repo.go:368] failed to create patch for untracked file .scratch/phase19-review-zpWgwb/node-compile-cache/v24.16.0-x64-a638cdcf-1000/dfdf6ef6: bytes are not valid utf8
ERROR: logging before google.Init: E0831 01:12:53.138466     181 repo.go:368] failed to create patch for untracked file .scratch/phase19-review-zpWgwb/node-compile-cache/v24.16.0-x64-a638cdcf-1000/e02a7d71: bytes are not valid utf8
ERROR: logging before google.Init: E0831 01:12:53.138481     181 repo.go:368] failed to create patch for untracked file .scratch/phase19-review-zpWgwb/node-compile-cache/v24.16.0-x64-a638cdcf-1000/e1ccd941: bytes are not valid utf8
ERROR: logging before google.Init: E0831 01:12:53.138494     181 repo.go:368] failed to create patch for untracked file .scratch/phase19-review-zpWgwb/node-compile-cache/v24.16.0-x64-a638cdcf-1000/e570fabc: bytes are not valid utf8
ERROR: logging before google.Init: E0831 01:12:53.138507     181 repo.go:368] failed to create patch for untracked file .scratch/phase19-review-zpWgwb/node-compile-cache/v24.16.0-x64-a638cdcf-1000/e5ad9250: bytes are not valid utf8
ERROR: logging before google.Init: E0831 01:12:53.138520     181 repo.go:368] failed to create patch for untracked file .scratch/phase19-review-zpWgwb/node-compile-cache/v24.16.0-x64-a638cdcf-1000/e6cbf296: bytes are not valid utf8
ERROR: logging before google.Init: E0831 01:12:53.138532     181 repo.go:368] failed to create patch for untracked file .scratch/phase19-review-zpWgwb/node-compile-cache/v24.16.0-x64-a638cdcf-1000/e959fd7e: bytes are not valid utf8
ERROR: logging before google.Init: E0831 01:12:53.138546     181 repo.go:368] failed to create patch for untracked file .scratch/phase19-review-zpWgwb/node-compile-cache/v24.16.0-x64-a638cdcf-1000/ea09f9ff: bytes are not valid utf8
ERROR: logging before google.Init: E0831 01:12:53.138562     181 repo.go:368] failed to create patch for untracked file .scratch/phase19-review-zpWgwb/node-compile-cache/v24.16.0-x64-a638cdcf-1000/ead167e3: bytes are not valid utf8
ERROR: logging before google.Init: E0831 01:12:53.138579     181 repo.go:368] failed to create patch for untracked file .scratch/phase19-review-zpWgwb/node-compile-cache/v24.16.0-x64-a638cdcf-1000/eaf167fb: bytes are not valid utf8
ERROR: logging before google.Init: E0831 01:12:53.138594     181 repo.go:368] failed to create patch for untracked file .scratch/phase19-review-zpWgwb/node-compile-cache/v24.16.0-x64-a638cdcf-1000/ec7ebb51: bytes are not valid utf8
ERROR: logging before google.Init: E0831 01:12:53.138611     181 repo.go:368] failed to create patch for untracked file .scratch/phase19-review-zpWgwb/node-compile-cache/v24.16.0-x64-a638cdcf-1000/ef6862fc: bytes are not valid utf8
ERROR: logging before google.Init: E0831 01:12:53.138625     181 repo.go:368] failed to create patch for untracked file .scratch/phase19-review-zpWgwb/node-compile-cache/v24.16.0-x64-a638cdcf-1000/f01e6dc5: bytes are not valid utf8
ERROR: logging before google.Init: E0831 01:12:53.138645     181 repo.go:368] failed to create patch for untracked file .scratch/phase19-review-zpWgwb/node-compile-cache/v24.16.0-x64-a638cdcf-1000/f2b24614: bytes are not valid utf8
ERROR: logging before google.Init: E0831 01:12:53.138658     181 repo.go:368] failed to create patch for untracked file .scratch/phase19-review-zpWgwb/node-compile-cache/v24.16.0-x64-a638cdcf-1000/f4b02fc0: bytes are not valid utf8
ERROR: logging before google.Init: E0831 01:12:53.138673     181 repo.go:368] failed to create patch for untracked file .scratch/phase19-review-zpWgwb/node-compile-cache/v24.16.0-x64-a638cdcf-1000/f64ca16c: bytes are not valid utf8
ERROR: logging before google.Init: E0831 01:12:53.138687     181 repo.go:368] failed to create patch for untracked file .scratch/phase19-review-zpWgwb/node-compile-cache/v24.16.0-x64-a638cdcf-1000/f6d0afa9: bytes are not valid utf8
ERROR: logging before google.Init: E0831 01:12:53.138700     181 repo.go:368] failed to create patch for untracked file .scratch/phase19-review-zpWgwb/node-compile-cache/v24.16.0-x64-a638cdcf-1000/fc287fe5: bytes are not valid utf8
ERROR: logging before google.Init: E0831 01:12:53.138715     181 repo.go:368] failed to create patch for untracked file .scratch/phase19-review-zpWgwb/node-compile-cache/v24.16.0-x64-a638cdcf-1000/fd400afc: bytes are not valid utf8
ERROR: logging before google.Init: E0831 01:12:53.138728     181 repo.go:368] failed to create patch for untracked file .scratch/phase19-review-zpWgwb/node-compile-cache/v24.16.0-x64-a638cdcf-1000/fd73df1f: bytes are not valid utf8
ERROR: logging before google.Init: E0831 01:12:53.138741     181 repo.go:368] failed to create patch for untracked file .scratch/phase19-review-zpWgwb/node-compile-cache/v24.16.0-x64-a638cdcf-1000/fe851085: bytes are not valid utf8
ERROR: logging before google.Init: E0831 01:12:53.138753     181 repo.go:368] failed to create patch for untracked file .scratch/phase19-review-zpWgwb/node-compile-cache/v26.8.1-x64-8d7ad2ee-1000/00279342: bytes are not valid utf8
ERROR: logging before google.Init: E0831 01:12:53.138766     181 repo.go:368] failed to create patch for untracked file .scratch/phase19-review-zpWgwb/node-compile-cache/v26.8.1-x64-8d7ad2ee-1000/010ca46c: bytes are not valid utf8
ERROR: logging before google.Init: E0831 01:12:53.138779     181 repo.go:368] failed to create patch for untracked file .scratch/phase19-review-zpWgwb/node-compile-cache/v26.8.1-x64-8d7ad2ee-1000/01b7386d: bytes are not valid utf8
ERROR: logging before google.Init: E0831 01:12:53.138792     181 repo.go:368] failed to create patch for untracked file .scratch/phase19-review-zpWgwb/node-compile-cache/v26.8.1-x64-8d7ad2ee-1000/022c8d76: bytes are not valid utf8
ERROR: logging before google.Init: E0831 01:12:53.138806     181 repo.go:368] failed to create patch for untracked file .scratch/phase19-review-zpWgwb/node-compile-cache/v26.8.1-x64-8d7ad2ee-1000/02ccd9ce: bytes are not valid utf8
ERROR: logging before google.Init: E0831 01:12:53.138819     181 repo.go:368] failed to create patch for untracked file .scratch/phase19-review-zpWgwb/node-compile-cache/v26.8.1-x64-8d7ad2ee-1000/032e32c2: bytes are not valid utf8
ERROR: logging before google.Init: E0831 01:12:53.138835     181 repo.go:368] failed to create patch for untracked file .scratch/phase19-review-zpWgwb/node-compile-cache/v26.8.1-x64-8d7ad2ee-1000/044210e1: bytes are not valid utf8
ERROR: logging before google.Init: E0831 01:12:53.138847     181 repo.go:368] failed to create patch for untracked file .scratch/phase19-review-zpWgwb/node-compile-cache/v26.8.1-x64-8d7ad2ee-1000/046957ae: bytes are not valid utf8
ERROR: logging before google.Init: E0831 01:12:53.138858     181 repo.go:368] failed to create patch for untracked file .scratch/phase19-review-zpWgwb/node-compile-cache/v26.8.1-x64-8d7ad2ee-1000/04d9d011: bytes are not valid utf8
ERROR: logging before google.Init: E0831 01:12:53.138871     181 repo.go:368] failed to create patch for untracked file .scratch/phase19-review-zpWgwb/node-compile-cache/v26.8.1-x64-8d7ad2ee-1000/052b4f98: bytes are not valid utf8
ERROR: logging before google.Init: E0831 01:12:53.138883     181 repo.go:368] failed to create patch for untracked file .scratch/phase19-review-zpWgwb/node-compile-cache/v26.8.1-x64-8d7ad2ee-1000/057f0d84: bytes are not valid utf8
ERROR: logging before google.Init: E0831 01:12:53.138896     181 repo.go:368] failed to create patch for untracked file .scratch/phase19-review-zpWgwb/node-compile-cache/v26.8.1-x64-8d7ad2ee-1000/059f2378: bytes are not valid utf8
ERROR: logging before google.Init: E0831 01:12:53.138910     181 repo.go:368] failed to create patch for untracked file .scratch/phase19-review-zpWgwb/node-compile-cache/v26.8.1-x64-8d7ad2ee-1000/05fec450: bytes are not valid utf8
ERROR: logging before google.Init: E0831 01:12:53.138923     181 repo.go:368] failed to create patch for untracked file .scratch/phase19-review-zpWgwb/node-compile-cache/v26.8.1-x64-8d7ad2ee-1000/06a2a20e: bytes are not valid utf8
ERROR: logging before google.Init: E0831 01:12:53.138936     181 repo.go:368] failed to create patch for untracked file .scratch/phase19-review-zpWgwb/node-compile-cache/v26.8.1-x64-8d7ad2ee-1000/07c2456e: bytes are not valid utf8
ERROR: logging before google.Init: E0831 01:12:53.138948     181 repo.go:368] failed to create patch for untracked file .scratch/phase19-review-zpWgwb/node-compile-cache/v26.8.1-x64-8d7ad2ee-1000/07cf3f8a: bytes are not valid utf8
ERROR: logging before google.Init: E0831 01:12:53.138963     181 repo.go:368] failed to create patch for untracked file .scratch/phase19-review-zpWgwb/node-compile-cache/v26.8.1-x64-8d7ad2ee-1000/084167c6: bytes are not valid utf8
ERROR: logging before google.Init: E0831 01:12:53.138975     181 repo.go:368] failed to create patch for untracked file .scratch/phase19-review-zpWgwb/node-compile-cache/v26.8.1-x64-8d7ad2ee-1000/091ce0e2: bytes are not valid utf8
ERROR: logging before google.Init: E0831 01:12:53.138987     181 repo.go:368] failed to create patch for untracked file .scratch/phase19-review-zpWgwb/node-compile-cache/v26.8.1-x64-8d7ad2ee-1000/09275b59: bytes are not valid utf8
ERROR: logging before google.Init: E0831 01:12:53.139001     181 repo.go:368] failed to create patch for untracked file .scratch/phase19-review-zpWgwb/node-compile-cache/v26.8.1-x64-8d7ad2ee-1000/094e6b9e: bytes are not valid utf8
ERROR: logging before google.Init: E0831 01:12:53.139013     181 repo.go:368] failed to create patch for untracked file .scratch/phase19-review-zpWgwb/node-compile-cache/v26.8.1-x64-8d7ad2ee-1000/09615a35: bytes are not valid utf8
ERROR: logging before google.Init: E0831 01:12:53.139025     181 repo.go:368] failed to create patch for untracked file .scratch/phase19-review-zpWgwb/node-compile-cache/v26.8.1-x64-8d7ad2ee-1000/09800fe0: bytes are not valid utf8
ERROR: logging before google.Init: E0831 01:12:53.139038     181 repo.go:368] failed to create patch for untracked file .scratch/phase19-review-zpWgwb/node-compile-cache/v26.8.1-x64-8d7ad2ee-1000/09dde953: bytes are not valid utf8
ERROR: logging before google.Init: E0831 01:12:53.139051     181 repo.go:368] failed to create patch for untracked file .scratch/phase19-review-zpWgwb/node-compile-cache/v26.8.1-x64-8d7ad2ee-1000/0a1fa128: bytes are not valid utf8
ERROR: logging before google.Init: E0831 01:12:53.139064     181 repo.go:368] failed to create patch for untracked file .scratch/phase19-review-zpWgwb/node-compile-cache/v26.8.1-x64-8d7ad2ee-1000/0a70f056: bytes are not valid utf8
ERROR: logging before google.Init: E0831 01:12:53.139077     181 repo.go:368] failed to create patch for untracked file .scratch/phase19-review-zpWgwb/node-compile-cache/v26.8.1-x64-8d7ad2ee-1000/0b2855c5: bytes are not valid utf8
ERROR: logging before google.Init: E0831 01:12:53.139089     181 repo.go:368] failed to create patch for untracked file .scratch/phase19-review-zpWgwb/node-compile-cache/v26.8.1-x64-8d7ad2ee-1000/0b712baf: bytes are not valid utf8
ERROR: logging before google.Init: E0831 01:12:53.139102     181 repo.go:368] failed to create patch for untracked file .scratch/phase19-review-zpWgwb/node-compile-cache/v26.8.1-x64-8d7ad2ee-1000/0c5232a3: bytes are not valid utf8
ERROR: logging before google.Init: E0831 01:12:53.139115     181 repo.go:368] failed to create patch for untracked file .scratch/phase19-review-zpWgwb/node-compile-cache/v26.8.1-x64-8d7ad2ee-1000/0d04415e: bytes are not valid utf8
ERROR: logging before google.Init: E0831 01:12:53.139127     181 repo.go:368] failed to create patch for untracked file .scratch/phase19-review-zpWgwb/node-compile-cache/v26.8.1-x64-8d7ad2ee-1000/0d9f97b3: bytes are not valid utf8
ERROR: logging before google.Init: E0831 01:12:53.139141     181 repo.go:368] failed to create patch for untracked file .scratch/phase19-review-zpWgwb/node-compile-cache/v26.8.1-x64-8d7ad2ee-1000/0f063766: bytes are not valid utf8
ERROR: logging before google.Init: E0831 01:12:53.139153     181 repo.go:368] failed to create patch for untracked file .scratch/phase19-review-zpWgwb/node-compile-cache/v26.8.1-x64-8d7ad2ee-1000/0f0a7988: bytes are not valid utf8
ERROR: logging before google.Init: E0831 01:12:53.139164     181 repo.go:368] failed to create patch for untracked file .scratch/phase19-review-zpWgwb/node-compile-cache/v26.8.1-x64-8d7ad2ee-1000/0f0c8433: bytes are not valid utf8
ERROR: logging before google.Init: E0831 01:12:53.139177     181 repo.go:368] failed to create patch for untracked file .scratch/phase19-review-zpWgwb/node-compile-cache/v26.8.1-x64-8d7ad2ee-1000/0f68cbe2: bytes are not valid utf8
ERROR: logging before google.Init: E0831 01:12:53.139189     181 repo.go:368] failed to create patch for untracked file .scratch/phase19-review-zpWgwb/node-compile-cache/v26.8.1-x64-8d7ad2ee-1000/0fc51e1f: bytes are not valid utf8
ERROR: logging before google.Init: E0831 01:12:53.139202     181 repo.go:368] failed to create patch for untracked file .scratch/phase19-review-zpWgwb/node-compile-cache/v26.8.1-x64-8d7ad2ee-1000/0fd0b3f1: bytes are not valid utf8
ERROR: logging before google.Init: E0831 01:12:53.139214     181 repo.go:368] failed to create patch for untracked file .scratch/phase19-review-zpWgwb/node-compile-cache/v26.8.1-x64-8d7ad2ee-1000/0fdd5abd: bytes are not valid utf8
ERROR: logging before google.Init: E0831 01:12:53.139226     181 repo.go:368] failed to create patch for untracked file .scratch/phase19-review-zpWgwb/node-compile-cache/v26.8.1-x64-8d7ad2ee-1000/0fef87ad: bytes are not valid utf8
ERROR: logging before google.Init: E0831 01:12:53.139239     181 repo.go:368] failed to create patch for untracked file .scratch/phase19-review-zpWgwb/node-compile-cache/v26.8.1-x64-8d7ad2ee-1000/10123dee: bytes are not valid utf8
ERROR: logging before google.Init: E0831 01:12:53.139251     181 repo.go:368] failed to create patch for untracked file .scratch/phase19-review-zpWgwb/node-compile-cache/v26.8.1-x64-8d7ad2ee-1000/102ef5fd: bytes are not valid utf8
ERROR: logging before google.Init: E0831 01:12:53.139264     181 repo.go:368] failed to create patch for untracked file .scratch/phase19-review-zpWgwb/node-compile-cache/v26.8.1-x64-8d7ad2ee-1000/108bebc6: bytes are not valid utf8
ERROR: logging before google.Init: E0831 01:12:53.139282     181 repo.go:368] failed to create patch for untracked file .scratch/phase19-review-zpWgwb/node-compile-cache/v26.8.1-x64-8d7ad2ee-1000/10d84fd3: bytes are not valid utf8
ERROR: logging before google.Init: E0831 01:12:53.139295     181 repo.go:368] failed to create patch for untracked file .scratch/phase19-review-zpWgwb/node-compile-cache/v26.8.1-x64-8d7ad2ee-1000/116cae05: bytes are not valid utf8
ERROR: logging before google.Init: E0831 01:12:53.139307     181 repo.go:368] failed to create patch for untracked file .scratch/phase19-review-zpWgwb/node-compile-cache/v26.8.1-x64-8d7ad2ee-1000/1172e634: bytes are not valid utf8
ERROR: logging before google.Init: E0831 01:12:53.139321     181 repo.go:368] failed to create patch for untracked file .scratch/phase19-review-zpWgwb/node-compile-cache/v26.8.1-x64-8d7ad2ee-1000/11cb2a80: bytes are not valid utf8
ERROR: logging before google.Init: E0831 01:12:53.139333     181 repo.go:368] failed to create patch for untracked file .scratch/phase19-review-zpWgwb/node-compile-cache/v26.8.1-x64-8d7ad2ee-1000/11e1e7e1: bytes are not valid utf8
ERROR: logging before google.Init: E0831 01:12:53.139346     181 repo.go:368] failed to create patch for untracked file .scratch/phase19-review-zpWgwb/node-compile-cache/v26.8.1-x64-8d7ad2ee-1000/11f1577f: bytes are not valid utf8
ERROR: logging before google.Init: E0831 01:12:53.139357     181 repo.go:368] failed to create patch for untracked file .scratch/phase19-review-zpWgwb/node-compile-cache/v26.8.1-x64-8d7ad2ee-1000/120fcd18: bytes are not valid utf8
ERROR: logging before google.Init: E0831 01:12:53.139370     181 repo.go:368] failed to create patch for untracked file .scratch/phase19-review-zpWgwb/node-compile-cache/v26.8.1-x64-8d7ad2ee-1000/12940077: bytes are not valid utf8
ERROR: logging before google.Init: E0831 01:12:53.139382     181 repo.go:368] failed to create patch for untracked file .scratch/phase19-review-zpWgwb/node-compile-cache/v26.8.1-x64-8d7ad2ee-1000/12d6085e: bytes are not valid utf8
ERROR: logging before google.Init: E0831 01:12:53.139395     181 repo.go:368] failed to create patch for untracked file .scratch/phase19-review-zpWgwb/node-compile-cache/v26.8.1-x64-8d7ad2ee-1000/13581792: bytes are not valid utf8
ERROR: logging before google.Init: E0831 01:12:53.139407     181 repo.go:368] failed to create patch for untracked file .scratch/phase19-review-zpWgwb/node-compile-cache/v26.8.1-x64-8d7ad2ee-1000/13bd6df4: bytes are not valid utf8
ERROR: logging before google.Init: E0831 01:12:53.139420     181 repo.go:368] failed to create patch for untracked file .scratch/phase19-review-zpWgwb/node-compile-cache/v26.8.1-x64-8d7ad2ee-1000/140a0144: bytes are not valid utf8
ERROR: logging before google.Init: E0831 01:12:53.139432     181 repo.go:368] failed to create patch for untracked file .scratch/phase19-review-zpWgwb/node-compile-cache/v26.8.1-x64-8d7ad2ee-1000/1441efd4: bytes are not valid utf8
ERROR: logging before google.Init: E0831 01:12:53.139444     181 repo.go:368] failed to create patch for untracked file .scratch/phase19-review-zpWgwb/node-compile-cache/v26.8.1-x64-8d7ad2ee-1000/1497c779: bytes are not valid utf8
ERROR: logging before google.Init: E0831 01:12:53.139457     181 repo.go:368] failed to create patch for untracked file .scratch/phase19-review-zpWgwb/node-compile-cache/v26.8.1-x64-8d7ad2ee-1000/154af85f: bytes are not valid utf8
ERROR: logging before google.Init: E0831 01:12:53.139469     181 repo.go:368] failed to create patch for untracked file .scratch/phase19-review-zpWgwb/node-compile-cache/v26.8.1-x64-8d7ad2ee-1000/15f1ac1e: bytes are not valid utf8
ERROR: logging before google.Init: E0831 01:12:53.139482     181 repo.go:368] failed to create patch for untracked file .scratch/phase19-review-zpWgwb/node-compile-cache/v26.8.1-x64-8d7ad2ee-1000/164dc688: bytes are not valid utf8
ERROR: logging before google.Init: E0831 01:12:53.139494     181 repo.go:368] failed to create patch for untracked file .scratch/phase19-review-zpWgwb/node-compile-cache/v26.8.1-x64-8d7ad2ee-1000/16ad2109: bytes are not valid utf8
ERROR: logging before google.Init: E0831 01:12:53.139507     181 repo.go:368] failed to create patch for untracked file .scratch/phase19-review-zpWgwb/node-compile-cache/v26.8.1-x64-8d7ad2ee-1000/16e14a72: bytes are not valid utf8
ERROR: logging before google.Init: E0831 01:12:53.139519     181 repo.go:368] failed to create patch for untracked file .scratch/phase19-review-zpWgwb/node-compile-cache/v26.8.1-x64-8d7ad2ee-1000/178cdd1b: bytes are not valid utf8
ERROR: logging before google.Init: E0831 01:12:53.139533     181 repo.go:368] failed to create patch for untracked file .scratch/phase19-review-zpWgwb/node-compile-cache/v26.8.1-x64-8d7ad2ee-1000/17bea670: bytes are not valid utf8
ERROR: logging before google.Init: E0831 01:12:53.139546     181 repo.go:368] failed to create patch for untracked file .scratch/phase19-review-zpWgwb/node-compile-cache/v26.8.1-x64-8d7ad2ee-1000/17fb02de: bytes are not valid utf8
ERROR: logging before google.Init: E0831 01:12:53.139558     181 repo.go:368] failed to create patch for untracked file .scratch/phase19-review-zpWgwb/node-compile-cache/v26.8.1-x64-8d7ad2ee-1000/186176c2: bytes are not valid utf8
ERROR: logging before google.Init: E0831 01:12:53.139571     181 repo.go:368] failed to create patch for untracked file .scratch/phase19-review-zpWgwb/node-compile-cache/v26.8.1-x64-8d7ad2ee-1000/187eddc9: bytes are not valid utf8
ERROR: logging before google.Init: E0831 01:12:53.139585     181 repo.go:368] failed to create patch for untracked file .scratch/phase19-review-zpWgwb/node-compile-cache/v26.8.1-x64-8d7ad2ee-1000/18997b58: bytes are not valid utf8
ERROR: logging before google.Init: E0831 01:12:53.139599     181 repo.go:368] failed to create patch for untracked file .scratch/phase19-review-zpWgwb/node-compile-cache/v26.8.1-x64-8d7ad2ee-1000/18bd97ff: bytes are not valid utf8
ERROR: logging before google.Init: E0831 01:12:53.139623     181 repo.go:368] failed to create patch for untracked file .scratch/phase19-review-zpWgwb/node-compile-cache/v26.8.1-x64-8d7ad2ee-1000/1978cd64: bytes are not valid utf8
ERROR: logging before google.Init: E0831 01:12:53.139635     181 repo.go:368] failed to create patch for untracked file .scratch/phase19-review-zpWgwb/node-compile-cache/v26.8.1-x64-8d7ad2ee-1000/19b40a6a: bytes are not valid utf8
ERROR: logging before google.Init: E0831 01:12:53.139648     181 repo.go:368] failed to create patch for untracked file .scratch/phase19-review-zpWgwb/node-compile-cache/v26.8.1-x64-8d7ad2ee-1000/1a0b6a98: bytes are not valid utf8
ERROR: logging before google.Init: E0831 01:12:53.139661     181 repo.go:368] failed to create patch for untracked file .scratch/phase19-review-zpWgwb/node-compile-cache/v26.8.1-x64-8d7ad2ee-1000/1a1a92fe: bytes are not valid utf8
ERROR: logging before google.Init: E0831 01:12:53.139673     181 repo.go:368] failed to create patch for untracked file .scratch/phase19-review-zpWgwb/node-compile-cache/v26.8.1-x64-8d7ad2ee-1000/1ac49b5c: bytes are not valid utf8
ERROR: logging before google.Init: E0831 01:12:53.139685     181 repo.go:368] failed to create patch for untracked file .scratch/phase19-review-zpWgwb/node-compile-cache/v26.8.1-x64-8d7ad2ee-1000/1b2a3a2a: bytes are not valid utf8
ERROR: logging before google.Init: E0831 01:12:53.139698     181 repo.go:368] failed to create patch for untracked file .scratch/phase19-review-zpWgwb/node-compile-cache/v26.8.1-x64-8d7ad2ee-1000/1b65f769: bytes are not valid utf8
ERROR: logging before google.Init: E0831 01:12:53.139710     181 repo.go:368] failed to create patch for untracked file .scratch/phase19-review-zpWgwb/node-compile-cache/v26.8.1-x64-8d7ad2ee-1000/1b6d87f9: bytes are not valid utf8
ERROR: logging before google.Init: E0831 01:12:53.139724     181 repo.go:368] failed to create patch for untracked file .scratch/phase19-review-zpWgwb/node-compile-cache/v26.8.1-x64-8d7ad2ee-1000/1bbb6102: bytes are not valid utf8
ERROR: logging before google.Init: E0831 01:12:53.139737     181 repo.go:368] failed to create patch for untracked file .scratch/phase19-review-zpWgwb/node-compile-cache/v26.8.1-x64-8d7ad2ee-1000/1bd412a9: bytes are not valid utf8
ERROR: logging before google.Init: E0831 01:12:53.139750     181 repo.go:368] failed to create patch for untracked file .scratch/phase19-review-zpWgwb/node-compile-cache/v26.8.1-x64-8d7ad2ee-1000/1c7cc057: bytes are not valid utf8
ERROR: logging before google.Init: E0831 01:12:53.139763     181 repo.go:368] failed to create patch for untracked file .scratch/phase19-review-zpWgwb/node-compile-cache/v26.8.1-x64-8d7ad2ee-1000/1e79468d: bytes are not valid utf8
ERROR: logging before google.Init: E0831 01:12:53.139776     181 repo.go:368] failed to create patch for untracked file .scratch/phase19-review-zpWgwb/node-compile-cache/v26.8.1-x64-8d7ad2ee-1000/1e880b66: bytes are not valid utf8
ERROR: logging before google.Init: E0831 01:12:53.139789     181 repo.go:368] failed to create patch for untracked file .scratch/phase19-review-zpWgwb/node-compile-cache/v26.8.1-x64-8d7ad2ee-1000/1f328c74: bytes are not valid utf8
ERROR: logging before google.Init: E0831 01:12:53.139802     181 repo.go:368] failed to create patch for untracked file .scratch/phase19-review-zpWgwb/node-compile-cache/v26.8.1-x64-8d7ad2ee-1000/1f9b0e5c: bytes are not valid utf8
ERROR: logging before google.Init: E0831 01:12:53.139814     181 repo.go:368] failed to create patch for untracked file .scratch/phase19-review-zpWgwb/node-compile-cache/v26.8.1-x64-8d7ad2ee-1000/1fa45f11: bytes are not valid utf8
ERROR: logging before google.Init: E0831 01:12:53.139826     181 repo.go:368] failed to create patch for untracked file .scratch/phase19-review-zpWgwb/node-compile-cache/v26.8.1-x64-8d7ad2ee-1000/1fdf173b: bytes are not valid utf8
ERROR: logging before google.Init: E0831 01:12:53.139839     181 repo.go:368] failed to create patch for untracked file .scratch/phase19-review-zpWgwb/node-compile-cache/v26.8.1-x64-8d7ad2ee-1000/204d30cc: bytes are not valid utf8
ERROR: logging before google.Init: E0831 01:12:53.139852     181 repo.go:368] failed to create patch for untracked file .scratch/phase19-review-zpWgwb/node-compile-cache/v26.8.1-x64-8d7ad2ee-1000/206cdb5e: bytes are not valid utf8
ERROR: logging before google.Init: E0831 01:12:53.139865     181 repo.go:368] failed to create patch for untracked file .scratch/phase19-review-zpWgwb/node-compile-cache/v26.8.1-x64-8d7ad2ee-1000/207c7dae: bytes are not valid utf8
ERROR: logging before google.Init: E0831 01:12:53.139877     181 repo.go:368] failed to create patch for untracked file .scratch/phase19-review-zpWgwb/node-compile-cache/v26.8.1-x64-8d7ad2ee-1000/20995dbb: bytes are not valid utf8
ERROR: logging before google.Init: E0831 01:12:53.139890     181 repo.go:368] failed to create patch for untracked file .scratch/phase19-review-zpWgwb/node-compile-cache/v26.8.1-x64-8d7ad2ee-1000/20cad7f4: bytes are not valid utf8
ERROR: logging before google.Init: E0831 01:12:53.139902     181 repo.go:368] failed to create patch for untracked file .scratch/phase19-review-zpWgwb/node-compile-cache/v26.8.1-x64-8d7ad2ee-1000/20d4355f: bytes are not valid utf8
ERROR: logging before google.Init: E0831 01:12:53.139914     181 repo.go:368] failed to create patch for untracked file .scratch/phase19-review-zpWgwb/node-compile-cache/v26.8.1-x64-8d7ad2ee-1000/221af82a: bytes are not valid utf8
ERROR: logging before google.Init: E0831 01:12:53.139926     181 repo.go:368] failed to create patch for untracked file .scratch/phase19-review-zpWgwb/node-compile-cache/v26.8.1-x64-8d7ad2ee-1000/22a111e0: bytes are not valid utf8
ERROR: logging before google.Init: E0831 01:12:53.139939     181 repo.go:368] failed to create patch for untracked file .scratch/phase19-review-zpWgwb/node-compile-cache/v26.8.1-x64-8d7ad2ee-1000/232bb390: bytes are not valid utf8
ERROR: logging before google.Init: E0831 01:12:53.139951     181 repo.go:368] failed to create patch for untracked file .scratch/phase19-review-zpWgwb/node-compile-cache/v26.8.1-x64-8d7ad2ee-1000/2357f5d4: bytes are not valid utf8
ERROR: logging before google.Init: E0831 01:12:53.139965     181 repo.go:368] failed to create patch for untracked file .scratch/phase19-review-zpWgwb/node-compile-cache/v26.8.1-x64-8d7ad2ee-1000/23ac1f21: bytes are not valid utf8
ERROR: logging before google.Init: E0831 01:12:53.139978     181 repo.go:368] failed to create patch for untracked file .scratch/phase19-review-zpWgwb/node-compile-cache/v26.8.1-x64-8d7ad2ee-1000/23c95ffc: bytes are not valid utf8
ERROR: logging before google.Init: E0831 01:12:53.139991     181 repo.go:368] failed to create patch for untracked file .scratch/phase19-review-zpWgwb/node-compile-cache/v26.8.1-x64-8d7ad2ee-1000/2442c1f5: bytes are not valid utf8
ERROR: logging before google.Init: E0831 01:12:53.140004     181 repo.go:368] failed to create patch for untracked file .scratch/phase19-review-zpWgwb/node-compile-cache/v26.8.1-x64-8d7ad2ee-1000/24d32a8d: bytes are not valid utf8
ERROR: logging before google.Init: E0831 01:12:53.140018     181 repo.go:368] failed to create patch for untracked file .scratch/phase19-review-zpWgwb/node-compile-cache/v26.8.1-x64-8d7ad2ee-1000/250f9c68: bytes are not valid utf8
ERROR: logging before google.Init: E0831 01:12:53.140030     181 repo.go:368] failed to create patch for untracked file .scratch/phase19-review-zpWgwb/node-compile-cache/v26.8.1-x64-8d7ad2ee-1000/25cb1a0e: bytes are not valid utf8
ERROR: logging before google.Init: E0831 01:12:53.140042     181 repo.go:368] failed to create patch for untracked file .scratch/phase19-review-zpWgwb/node-compile-cache/v26.8.1-x64-8d7ad2ee-1000/26386c07: bytes are not valid utf8
ERROR: logging before google.Init: E0831 01:12:53.140056     181 repo.go:368] failed to create patch for untracked file .scratch/phase19-review-zpWgwb/node-compile-cache/v26.8.1-x64-8d7ad2ee-1000/263f0e14: bytes are not valid utf8
ERROR: logging before google.Init: E0831 01:12:53.140070     181 repo.go:368] failed to create patch for untracked file .scratch/phase19-review-zpWgwb/node-compile-cache/v26.8.1-x64-8d7ad2ee-1000/26489bb3: bytes are not valid utf8
ERROR: logging before google.Init: E0831 01:12:53.140083     181 repo.go:368] failed to create patch for untracked file .scratch/phase19-review-zpWgwb/node-compile-cache/v26.8.1-x64-8d7ad2ee-1000/269c56d8: bytes are not valid utf8
ERROR: logging before google.Init: E0831 01:12:53.140096     181 repo.go:368] failed to create patch for untracked file .scratch/phase19-review-zpWgwb/node-compile-cache/v26.8.1-x64-8d7ad2ee-1000/278f25ae: bytes are not valid utf8
ERROR: logging before google.Init: E0831 01:12:53.140108     181 repo.go:368] failed to create patch for untracked file .scratch/phase19-review-zpWgwb/node-compile-cache/v26.8.1-x64-8d7ad2ee-1000/27f07a12: bytes are not valid utf8
ERROR: logging before google.Init: E0831 01:12:53.140121     181 repo.go:368] failed to create patch for untracked file .scratch/phase19-review-zpWgwb/node-compile-cache/v26.8.1-x64-8d7ad2ee-1000/284df1ba: bytes are not valid utf8
ERROR: logging before google.Init: E0831 01:12:53.140134     181 repo.go:368] failed to create patch for untracked file .scratch/phase19-review-zpWgwb/node-compile-cache/v26.8.1-x64-8d7ad2ee-1000/28cd767f: bytes are not valid utf8
ERROR: logging before google.Init: E0831 01:12:53.140147     181 repo.go:368] failed to create patch for untracked file .scratch/phase19-review-zpWgwb/node-compile-cache/v26.8.1-x64-8d7ad2ee-1000/28f2d72a: bytes are not valid utf8
ERROR: logging before google.Init: E0831 01:12:53.140159     181 repo.go:368] failed to create patch for untracked file .scratch/phase19-review-zpWgwb/node-compile-cache/v26.8.1-x64-8d7ad2ee-1000/298138b1: bytes are not valid utf8
ERROR: logging before google.Init: E0831 01:12:53.140172     181 repo.go:368] failed to create patch for untracked file .scratch/phase19-review-zpWgwb/node-compile-cache/v26.8.1-x64-8d7ad2ee-1000/29ae7849: bytes are not valid utf8
ERROR: logging before google.Init: E0831 01:12:53.140185     181 repo.go:368] failed to create patch for untracked file .scratch/phase19-review-zpWgwb/node-compile-cache/v26.8.1-x64-8d7ad2ee-1000/2a8813f8: bytes are not valid utf8
ERROR: logging before google.Init: E0831 01:12:53.140197     181 repo.go:368] failed to create patch for untracked file .scratch/phase19-review-zpWgwb/node-compile-cache/v26.8.1-x64-8d7ad2ee-1000/2bc0d199: bytes are not valid utf8
ERROR: logging before google.Init: E0831 01:12:53.140211     181 repo.go:368] failed to create patch for untracked file .scratch/phase19-review-zpWgwb/node-compile-cache/v26.8.1-x64-8d7ad2ee-1000/2bdcf063: bytes are not valid utf8
ERROR: logging before google.Init: E0831 01:12:53.140224     181 repo.go:368] failed to create patch for untracked file .scratch/phase19-review-zpWgwb/node-compile-cache/v26.8.1-x64-8d7ad2ee-1000/2c66374b: bytes are not valid utf8
ERROR: logging before google.Init: E0831 01:12:53.140237     181 repo.go:368] failed to create patch for untracked file .scratch/phase19-review-zpWgwb/node-compile-cache/v26.8.1-x64-8d7ad2ee-1000/2cc8e4ff: bytes are not valid utf8
ERROR: logging before google.Init: E0831 01:12:53.140250     181 repo.go:368] failed to create patch for untracked file .scratch/phase19-review-zpWgwb/node-compile-cache/v26.8.1-x64-8d7ad2ee-1000/2d464d3d: bytes are not valid utf8
ERROR: logging before google.Init: E0831 01:12:53.140262     181 repo.go:368] failed to create patch for untracked file .scratch/phase19-review-zpWgwb/node-compile-cache/v26.8.1-x64-8d7ad2ee-1000/2d474a8e: bytes are not valid utf8
ERROR: logging before google.Init: E0831 01:12:53.140275     181 repo.go:368] failed to create patch for untracked file .scratch/phase19-review-zpWgwb/node-compile-cache/v26.8.1-x64-8d7ad2ee-1000/2d96951b: bytes are not valid utf8
ERROR: logging before google.Init: E0831 01:12:53.140287     181 repo.go:368] failed to create patch for untracked file .scratch/phase19-review-zpWgwb/node-compile-cache/v26.8.1-x64-8d7ad2ee-1000/2dfc3763: bytes are not valid utf8
ERROR: logging before google.Init: E0831 01:12:53.140299     181 repo.go:368] failed to create patch for untracked file .scratch/phase19-review-zpWgwb/node-compile-cache/v26.8.1-x64-8d7ad2ee-1000/2e55c3a5: bytes are not valid utf8
ERROR: logging before google.Init: E0831 01:12:53.140311     181 repo.go:368] failed to create patch for untracked file .scratch/phase19-review-zpWgwb/node-compile-cache/v26.8.1-x64-8d7ad2ee-1000/2e67f1f7: bytes are not valid utf8
ERROR: logging before google.Init: E0831 01:12:53.140324     181 repo.go:368] failed to create patch for untracked file .scratch/phase19-review-zpWgwb/node-compile-cache/v26.8.1-x64-8d7ad2ee-1000/2e914e8b: bytes are not valid utf8
ERROR: logging before google.Init: E0831 01:12:53.140337     181 repo.go:368] failed to create patch for untracked file .scratch/phase19-review-zpWgwb/node-compile-cache/v26.8.1-x64-8d7ad2ee-1000/2ecc8411: bytes are not valid utf8
ERROR: logging before google.Init: E0831 01:12:53.140351     181 repo.go:368] failed to create patch for untracked file .scratch/phase19-review-zpWgwb/node-compile-cache/v26.8.1-x64-8d7ad2ee-1000/2ed48d5f: bytes are not valid utf8
ERROR: logging before google.Init: E0831 01:12:53.140364     181 repo.go:368] failed to create patch for untracked file .scratch/phase19-review-zpWgwb/node-compile-cache/v26.8.1-x64-8d7ad2ee-1000/2fcd57fe: bytes are not valid utf8
ERROR: logging before google.Init: E0831 01:12:53.140377     181 repo.go:368] failed to create patch for untracked file .scratch/phase19-review-zpWgwb/node-compile-cache/v26.8.1-x64-8d7ad2ee-1000/3029e332: bytes are not valid utf8
ERROR: logging before google.Init: E0831 01:12:53.140392     181 repo.go:368] failed to create patch for untracked file .scratch/phase19-review-zpWgwb/node-compile-cache/v26.8.1-x64-8d7ad2ee-1000/303a53bd: bytes are not valid utf8
ERROR: logging before google.Init: E0831 01:12:53.140403     181 repo.go:368] failed to create patch for untracked file .scratch/phase19-review-zpWgwb/node-compile-cache/v26.8.1-x64-8d7ad2ee-1000/304a34e9: bytes are not valid utf8
ERROR: logging before google.Init: E0831 01:12:53.140416     181 repo.go:368] failed to create patch for untracked file .scratch/phase19-review-zpWgwb/node-compile-cache/v26.8.1-x64-8d7ad2ee-1000/30841eca: bytes are not valid utf8
ERROR: logging before google.Init: E0831 01:12:53.140428     181 repo.go:368] failed to create patch for untracked file .scratch/phase19-review-zpWgwb/node-compile-cache/v26.8.1-x64-8d7ad2ee-1000/30b81987: bytes are not valid utf8
ERROR: logging before google.Init: E0831 01:12:53.140440     181 repo.go:368] failed to create patch for untracked file .scratch/phase19-review-zpWgwb/node-compile-cache/v26.8.1-x64-8d7ad2ee-1000/311bad02: bytes are not valid utf8
ERROR: logging before google.Init: E0831 01:12:53.140453     181 repo.go:368] failed to create patch for untracked file .scratch/phase19-review-zpWgwb/node-compile-cache/v26.8.1-x64-8d7ad2ee-1000/317ac786: bytes are not valid utf8
ERROR: logging before google.Init: E0831 01:12:53.140465     181 repo.go:368] failed to create patch for untracked file .scratch/phase19-review-zpWgwb/node-compile-cache/v26.8.1-x64-8d7ad2ee-1000/3280507c: bytes are not valid utf8
ERROR: logging before google.Init: E0831 01:12:53.140476     181 repo.go:368] failed to create patch for untracked file .scratch/phase19-review-zpWgwb/node-compile-cache/v26.8.1-x64-8d7ad2ee-1000/32c3690e: bytes are not valid utf8
ERROR: logging before google.Init: E0831 01:12:53.140488     181 repo.go:368] failed to create patch for untracked file .scratch/phase19-review-zpWgwb/node-compile-cache/v26.8.1-x64-8d7ad2ee-1000/3322776f: bytes are not valid utf8
ERROR: logging before google.Init: E0831 01:12:53.140500     181 repo.go:368] failed to create patch for untracked file .scratch/phase19-review-zpWgwb/node-compile-cache/v26.8.1-x64-8d7ad2ee-1000/335a9bcb: bytes are not valid utf8
ERROR: logging before google.Init: E0831 01:12:53.140513     181 repo.go:368] failed to create patch for untracked file .scratch/phase19-review-zpWgwb/node-compile-cache/v26.8.1-x64-8d7ad2ee-1000/35ecf28e: bytes are not valid utf8
ERROR: logging before google.Init: E0831 01:12:53.140526     181 repo.go:368] failed to create patch for untracked file .scratch/phase19-review-zpWgwb/node-compile-cache/v26.8.1-x64-8d7ad2ee-1000/35ff1778: bytes are not valid utf8
ERROR: logging before google.Init: E0831 01:12:53.140540     181 repo.go:368] failed to create patch for untracked file .scratch/phase19-review-zpWgwb/node-compile-cache/v26.8.1-x64-8d7ad2ee-1000/3613671b: bytes are not valid utf8
ERROR: logging before google.Init: E0831 01:12:53.140559     181 repo.go:368] failed to create patch for untracked file .scratch/phase19-review-zpWgwb/node-compile-cache/v26.8.1-x64-8d7ad2ee-1000/36cc4850: bytes are not valid utf8
ERROR: logging before google.Init: E0831 01:12:53.140574     181 repo.go:368] failed to create patch for untracked file .scratch/phase19-review-zpWgwb/node-compile-cache/v26.8.1-x64-8d7ad2ee-1000/373ef455: bytes are not valid utf8
ERROR: logging before google.Init: E0831 01:12:53.140586     181 repo.go:368] failed to create patch for untracked file .scratch/phase19-review-zpWgwb/node-compile-cache/v26.8.1-x64-8d7ad2ee-1000/389c2a48: bytes are not valid utf8
ERROR: logging before google.Init: E0831 01:12:53.140610     181 repo.go:368] failed to create patch for untracked file .scratch/phase19-review-zpWgwb/node-compile-cache/v26.8.1-x64-8d7ad2ee-1000/391c424a: bytes are not valid utf8
ERROR: logging before google.Init: E0831 01:12:53.140621     181 repo.go:368] failed to create patch for untracked file .scratch/phase19-review-zpWgwb/node-compile-cache/v26.8.1-x64-8d7ad2ee-1000/39f3776e: bytes are not valid utf8
ERROR: logging before google.Init: E0831 01:12:53.140630     181 repo.go:368] failed to create patch for untracked file .scratch/phase19-review-zpWgwb/node-compile-cache/v26.8.1-x64-8d7ad2ee-1000/3a521e90: bytes are not valid utf8
ERROR: logging before google.Init: E0831 01:12:53.140639     181 repo.go:368] failed to create patch for untracked file .scratch/phase19-review-zpWgwb/node-compile-cache/v26.8.1-x64-8d7ad2ee-1000/3a9df0e4: bytes are not valid utf8
ERROR: logging before google.Init: E0831 01:12:53.140647     181 repo.go:368] failed to create patch for untracked file .scratch/phase19-review-zpWgwb/node-compile-cache/v26.8.1-x64-8d7ad2ee-1000/3c07ab31: bytes are not valid utf8
ERROR: logging before google.Init: E0831 01:12:53.140656     181 repo.go:368] failed to create patch for untracked file .scratch/phase19-review-zpWgwb/node-compile-cache/v26.8.1-x64-8d7ad2ee-1000/3c29b655: bytes are not valid utf8
ERROR: logging before google.Init: E0831 01:12:53.140666     181 repo.go:368] failed to create patch for untracked file .scratch/phase19-review-zpWgwb/node-compile-cache/v26.8.1-x64-8d7ad2ee-1000/3c3ab2f4: bytes are not valid utf8
ERROR: logging before google.Init: E0831 01:12:53.140675     181 repo.go:368] failed to create patch for untracked file .scratch/phase19-review-zpWgwb/node-compile-cache/v26.8.1-x64-8d7ad2ee-1000/3c3fb401: bytes are not valid utf8
ERROR: logging before google.Init: E0831 01:12:53.140683     181 repo.go:368] failed to create patch for untracked file .scratch/phase19-review-zpWgwb/node-compile-cache/v26.8.1-x64-8d7ad2ee-1000/3c96dce2: bytes are not valid utf8
ERROR: logging before google.Init: E0831 01:12:53.140691     181 repo.go:368] failed to create patch for untracked file .scratch/phase19-review-zpWgwb/node-compile-cache/v26.8.1-x64-8d7ad2ee-1000/3e94bd3f: bytes are not valid utf8
ERROR: logging before google.Init: E0831 01:12:53.140699     181 repo.go:368] failed to create patch for untracked file .scratch/phase19-review-zpWgwb/node-compile-cache/v26.8.1-x64-8d7ad2ee-1000/3f3308c6: bytes are not valid utf8
ERROR: logging before google.Init: E0831 01:12:53.140708     181 repo.go:368] failed to create patch for untracked file .scratch/phase19-review-zpWgwb/node-compile-cache/v26.8.1-x64-8d7ad2ee-1000/3f63fdd3: bytes are not valid utf8
ERROR: logging before google.Init: E0831 01:12:53.140717     181 repo.go:368] failed to create patch for untracked file .scratch/phase19-review-zpWgwb/node-compile-cache/v26.8.1-x64-8d7ad2ee-1000/3fb014f3: bytes are not valid utf8
ERROR: logging before google.Init: E0831 01:12:53.140725     181 repo.go:368] failed to create patch for untracked file .scratch/phase19-review-zpWgwb/node-compile-cache/v26.8.1-x64-8d7ad2ee-1000/3fbc5c53: bytes are not valid utf8
ERROR: logging before google.Init: E0831 01:12:53.140735     181 repo.go:368] failed to create patch for untracked file .scratch/phase19-review-zpWgwb/node-compile-cache/v26.8.1-x64-8d7ad2ee-1000/4124d0d7: bytes are not valid utf8
ERROR: logging before google.Init: E0831 01:12:53.140750     181 repo.go:368] failed to create patch for untracked file .scratch/phase19-review-zpWgwb/node-compile-cache/v26.8.1-x64-8d7ad2ee-1000/41847ab3: bytes are not valid utf8
ERROR: logging before google.Init: E0831 01:12:53.140759     181 repo.go:368] failed to create patch for untracked file .scratch/phase19-review-zpWgwb/node-compile-cache/v26.8.1-x64-8d7ad2ee-1000/428aca58: bytes are not valid utf8
ERROR: logging before google.Init: E0831 01:12:53.140767     181 repo.go:368] failed to create patch for untracked file .scratch/phase19-review-zpWgwb/node-compile-cache/v26.8.1-x64-8d7ad2ee-1000/436e0990: bytes are not valid utf8
ERROR: logging before google.Init: E0831 01:12:53.140776     181 repo.go:368] failed to create patch for untracked file .scratch/phase19-review-zpWgwb/node-compile-cache/v26.8.1-x64-8d7ad2ee-1000/4390ba1e: bytes are not valid utf8
ERROR: logging before google.Init: E0831 01:12:53.140784     181 repo.go:368] failed to create patch for untracked file .scratch/phase19-review-zpWgwb/node-compile-cache/v26.8.1-x64-8d7ad2ee-1000/4456be48: bytes are not valid utf8
ERROR: logging before google.Init: E0831 01:12:53.140792     181 repo.go:368] failed to create patch for untracked file .scratch/phase19-review-zpWgwb/node-compile-cache/v26.8.1-x64-8d7ad2ee-1000/460f652e: bytes are not valid utf8
ERROR: logging before google.Init: E0831 01:12:53.140800     181 repo.go:368] failed to create patch for untracked file .scratch/phase19-review-zpWgwb/node-compile-cache/v26.8.1-x64-8d7ad2ee-1000/465030ee: bytes are not valid utf8
ERROR: logging before google.Init: E0831 01:12:53.140808     181 repo.go:368] failed to create patch for untracked file .scratch/phase19-review-zpWgwb/node-compile-cache/v26.8.1-x64-8d7ad2ee-1000/4652bac2: bytes are not valid utf8
ERROR: logging before google.Init: E0831 01:12:53.140816     181 repo.go:368] failed to create patch for untracked file .scratch/phase19-review-zpWgwb/node-compile-cache/v26.8.1-x64-8d7ad2ee-1000/46772a61: bytes are not valid utf8
ERROR: logging before google.Init: E0831 01:12:53.140825     181 repo.go:368] failed to create patch for untracked file .scratch/phase19-review-zpWgwb/node-compile-cache/v26.8.1-x64-8d7ad2ee-1000/468005ea: bytes are not valid utf8
ERROR: logging before google.Init: E0831 01:12:53.140833     181 repo.go:368] failed to create patch for untracked file .scratch/phase19-review-zpWgwb/node-compile-cache/v26.8.1-x64-8d7ad2ee-1000/469fc81d: bytes are not valid utf8
ERROR: logging before google.Init: E0831 01:12:53.140847     181 repo.go:368] failed to create patch for untracked file .scratch/phase19-review-zpWgwb/node-compile-cache/v26.8.1-x64-8d7ad2ee-1000/46d4b6e7: bytes are not valid utf8
ERROR: logging before google.Init: E0831 01:12:53.140858     181 repo.go:368] failed to create patch for untracked file .scratch/phase19-review-zpWgwb/node-compile-cache/v26.8.1-x64-8d7ad2ee-1000/4744f7d7: bytes are not valid utf8
ERROR: logging before google.Init: E0831 01:12:53.140866     181 repo.go:368] failed to create patch for untracked file .scratch/phase19-review-zpWgwb/node-compile-cache/v26.8.1-x64-8d7ad2ee-1000/47508c2e: bytes are not valid utf8
ERROR: logging before google.Init: E0831 01:12:53.140875     181 repo.go:368] failed to create patch for untracked file .scratch/phase19-review-zpWgwb/node-compile-cache/v26.8.1-x64-8d7ad2ee-1000/475bb660: bytes are not valid utf8
ERROR: logging before google.Init: E0831 01:12:53.140883     181 repo.go:368] failed to create patch for untracked file .scratch/phase19-review-zpWgwb/node-compile-cache/v26.8.1-x64-8d7ad2ee-1000/47dd1147: bytes are not valid utf8
ERROR: logging before google.Init: E0831 01:12:53.140891     181 repo.go:368] failed to create patch for untracked file .scratch/phase19-review-zpWgwb/node-compile-cache/v26.8.1-x64-8d7ad2ee-1000/47ede548: bytes are not valid utf8
ERROR: logging before google.Init: E0831 01:12:53.140899     181 repo.go:368] failed to create patch for untracked file .scratch/phase19-review-zpWgwb/node-compile-cache/v26.8.1-x64-8d7ad2ee-1000/48aa5edb: bytes are not valid utf8
ERROR: logging before google.Init: E0831 01:12:53.140909     181 repo.go:368] failed to create patch for untracked file .scratch/phase19-review-zpWgwb/node-compile-cache/v26.8.1-x64-8d7ad2ee-1000/48d1f1c8: bytes are not valid utf8
ERROR: logging before google.Init: E0831 01:12:53.140917     181 repo.go:368] failed to create patch for untracked file .scratch/phase19-review-zpWgwb/node-compile-cache/v26.8.1-x64-8d7ad2ee-1000/49a5ba30: bytes are not valid utf8
ERROR: logging before google.Init: E0831 01:12:53.140925     181 repo.go:368] failed to create patch for untracked file .scratch/phase19-review-zpWgwb/node-compile-cache/v26.8.1-x64-8d7ad2ee-1000/49d1006b: bytes are not valid utf8
ERROR: logging before google.Init: E0831 01:12:53.140934     181 repo.go:368] failed to create patch for untracked file .scratch/phase19-review-zpWgwb/node-compile-cache/v26.8.1-x64-8d7ad2ee-1000/4a2f7337: bytes are not valid utf8
ERROR: logging before google.Init: E0831 01:12:53.140943     181 repo.go:368] failed to create patch for untracked file .scratch/phase19-review-zpWgwb/node-compile-cache/v26.8.1-x64-8d7ad2ee-1000/4a7f67b1: bytes are not valid utf8
ERROR: logging before google.Init: E0831 01:12:53.140950     181 repo.go:368] failed to create patch for untracked file .scratch/phase19-review-zpWgwb/node-compile-cache/v26.8.1-x64-8d7ad2ee-1000/4a98117d: bytes are not valid utf8
ERROR: logging before google.Init: E0831 01:12:53.140958     181 repo.go:368] failed to create patch for untracked file .scratch/phase19-review-zpWgwb/node-compile-cache/v26.8.1-x64-8d7ad2ee-1000/4baab70c: bytes are not valid utf8
ERROR: logging before google.Init: E0831 01:12:53.140967     181 repo.go:368] failed to create patch for untracked file .scratch/phase19-review-zpWgwb/node-compile-cache/v26.8.1-x64-8d7ad2ee-1000/4bbd7e97: bytes are not valid utf8
ERROR: logging before google.Init: E0831 01:12:53.140975     181 repo.go:368] failed to create patch for untracked file .scratch/phase19-review-zpWgwb/node-compile-cache/v26.8.1-x64-8d7ad2ee-1000/4c47dc52: bytes are not valid utf8
ERROR: logging before google.Init: E0831 01:12:53.140983     181 repo.go:368] failed to create patch for untracked file .scratch/phase19-review-zpWgwb/node-compile-cache/v26.8.1-x64-8d7ad2ee-1000/4c58a332: bytes are not valid utf8
ERROR: logging before google.Init: E0831 01:12:53.140992     181 repo.go:368] failed to create patch for untracked file .scratch/phase19-review-zpWgwb/node-compile-cache/v26.8.1-x64-8d7ad2ee-1000/4ca766a3: bytes are not valid utf8
ERROR: logging before google.Init: E0831 01:12:53.140999     181 repo.go:368] failed to create patch for untracked file .scratch/phase19-review-zpWgwb/node-compile-cache/v26.8.1-x64-8d7ad2ee-1000/4cdf50fd: bytes are not valid utf8
ERROR: logging before google.Init: E0831 01:12:53.141007     181 repo.go:368] failed to create patch for untracked file .scratch/phase19-review-zpWgwb/node-compile-cache/v26.8.1-x64-8d7ad2ee-1000/4d2f83f7: bytes are not valid utf8
ERROR: logging before google.Init: E0831 01:12:53.141016     181 repo.go:368] failed to create patch for untracked file .scratch/phase19-review-zpWgwb/node-compile-cache/v26.8.1-x64-8d7ad2ee-1000/4d531b7f: bytes are not valid utf8
ERROR: logging before google.Init: E0831 01:12:53.141024     181 repo.go:368] failed to create patch for untracked file .scratch/phase19-review-zpWgwb/node-compile-cache/v26.8.1-x64-8d7ad2ee-1000/4d78a390: bytes are not valid utf8
ERROR: logging before google.Init: E0831 01:12:53.141033     181 repo.go:368] failed to create patch for untracked file .scratch/phase19-review-zpWgwb/node-compile-cache/v26.8.1-x64-8d7ad2ee-1000/4dbc19b7: bytes are not valid utf8
ERROR: logging before google.Init: E0831 01:12:53.141042     181 repo.go:368] failed to create patch for untracked file .scratch/phase19-review-zpWgwb/node-compile-cache/v26.8.1-x64-8d7ad2ee-1000/4e546049: bytes are not valid utf8
ERROR: logging before google.Init: E0831 01:12:53.141050     181 repo.go:368] failed to create patch for untracked file .scratch/phase19-review-zpWgwb/node-compile-cache/v26.8.1-x64-8d7ad2ee-1000/4e8be31e: bytes are not valid utf8
ERROR: logging before google.Init: E0831 01:12:53.141058     181 repo.go:368] failed to create patch for untracked file .scratch/phase19-review-zpWgwb/node-compile-cache/v26.8.1-x64-8d7ad2ee-1000/4ede0a43: bytes are not valid utf8
ERROR: logging before google.Init: E0831 01:12:53.141067     181 repo.go:368] failed to create patch for untracked file .scratch/phase19-review-zpWgwb/node-compile-cache/v26.8.1-x64-8d7ad2ee-1000/4f340aea: bytes are not valid utf8
ERROR: logging before google.Init: E0831 01:12:53.141076     181 repo.go:368] failed to create patch for untracked file .scratch/phase19-review-zpWgwb/node-compile-cache/v26.8.1-x64-8d7ad2ee-1000/4f764ed1: bytes are not valid utf8
ERROR: logging before google.Init: E0831 01:12:53.141084     181 repo.go:368] failed to create patch for untracked file .scratch/phase19-review-zpWgwb/node-compile-cache/v26.8.1-x64-8d7ad2ee-1000/4fe1f8a6: bytes are not valid utf8
ERROR: logging before google.Init: E0831 01:12:53.141093     181 repo.go:368] failed to create patch for untracked file .scratch/phase19-review-zpWgwb/node-compile-cache/v26.8.1-x64-8d7ad2ee-1000/50248d19: bytes are not valid utf8
ERROR: logging before google.Init: E0831 01:12:53.141100     181 repo.go:368] failed to create patch for untracked file .scratch/phase19-review-zpWgwb/node-compile-cache/v26.8.1-x64-8d7ad2ee-1000/5088a5b2: bytes are not valid utf8
ERROR: logging before google.Init: E0831 01:12:53.141109     181 repo.go:368] failed to create patch for untracked file .scratch/phase19-review-zpWgwb/node-compile-cache/v26.8.1-x64-8d7ad2ee-1000/50a7b1d6: bytes are not valid utf8
ERROR: logging before google.Init: E0831 01:12:53.141117     181 repo.go:368] failed to create patch for untracked file .scratch/phase19-review-zpWgwb/node-compile-cache/v26.8.1-x64-8d7ad2ee-1000/50b941b1: bytes are not valid utf8
ERROR: logging before google.Init: E0831 01:12:53.141125     181 repo.go:368] failed to create patch for untracked file .scratch/phase19-review-zpWgwb/node-compile-cache/v26.8.1-x64-8d7ad2ee-1000/50f35ebe: bytes are not valid utf8
ERROR: logging before google.Init: E0831 01:12:53.141132     181 repo.go:368] failed to create patch for untracked file .scratch/phase19-review-zpWgwb/node-compile-cache/v26.8.1-x64-8d7ad2ee-1000/5119a082: bytes are not valid utf8
ERROR: logging before google.Init: E0831 01:12:53.141140     181 repo.go:368] failed to create patch for untracked file .scratch/phase19-review-zpWgwb/node-compile-cache/v26.8.1-x64-8d7ad2ee-1000/518e6db2: bytes are not valid utf8
ERROR: logging before google.Init: E0831 01:12:53.141149     181 repo.go:368] failed to create patch for untracked file .scratch/phase19-review-zpWgwb/node-compile-cache/v26.8.1-x64-8d7ad2ee-1000/5191235d: bytes are not valid utf8
ERROR: logging before google.Init: E0831 01:12:53.141159     181 repo.go:368] failed to create patch for untracked file .scratch/phase19-review-zpWgwb/node-compile-cache/v26.8.1-x64-8d7ad2ee-1000/52059bbd: bytes are not valid utf8
ERROR: logging before google.Init: E0831 01:12:53.141169     181 repo.go:368] failed to create patch for untracked file .scratch/phase19-review-zpWgwb/node-compile-cache/v26.8.1-x64-8d7ad2ee-1000/52a098ea: bytes are not valid utf8
ERROR: logging before google.Init: E0831 01:12:53.141180     181 repo.go:368] failed to create patch for untracked file .scratch/phase19-review-zpWgwb/node-compile-cache/v26.8.1-x64-8d7ad2ee-1000/52db7dd4: bytes are not valid utf8
ERROR: logging before google.Init: E0831 01:12:53.141191     181 repo.go:368] failed to create patch for untracked file .scratch/phase19-review-zpWgwb/node-compile-cache/v26.8.1-x64-8d7ad2ee-1000/52fc01a1: bytes are not valid utf8
ERROR: logging before google.Init: E0831 01:12:53.141201     181 repo.go:368] failed to create patch for untracked file .scratch/phase19-review-zpWgwb/node-compile-cache/v26.8.1-x64-8d7ad2ee-1000/5390c10f: bytes are not valid utf8
ERROR: logging before google.Init: E0831 01:12:53.141210     181 repo.go:368] failed to create patch for untracked file .scratch/phase19-review-zpWgwb/node-compile-cache/v26.8.1-x64-8d7ad2ee-1000/5467f56d: bytes are not valid utf8
ERROR: logging before google.Init: E0831 01:12:53.141218     181 repo.go:368] failed to create patch for untracked file .scratch/phase19-review-zpWgwb/node-compile-cache/v26.8.1-x64-8d7ad2ee-1000/54709ba1: bytes are not valid utf8
ERROR: logging before google.Init: E0831 01:12:53.141227     181 repo.go:368] failed to create patch for untracked file .scratch/phase19-review-zpWgwb/node-compile-cache/v26.8.1-x64-8d7ad2ee-1000/55309bda: bytes are not valid utf8
ERROR: logging before google.Init: E0831 01:12:53.141236     181 repo.go:368] failed to create patch for untracked file .scratch/phase19-review-zpWgwb/node-compile-cache/v26.8.1-x64-8d7ad2ee-1000/5556610b: bytes are not valid utf8
ERROR: logging before google.Init: E0831 01:12:53.141244     181 repo.go:368] failed to create patch for untracked file .scratch/phase19-review-zpWgwb/node-compile-cache/v26.8.1-x64-8d7ad2ee-1000/55888762: bytes are not valid utf8
ERROR: logging before google.Init: E0831 01:12:53.141252     181 repo.go:368] failed to create patch for untracked file .scratch/phase19-review-zpWgwb/node-compile-cache/v26.8.1-x64-8d7ad2ee-1000/55920610: bytes are not valid utf8
ERROR: logging before google.Init: E0831 01:12:53.141262     181 repo.go:368] failed to create patch for untracked file .scratch/phase19-review-zpWgwb/node-compile-cache/v26.8.1-x64-8d7ad2ee-1000/559ad2c2: bytes are not valid utf8
ERROR: logging before google.Init: E0831 01:12:53.141270     181 repo.go:368] failed to create patch for untracked file .scratch/phase19-review-zpWgwb/node-compile-cache/v26.8.1-x64-8d7ad2ee-1000/563aaba5: bytes are not valid utf8
ERROR: logging before google.Init: E0831 01:12:53.141278     181 repo.go:368] failed to create patch for untracked file .scratch/phase19-review-zpWgwb/node-compile-cache/v26.8.1-x64-8d7ad2ee-1000/563c5a5b: bytes are not valid utf8
ERROR: logging before google.Init: E0831 01:12:53.141286     181 repo.go:368] failed to create patch for untracked file .scratch/phase19-review-zpWgwb/node-compile-cache/v26.8.1-x64-8d7ad2ee-1000/58a86747: bytes are not valid utf8
ERROR: logging before google.Init: E0831 01:12:53.141296     181 repo.go:368] failed to create patch for untracked file .scratch/phase19-review-zpWgwb/node-compile-cache/v26.8.1-x64-8d7ad2ee-1000/59813190: bytes are not valid utf8
ERROR: logging before google.Init: E0831 01:12:53.141304     181 repo.go:368] failed to create patch for untracked file .scratch/phase19-review-zpWgwb/node-compile-cache/v26.8.1-x64-8d7ad2ee-1000/59c632ba: bytes are not valid utf8
ERROR: logging before google.Init: E0831 01:12:53.141313     181 repo.go:368] failed to create patch for untracked file .scratch/phase19-review-zpWgwb/node-compile-cache/v26.8.1-x64-8d7ad2ee-1000/5a02de71: bytes are not valid utf8
ERROR: logging before google.Init: E0831 01:12:53.141321     181 repo.go:368] failed to create patch for untracked file .scratch/phase19-review-zpWgwb/node-compile-cache/v26.8.1-x64-8d7ad2ee-1000/5a2bad40: bytes are not valid utf8
ERROR: logging before google.Init: E0831 01:12:53.141329     181 repo.go:368] failed to create patch for untracked file .scratch/phase19-review-zpWgwb/node-compile-cache/v26.8.1-x64-8d7ad2ee-1000/5a4f0644: bytes are not valid utf8
ERROR: logging before google.Init: E0831 01:12:53.141338     181 repo.go:368] failed to create patch for untracked file .scratch/phase19-review-zpWgwb/node-compile-cache/v26.8.1-x64-8d7ad2ee-1000/5b11a02a: bytes are not valid utf8
ERROR: logging before google.Init: E0831 01:12:53.141346     181 repo.go:368] failed to create patch for untracked file .scratch/phase19-review-zpWgwb/node-compile-cache/v26.8.1-x64-8d7ad2ee-1000/5b85805a: bytes are not valid utf8
ERROR: logging before google.Init: E0831 01:12:53.141356     181 repo.go:368] failed to create patch for untracked file .scratch/phase19-review-zpWgwb/node-compile-cache/v26.8.1-x64-8d7ad2ee-1000/5c70eb54: bytes are not valid utf8
ERROR: logging before google.Init: E0831 01:12:53.141364     181 repo.go:368] failed to create patch for untracked file .scratch/phase19-review-zpWgwb/node-compile-cache/v26.8.1-x64-8d7ad2ee-1000/5cb4a584: bytes are not valid utf8
ERROR: logging before google.Init: E0831 01:12:53.141373     181 repo.go:368] failed to create patch for untracked file .scratch/phase19-review-zpWgwb/node-compile-cache/v26.8.1-x64-8d7ad2ee-1000/5d2f2ae5: bytes are not valid utf8
ERROR: logging before google.Init: E0831 01:12:53.141381     181 repo.go:368] failed to create patch for untracked file .scratch/phase19-review-zpWgwb/node-compile-cache/v26.8.1-x64-8d7ad2ee-1000/5d92a678: bytes are not valid utf8
ERROR: logging before google.Init: E0831 01:12:53.141389     181 repo.go:368] failed to create patch for untracked file .scratch/phase19-review-zpWgwb/node-compile-cache/v26.8.1-x64-8d7ad2ee-1000/5dca1a77: bytes are not valid utf8
ERROR: logging before google.Init: E0831 01:12:53.141397     181 repo.go:368] failed to create patch for untracked file .scratch/phase19-review-zpWgwb/node-compile-cache/v26.8.1-x64-8d7ad2ee-1000/5e8eedb9: bytes are not valid utf8
ERROR: logging before google.Init: E0831 01:12:53.141405     181 repo.go:368] failed to create patch for untracked file .scratch/phase19-review-zpWgwb/node-compile-cache/v26.8.1-x64-8d7ad2ee-1000/5edebc65: bytes are not valid utf8
ERROR: logging before google.Init: E0831 01:12:53.141413     181 repo.go:368] failed to create patch for untracked file .scratch/phase19-review-zpWgwb/node-compile-cache/v26.8.1-x64-8d7ad2ee-1000/5f1df0eb: bytes are not valid utf8
ERROR: logging before google.Init: E0831 01:12:53.141421     181 repo.go:368] failed to create patch for untracked file .scratch/phase19-review-zpWgwb/node-compile-cache/v26.8.1-x64-8d7ad2ee-1000/5f56d863: bytes are not valid utf8
ERROR: logging before google.Init: E0831 01:12:53.141430     181 repo.go:368] failed to create patch for untracked file .scratch/phase19-review-zpWgwb/node-compile-cache/v26.8.1-x64-8d7ad2ee-1000/5f7e7acf: bytes are not valid utf8
ERROR: logging before google.Init: E0831 01:12:53.141437     181 repo.go:368] failed to create patch for untracked file .scratch/phase19-review-zpWgwb/node-compile-cache/v26.8.1-x64-8d7ad2ee-1000/5f919d1b: bytes are not valid utf8
ERROR: logging before google.Init: E0831 01:12:53.141445     181 repo.go:368] failed to create patch for untracked file .scratch/phase19-review-zpWgwb/node-compile-cache/v26.8.1-x64-8d7ad2ee-1000/5fe6ecaf: bytes are not valid utf8
ERROR: logging before google.Init: E0831 01:12:53.141454     181 repo.go:368] failed to create patch for untracked file .scratch/phase19-review-zpWgwb/node-compile-cache/v26.8.1-x64-8d7ad2ee-1000/6016cac3: bytes are not valid utf8
ERROR: logging before google.Init: E0831 01:12:53.141462     181 repo.go:368] failed to create patch for untracked file .scratch/phase19-review-zpWgwb/node-compile-cache/v26.8.1-x64-8d7ad2ee-1000/6048ce02: bytes are not valid utf8
ERROR: logging before google.Init: E0831 01:12:53.141470     181 repo.go:368] failed to create patch for untracked file .scratch/phase19-review-zpWgwb/node-compile-cache/v26.8.1-x64-8d7ad2ee-1000/61f7bb7b: bytes are not valid utf8
ERROR: logging before google.Init: E0831 01:12:53.141478     181 repo.go:368] failed to create patch for untracked file .scratch/phase19-review-zpWgwb/node-compile-cache/v26.8.1-x64-8d7ad2ee-1000/622b33b0: bytes are not valid utf8
ERROR: logging before google.Init: E0831 01:12:53.141486     181 repo.go:368] failed to create patch for untracked file .scratch/phase19-review-zpWgwb/node-compile-cache/v26.8.1-x64-8d7ad2ee-1000/62586457: bytes are not valid utf8
ERROR: logging before google.Init: E0831 01:12:53.141494     181 repo.go:368] failed to create patch for untracked file .scratch/phase19-review-zpWgwb/node-compile-cache/v26.8.1-x64-8d7ad2ee-1000/62ed7fd1: bytes are not valid utf8
ERROR: logging before google.Init: E0831 01:12:53.141503     181 repo.go:368] failed to create patch for untracked file .scratch/phase19-review-zpWgwb/node-compile-cache/v26.8.1-x64-8d7ad2ee-1000/636599f0: bytes are not valid utf8
ERROR: logging before google.Init: E0831 01:12:53.141511     181 repo.go:368] failed to create patch for untracked file .scratch/phase19-review-zpWgwb/node-compile-cache/v26.8.1-x64-8d7ad2ee-1000/6522fba8: bytes are not valid utf8
ERROR: logging before google.Init: E0831 01:12:53.141519     181 repo.go:368] failed to create patch for untracked file .scratch/phase19-review-zpWgwb/node-compile-cache/v26.8.1-x64-8d7ad2ee-1000/65ab8216: bytes are not valid utf8
ERROR: logging before google.Init: E0831 01:12:53.141528     181 repo.go:368] failed to create patch for untracked file .scratch/phase19-review-zpWgwb/node-compile-cache/v26.8.1-x64-8d7ad2ee-1000/65cde378: bytes are not valid utf8
ERROR: logging before google.Init: E0831 01:12:53.141536     181 repo.go:368] failed to create patch for untracked file .scratch/phase19-review-zpWgwb/node-compile-cache/v26.8.1-x64-8d7ad2ee-1000/660988f2: bytes are not valid utf8
ERROR: logging before google.Init: E0831 01:12:53.141545     181 repo.go:368] failed to create patch for untracked file .scratch/phase19-review-zpWgwb/node-compile-cache/v26.8.1-x64-8d7ad2ee-1000/66718a50: bytes are not valid utf8
ERROR: logging before google.Init: E0831 01:12:53.141552     181 repo.go:368] failed to create patch for untracked file .scratch/phase19-review-zpWgwb/node-compile-cache/v26.8.1-x64-8d7ad2ee-1000/66b0f63a: bytes are not valid utf8
ERROR: logging before google.Init: E0831 01:12:53.141561     181 repo.go:368] failed to create patch for untracked file .scratch/phase19-review-zpWgwb/node-compile-cache/v26.8.1-x64-8d7ad2ee-1000/6784e3ae: bytes are not valid utf8
ERROR: logging before google.Init: E0831 01:12:53.141569     181 repo.go:368] failed to create patch for untracked file .scratch/phase19-review-zpWgwb/node-compile-cache/v26.8.1-x64-8d7ad2ee-1000/6824ca7e: bytes are not valid utf8
ERROR: logging before google.Init: E0831 01:12:53.141577     181 repo.go:368] failed to create patch for untracked file .scratch/phase19-review-zpWgwb/node-compile-cache/v26.8.1-x64-8d7ad2ee-1000/684322c8: bytes are not valid utf8
ERROR: logging before google.Init: E0831 01:12:53.141585     181 repo.go:368] failed to create patch for untracked file .scratch/phase19-review-zpWgwb/node-compile-cache/v26.8.1-x64-8d7ad2ee-1000/694ec7e6: bytes are not valid utf8
ERROR: logging before google.Init: E0831 01:12:53.141598     181 repo.go:368] failed to create patch for untracked file .scratch/phase19-review-zpWgwb/node-compile-cache/v26.8.1-x64-8d7ad2ee-1000/6a65a83f: bytes are not valid utf8
ERROR: logging before google.Init: E0831 01:12:53.141607     181 repo.go:368] failed to create patch for untracked file .scratch/phase19-review-zpWgwb/node-compile-cache/v26.8.1-x64-8d7ad2ee-1000/6a7808c6: bytes are not valid utf8
ERROR: logging before google.Init: E0831 01:12:53.141617     181 repo.go:368] failed to create patch for untracked file .scratch/phase19-review-zpWgwb/node-compile-cache/v26.8.1-x64-8d7ad2ee-1000/6ae82fed: bytes are not valid utf8
ERROR: logging before google.Init: E0831 01:12:53.141625     181 repo.go:368] failed to create patch for untracked file .scratch/phase19-review-zpWgwb/node-compile-cache/v26.8.1-x64-8d7ad2ee-1000/6aea0ceb: bytes are not valid utf8
ERROR: logging before google.Init: E0831 01:12:53.141633     181 repo.go:368] failed to create patch for untracked file .scratch/phase19-review-zpWgwb/node-compile-cache/v26.8.1-x64-8d7ad2ee-1000/6b685747: bytes are not valid utf8
ERROR: logging before google.Init: E0831 01:12:53.141642     181 repo.go:368] failed to create patch for untracked file .scratch/phase19-review-zpWgwb/node-compile-cache/v26.8.1-x64-8d7ad2ee-1000/6c301b7e: bytes are not valid utf8
ERROR: logging before google.Init: E0831 01:12:53.141650     181 repo.go:368] failed to create patch for untracked file .scratch/phase19-review-zpWgwb/node-compile-cache/v26.8.1-x64-8d7ad2ee-1000/6c450625: bytes are not valid utf8
ERROR: logging before google.Init: E0831 01:12:53.141658     181 repo.go:368] failed to create patch for untracked file .scratch/phase19-review-zpWgwb/node-compile-cache/v26.8.1-x64-8d7ad2ee-1000/6c53203c: bytes are not valid utf8
ERROR: logging before google.Init: E0831 01:12:53.141666     181 repo.go:368] failed to create patch for untracked file .scratch/phase19-review-zpWgwb/node-compile-cache/v26.8.1-x64-8d7ad2ee-1000/6d365289: bytes are not valid utf8
ERROR: logging before google.Init: E0831 01:12:53.141674     181 repo.go:368] failed to create patch for untracked file .scratch/phase19-review-zpWgwb/node-compile-cache/v26.8.1-x64-8d7ad2ee-1000/6d6d5f1c: bytes are not valid utf8
ERROR: logging before google.Init: E0831 01:12:53.141682     181 repo.go:368] failed to create patch for untracked file .scratch/phase19-review-zpWgwb/node-compile-cache/v26.8.1-x64-8d7ad2ee-1000/6e21950d: bytes are not valid utf8
ERROR: logging before google.Init: E0831 01:12:53.141691     181 repo.go:368] failed to create patch for untracked file .scratch/phase19-review-zpWgwb/node-compile-cache/v26.8.1-x64-8d7ad2ee-1000/6f06e5c8: bytes are not valid utf8
ERROR: logging before google.Init: E0831 01:12:53.141705     181 repo.go:368] failed to create patch for untracked file .scratch/phase19-review-zpWgwb/node-compile-cache/v26.8.1-x64-8d7ad2ee-1000/70ea9bd2: bytes are not valid utf8
ERROR: logging before google.Init: E0831 01:12:53.141714     181 repo.go:368] failed to create patch for untracked file .scratch/phase19-review-zpWgwb/node-compile-cache/v26.8.1-x64-8d7ad2ee-1000/71670fc7: bytes are not valid utf8
ERROR: logging before google.Init: E0831 01:12:53.141723     181 repo.go:368] failed to create patch for untracked file .scratch/phase19-review-zpWgwb/node-compile-cache/v26.8.1-x64-8d7ad2ee-1000/72440b2a: bytes are not valid utf8
ERROR: logging before google.Init: E0831 01:12:53.141736     181 repo.go:368] failed to create patch for untracked file .scratch/phase19-review-zpWgwb/node-compile-cache/v26.8.1-x64-8d7ad2ee-1000/7264f2d9: bytes are not valid utf8
ERROR: logging before google.Init: E0831 01:12:53.141745     181 repo.go:368] failed to create patch for untracked file .scratch/phase19-review-zpWgwb/node-compile-cache/v26.8.1-x64-8d7ad2ee-1000/73dc70c8: bytes are not valid utf8
ERROR: logging before google.Init: E0831 01:12:53.141754     181 repo.go:368] failed to create patch for untracked file .scratch/phase19-review-zpWgwb/node-compile-cache/v26.8.1-x64-8d7ad2ee-1000/73e61496: bytes are not valid utf8
ERROR: logging before google.Init: E0831 01:12:53.141763     181 repo.go:368] failed to create patch for untracked file .scratch/phase19-review-zpWgwb/node-compile-cache/v26.8.1-x64-8d7ad2ee-1000/744355f7: bytes are not valid utf8
ERROR: logging before google.Init: E0831 01:12:53.141771     181 repo.go:368] failed to create patch for untracked file .scratch/phase19-review-zpWgwb/node-compile-cache/v26.8.1-x64-8d7ad2ee-1000/753fef06: bytes are not valid utf8
ERROR: logging before google.Init: E0831 01:12:53.141778     181 repo.go:368] failed to create patch for untracked file .scratch/phase19-review-zpWgwb/node-compile-cache/v26.8.1-x64-8d7ad2ee-1000/7566a99c: bytes are not valid utf8
ERROR: logging before google.Init: E0831 01:12:53.141787     181 repo.go:368] failed to create patch for untracked file .scratch/phase19-review-zpWgwb/node-compile-cache/v26.8.1-x64-8d7ad2ee-1000/758cf23f: bytes are not valid utf8
ERROR: logging before google.Init: E0831 01:12:53.141795     181 repo.go:368] failed to create patch for untracked file .scratch/phase19-review-zpWgwb/node-compile-cache/v26.8.1-x64-8d7ad2ee-1000/76499fec: bytes are not valid utf8
ERROR: logging before google.Init: E0831 01:12:53.141803     181 repo.go:368] failed to create patch for untracked file .scratch/phase19-review-zpWgwb/node-compile-cache/v26.8.1-x64-8d7ad2ee-1000/764f1fcf: bytes are not valid utf8
ERROR: logging before google.Init: E0831 01:12:53.141812     181 repo.go:368] failed to create patch for untracked file .scratch/phase19-review-zpWgwb/node-compile-cache/v26.8.1-x64-8d7ad2ee-1000/77f31fbb: bytes are not valid utf8
ERROR: logging before google.Init: E0831 01:12:53.141820     181 repo.go:368] failed to create patch for untracked file .scratch/phase19-review-zpWgwb/node-compile-cache/v26.8.1-x64-8d7ad2ee-1000/781b61c0: bytes are not valid utf8
ERROR: logging before google.Init: E0831 01:12:53.141829     181 repo.go:368] failed to create patch for untracked file .scratch/phase19-review-zpWgwb/node-compile-cache/v26.8.1-x64-8d7ad2ee-1000/78b374bb: bytes are not valid utf8
ERROR: logging before google.Init: E0831 01:12:53.141845     181 repo.go:368] failed to create patch for untracked file .scratch/phase19-review-zpWgwb/node-compile-cache/v26.8.1-x64-8d7ad2ee-1000/78e935bf: bytes are not valid utf8
ERROR: logging before google.Init: E0831 01:12:53.141853     181 repo.go:368] failed to create patch for untracked file .scratch/phase19-review-zpWgwb/node-compile-cache/v26.8.1-x64-8d7ad2ee-1000/78ec12fe: bytes are not valid utf8
ERROR: logging before google.Init: E0831 01:12:53.141861     181 repo.go:368] failed to create patch for untracked file .scratch/phase19-review-zpWgwb/node-compile-cache/v26.8.1-x64-8d7ad2ee-1000/7a29d76e: bytes are not valid utf8
ERROR: logging before google.Init: E0831 01:12:53.141869     181 repo.go:368] failed to create patch for untracked file .scratch/phase19-review-zpWgwb/node-compile-cache/v26.8.1-x64-8d7ad2ee-1000/7a4cedbe: bytes are not valid utf8
ERROR: logging before google.Init: E0831 01:12:53.141877     181 repo.go:368] failed to create patch for untracked file .scratch/phase19-review-zpWgwb/node-compile-cache/v26.8.1-x64-8d7ad2ee-1000/7a9833a6: bytes are not valid utf8
ERROR: logging before google.Init: E0831 01:12:53.141886     181 repo.go:368] failed to create patch for untracked file .scratch/phase19-review-zpWgwb/node-compile-cache/v26.8.1-x64-8d7ad2ee-1000/7ba1b446: bytes are not valid utf8
ERROR: logging before google.Init: E0831 01:12:53.141894     181 repo.go:368] failed to create patch for untracked file .scratch/phase19-review-zpWgwb/node-compile-cache/v26.8.1-x64-8d7ad2ee-1000/7c63e190: bytes are not valid utf8
ERROR: logging before google.Init: E0831 01:12:53.141902     181 repo.go:368] failed to create patch for untracked file .scratch/phase19-review-zpWgwb/node-compile-cache/v26.8.1-x64-8d7ad2ee-1000/7d43326e: bytes are not valid utf8
ERROR: logging before google.Init: E0831 01:12:53.141910     181 repo.go:368] failed to create patch for untracked file .scratch/phase19-review-zpWgwb/node-compile-cache/v26.8.1-x64-8d7ad2ee-1000/7d9fc342: bytes are not valid utf8
ERROR: logging before google.Init: E0831 01:12:53.141918     181 repo.go:368] failed to create patch for untracked file .scratch/phase19-review-zpWgwb/node-compile-cache/v26.8.1-x64-8d7ad2ee-1000/7eed8663: bytes are not valid utf8
ERROR: logging before google.Init: E0831 01:12:53.141926     181 repo.go:368] failed to create patch for untracked file .scratch/phase19-review-zpWgwb/node-compile-cache/v26.8.1-x64-8d7ad2ee-1000/7f33eb18: bytes are not valid utf8
ERROR: logging before google.Init: E0831 01:12:53.141934     181 repo.go:368] failed to create patch for untracked file .scratch/phase19-review-zpWgwb/node-compile-cache/v26.8.1-x64-8d7ad2ee-1000/7f8f0416: bytes are not valid utf8
ERROR: logging before google.Init: E0831 01:12:53.141943     181 repo.go:368] failed to create patch for untracked file .scratch/phase19-review-zpWgwb/node-compile-cache/v26.8.1-x64-8d7ad2ee-1000/7faaa2b7: bytes are not valid utf8
ERROR: logging before google.Init: E0831 01:12:53.141952     181 repo.go:368] failed to create patch for untracked file .scratch/phase19-review-zpWgwb/node-compile-cache/v26.8.1-x64-8d7ad2ee-1000/7fc846f5: bytes are not valid utf8
ERROR: logging before google.Init: E0831 01:12:53.141960     181 repo.go:368] failed to create patch for untracked file .scratch/phase19-review-zpWgwb/node-compile-cache/v26.8.1-x64-8d7ad2ee-1000/804cf119: bytes are not valid utf8
ERROR: logging before google.Init: E0831 01:12:53.141968     181 repo.go:368] failed to create patch for untracked file .scratch/phase19-review-zpWgwb/node-compile-cache/v26.8.1-x64-8d7ad2ee-1000/80623fd1: bytes are not valid utf8
ERROR: logging before google.Init: E0831 01:12:53.141976     181 repo.go:368] failed to create patch for untracked file .scratch/phase19-review-zpWgwb/node-compile-cache/v26.8.1-x64-8d7ad2ee-1000/80cea747: bytes are not valid utf8
ERROR: logging before google.Init: E0831 01:12:53.141985     181 repo.go:368] failed to create patch for untracked file .scratch/phase19-review-zpWgwb/node-compile-cache/v26.8.1-x64-8d7ad2ee-1000/80d419f1: bytes are not valid utf8
ERROR: logging before google.Init: E0831 01:12:53.141993     181 repo.go:368] failed to create patch for untracked file .scratch/phase19-review-zpWgwb/node-compile-cache/v26.8.1-x64-8d7ad2ee-1000/80e0f000: bytes are not valid utf8
ERROR: logging before google.Init: E0831 01:12:53.142001     181 repo.go:368] failed to create patch for untracked file .scratch/phase19-review-zpWgwb/node-compile-cache/v26.8.1-x64-8d7ad2ee-1000/8166bce3: bytes are not valid utf8
ERROR: logging before google.Init: E0831 01:12:53.142008     181 repo.go:368] failed to create patch for untracked file .scratch/phase19-review-zpWgwb/node-compile-cache/v26.8.1-x64-8d7ad2ee-1000/819fbc00: bytes are not valid utf8
ERROR: logging before google.Init: E0831 01:12:53.142017     181 repo.go:368] failed to create patch for untracked file .scratch/phase19-review-zpWgwb/node-compile-cache/v26.8.1-x64-8d7ad2ee-1000/8235ed93: bytes are not valid utf8
ERROR: logging before google.Init: E0831 01:12:53.142025     181 repo.go:368] failed to create patch for untracked file .scratch/phase19-review-zpWgwb/node-compile-cache/v26.8.1-x64-8d7ad2ee-1000/82c56f9d: bytes are not valid utf8
ERROR: logging before google.Init: E0831 01:12:53.142033     181 repo.go:368] failed to create patch for untracked file .scratch/phase19-review-zpWgwb/node-compile-cache/v26.8.1-x64-8d7ad2ee-1000/82ffa636: bytes are not valid utf8
ERROR: logging before google.Init: E0831 01:12:53.142041     181 repo.go:368] failed to create patch for untracked file .scratch/phase19-review-zpWgwb/node-compile-cache/v26.8.1-x64-8d7ad2ee-1000/83412358: bytes are not valid utf8
ERROR: logging before google.Init: E0831 01:12:53.142049     181 repo.go:368] failed to create patch for untracked file .scratch/phase19-review-zpWgwb/node-compile-cache/v26.8.1-x64-8d7ad2ee-1000/84171089: bytes are not valid utf8
ERROR: logging before google.Init: E0831 01:12:53.142057     181 repo.go:368] failed to create patch for untracked file .scratch/phase19-review-zpWgwb/node-compile-cache/v26.8.1-x64-8d7ad2ee-1000/844075b3: bytes are not valid utf8
ERROR: logging before google.Init: E0831 01:12:53.142066     181 repo.go:368] failed to create patch for untracked file .scratch/phase19-review-zpWgwb/node-compile-cache/v26.8.1-x64-8d7ad2ee-1000/8480710b: bytes are not valid utf8
ERROR: logging before google.Init: E0831 01:12:53.142073     181 repo.go:368] failed to create patch for untracked file .scratch/phase19-review-zpWgwb/node-compile-cache/v26.8.1-x64-8d7ad2ee-1000/85ee96ac: bytes are not valid utf8
ERROR: logging before google.Init: E0831 01:12:53.142087     181 repo.go:368] failed to create patch for untracked file .scratch/phase19-review-zpWgwb/node-compile-cache/v26.8.1-x64-8d7ad2ee-1000/86d3f244: bytes are not valid utf8
ERROR: logging before google.Init: E0831 01:12:53.142095     181 repo.go:368] failed to create patch for untracked file .scratch/phase19-review-zpWgwb/node-compile-cache/v26.8.1-x64-8d7ad2ee-1000/87e9eef0: bytes are not valid utf8
ERROR: logging before google.Init: E0831 01:12:53.142103     181 repo.go:368] failed to create patch for untracked file .scratch/phase19-review-zpWgwb/node-compile-cache/v26.8.1-x64-8d7ad2ee-1000/8840590a: bytes are not valid utf8
ERROR: logging before google.Init: E0831 01:12:53.142120     181 repo.go:368] failed to create patch for untracked file .scratch/phase19-review-zpWgwb/node-compile-cache/v26.8.1-x64-8d7ad2ee-1000/888c8220: bytes are not valid utf8
ERROR: logging before google.Init: E0831 01:12:53.142130     181 repo.go:368] failed to create patch for untracked file .scratch/phase19-review-zpWgwb/node-compile-cache/v26.8.1-x64-8d7ad2ee-1000/88d80057: bytes are not valid utf8
ERROR: logging before google.Init: E0831 01:12:53.142139     181 repo.go:368] failed to create patch for untracked file .scratch/phase19-review-zpWgwb/node-compile-cache/v26.8.1-x64-8d7ad2ee-1000/88e0f645: bytes are not valid utf8
ERROR: logging before google.Init: E0831 01:12:53.142146     181 repo.go:368] failed to create patch for untracked file .scratch/phase19-review-zpWgwb/node-compile-cache/v26.8.1-x64-8d7ad2ee-1000/88f715d0: bytes are not valid utf8
ERROR: logging before google.Init: E0831 01:12:53.142156     181 repo.go:368] failed to create patch for untracked file .scratch/phase19-review-zpWgwb/node-compile-cache/v26.8.1-x64-8d7ad2ee-1000/89a78b27: bytes are not valid utf8
ERROR: logging before google.Init: E0831 01:12:53.142164     181 repo.go:368] failed to create patch for untracked file .scratch/phase19-review-zpWgwb/node-compile-cache/v26.8.1-x64-8d7ad2ee-1000/89adba7c: bytes are not valid utf8
ERROR: logging before google.Init: E0831 01:12:53.142172     181 repo.go:368] failed to create patch for untracked file .scratch/phase19-review-zpWgwb/node-compile-cache/v26.8.1-x64-8d7ad2ee-1000/8aa2de4d: bytes are not valid utf8
ERROR: logging before google.Init: E0831 01:12:53.142181     181 repo.go:368] failed to create patch for untracked file .scratch/phase19-review-zpWgwb/node-compile-cache/v26.8.1-x64-8d7ad2ee-1000/8b0142f4: bytes are not valid utf8
ERROR: logging before google.Init: E0831 01:12:53.142189     181 repo.go:368] failed to create patch for untracked file .scratch/phase19-review-zpWgwb/node-compile-cache/v26.8.1-x64-8d7ad2ee-1000/8c431d24: bytes are not valid utf8
ERROR: logging before google.Init: E0831 01:12:53.142198     181 repo.go:368] failed to create patch for untracked file .scratch/phase19-review-zpWgwb/node-compile-cache/v26.8.1-x64-8d7ad2ee-1000/8cee33a3: bytes are not valid utf8
ERROR: logging before google.Init: E0831 01:12:53.142206     181 repo.go:368] failed to create patch for untracked file .scratch/phase19-review-zpWgwb/node-compile-cache/v26.8.1-x64-8d7ad2ee-1000/8d921cb6: bytes are not valid utf8
ERROR: logging before google.Init: E0831 01:12:53.142214     181 repo.go:368] failed to create patch for untracked file .scratch/phase19-review-zpWgwb/node-compile-cache/v26.8.1-x64-8d7ad2ee-1000/8e77503a: bytes are not valid utf8
ERROR: logging before google.Init: E0831 01:12:53.142222     181 repo.go:368] failed to create patch for untracked file .scratch/phase19-review-zpWgwb/node-compile-cache/v26.8.1-x64-8d7ad2ee-1000/8f0d912a: bytes are not valid utf8
ERROR: logging before google.Init: E0831 01:12:53.142230     181 repo.go:368] failed to create patch for untracked file .scratch/phase19-review-zpWgwb/node-compile-cache/v26.8.1-x64-8d7ad2ee-1000/8fd2d67a: bytes are not valid utf8
ERROR: logging before google.Init: E0831 01:12:53.142239     181 repo.go:368] failed to create patch for untracked file .scratch/phase19-review-zpWgwb/node-compile-cache/v26.8.1-x64-8d7ad2ee-1000/8fec5c6a: bytes are not valid utf8
ERROR: logging before google.Init: E0831 01:12:53.142247     181 repo.go:368] failed to create patch for untracked file .scratch/phase19-review-zpWgwb/node-compile-cache/v26.8.1-x64-8d7ad2ee-1000/90014fac: bytes are not valid utf8
ERROR: logging before google.Init: E0831 01:12:53.142255     181 repo.go:368] failed to create patch for untracked file .scratch/phase19-review-zpWgwb/node-compile-cache/v26.8.1-x64-8d7ad2ee-1000/90925e8d: bytes are not valid utf8
ERROR: logging before google.Init: E0831 01:12:53.142263     181 repo.go:368] failed to create patch for untracked file .scratch/phase19-review-zpWgwb/node-compile-cache/v26.8.1-x64-8d7ad2ee-1000/9200ae60: bytes are not valid utf8
ERROR: logging before google.Init: E0831 01:12:53.142272     181 repo.go:368] failed to create patch for untracked file .scratch/phase19-review-zpWgwb/node-compile-cache/v26.8.1-x64-8d7ad2ee-1000/9222b63d: bytes are not valid utf8
ERROR: logging before google.Init: E0831 01:12:53.142281     181 repo.go:368] failed to create patch for untracked file .scratch/phase19-review-zpWgwb/node-compile-cache/v26.8.1-x64-8d7ad2ee-1000/923b43eb: bytes are not valid utf8
ERROR: logging before google.Init: E0831 01:12:53.142289     181 repo.go:368] failed to create patch for untracked file .scratch/phase19-review-zpWgwb/node-compile-cache/v26.8.1-x64-8d7ad2ee-1000/92e8e3a2: bytes are not valid utf8
ERROR: logging before google.Init: E0831 01:12:53.142298     181 repo.go:368] failed to create patch for untracked file .scratch/phase19-review-zpWgwb/node-compile-cache/v26.8.1-x64-8d7ad2ee-1000/94aced3c: bytes are not valid utf8
ERROR: logging before google.Init: E0831 01:12:53.142306     181 repo.go:368] failed to create patch for untracked file .scratch/phase19-review-zpWgwb/node-compile-cache/v26.8.1-x64-8d7ad2ee-1000/94cd4d86: bytes are not valid utf8
ERROR: logging before google.Init: E0831 01:12:53.142315     181 repo.go:368] failed to create patch for untracked file .scratch/phase19-review-zpWgwb/node-compile-cache/v26.8.1-x64-8d7ad2ee-1000/954df96b: bytes are not valid utf8
ERROR: logging before google.Init: E0831 01:12:53.142324     181 repo.go:368] failed to create patch for untracked file .scratch/phase19-review-zpWgwb/node-compile-cache/v26.8.1-x64-8d7ad2ee-1000/95847940: bytes are not valid utf8
ERROR: logging before google.Init: E0831 01:12:53.142332     181 repo.go:368] failed to create patch for untracked file .scratch/phase19-review-zpWgwb/node-compile-cache/v26.8.1-x64-8d7ad2ee-1000/9597e005: bytes are not valid utf8
ERROR: logging before google.Init: E0831 01:12:53.142340     181 repo.go:368] failed to create patch for untracked file .scratch/phase19-review-zpWgwb/node-compile-cache/v26.8.1-x64-8d7ad2ee-1000/973c40c2: bytes are not valid utf8
ERROR: logging before google.Init: E0831 01:12:53.142347     181 repo.go:368] failed to create patch for untracked file .scratch/phase19-review-zpWgwb/node-compile-cache/v26.8.1-x64-8d7ad2ee-1000/97e2a22a: bytes are not valid utf8
ERROR: logging before google.Init: E0831 01:12:53.142356     181 repo.go:368] failed to create patch for untracked file .scratch/phase19-review-zpWgwb/node-compile-cache/v26.8.1-x64-8d7ad2ee-1000/97ea8261: bytes are not valid utf8
ERROR: logging before google.Init: E0831 01:12:53.142364     181 repo.go:368] failed to create patch for untracked file .scratch/phase19-review-zpWgwb/node-compile-cache/v26.8.1-x64-8d7ad2ee-1000/9858c0ef: bytes are not valid utf8
ERROR: logging before google.Init: E0831 01:12:53.142372     181 repo.go:368] failed to create patch for untracked file .scratch/phase19-review-zpWgwb/node-compile-cache/v26.8.1-x64-8d7ad2ee-1000/98f34ccb: bytes are not valid utf8
ERROR: logging before google.Init: E0831 01:12:53.142380     181 repo.go:368] failed to create patch for untracked file .scratch/phase19-review-zpWgwb/node-compile-cache/v26.8.1-x64-8d7ad2ee-1000/992bebce: bytes are not valid utf8
ERROR: logging before google.Init: E0831 01:12:53.142388     181 repo.go:368] failed to create patch for untracked file .scratch/phase19-review-zpWgwb/node-compile-cache/v26.8.1-x64-8d7ad2ee-1000/99757a15: bytes are not valid utf8
ERROR: logging before google.Init: E0831 01:12:53.142396     181 repo.go:368] failed to create patch for untracked file .scratch/phase19-review-zpWgwb/node-compile-cache/v26.8.1-x64-8d7ad2ee-1000/99b6a49a: bytes are not valid utf8
ERROR: logging before google.Init: E0831 01:12:53.142405     181 repo.go:368] failed to create patch for untracked file .scratch/phase19-review-zpWgwb/node-compile-cache/v26.8.1-x64-8d7ad2ee-1000/99b73f3a: bytes are not valid utf8
ERROR: logging before google.Init: E0831 01:12:53.142413     181 repo.go:368] failed to create patch for untracked file .scratch/phase19-review-zpWgwb/node-compile-cache/v26.8.1-x64-8d7ad2ee-1000/9af85e0f: bytes are not valid utf8
ERROR: logging before google.Init: E0831 01:12:53.142421     181 repo.go:368] failed to create patch for untracked file .scratch/phase19-review-zpWgwb/node-compile-cache/v26.8.1-x64-8d7ad2ee-1000/9b798567: bytes are not valid utf8
ERROR: logging before google.Init: E0831 01:12:53.142429     181 repo.go:368] failed to create patch for untracked file .scratch/phase19-review-zpWgwb/node-compile-cache/v26.8.1-x64-8d7ad2ee-1000/9b8bdc7b: bytes are not valid utf8
ERROR: logging before google.Init: E0831 01:12:53.142436     181 repo.go:368] failed to create patch for untracked file .scratch/phase19-review-zpWgwb/node-compile-cache/v26.8.1-x64-8d7ad2ee-1000/9c0221fb: bytes are not valid utf8
ERROR: logging before google.Init: E0831 01:12:53.142445     181 repo.go:368] failed to create patch for untracked file .scratch/phase19-review-zpWgwb/node-compile-cache/v26.8.1-x64-8d7ad2ee-1000/9c02fb6b: bytes are not valid utf8
ERROR: logging before google.Init: E0831 01:12:53.142452     181 repo.go:368] failed to create patch for untracked file .scratch/phase19-review-zpWgwb/node-compile-cache/v26.8.1-x64-8d7ad2ee-1000/9c1a7992: bytes are not valid utf8
ERROR: logging before google.Init: E0831 01:12:53.142460     181 repo.go:368] failed to create patch for untracked file .scratch/phase19-review-zpWgwb/node-compile-cache/v26.8.1-x64-8d7ad2ee-1000/9c2a21eb: bytes are not valid utf8
ERROR: logging before google.Init: E0831 01:12:53.142470     181 repo.go:368] failed to create patch for untracked file .scratch/phase19-review-zpWgwb/node-compile-cache/v26.8.1-x64-8d7ad2ee-1000/9c3fa6ef: bytes are not valid utf8
ERROR: logging before google.Init: E0831 01:12:53.142478     181 repo.go:368] failed to create patch for untracked file .scratch/phase19-review-zpWgwb/node-compile-cache/v26.8.1-x64-8d7ad2ee-1000/9c56a88b: bytes are not valid utf8
ERROR: logging before google.Init: E0831 01:12:53.142486     181 repo.go:368] failed to create patch for untracked file .scratch/phase19-review-zpWgwb/node-compile-cache/v26.8.1-x64-8d7ad2ee-1000/9c667eb9: bytes are not valid utf8
ERROR: logging before google.Init: E0831 01:12:53.142494     181 repo.go:368] failed to create patch for untracked file .scratch/phase19-review-zpWgwb/node-compile-cache/v26.8.1-x64-8d7ad2ee-1000/9c6a3dce: bytes are not valid utf8
ERROR: logging before google.Init: E0831 01:12:53.142502     181 repo.go:368] failed to create patch for untracked file .scratch/phase19-review-zpWgwb/node-compile-cache/v26.8.1-x64-8d7ad2ee-1000/9ccf5632: bytes are not valid utf8
ERROR: logging before google.Init: E0831 01:12:53.142510     181 repo.go:368] failed to create patch for untracked file .scratch/phase19-review-zpWgwb/node-compile-cache/v26.8.1-x64-8d7ad2ee-1000/9d887cbe: bytes are not valid utf8
ERROR: logging before google.Init: E0831 01:12:53.142519     181 repo.go:368] failed to create patch for untracked file .scratch/phase19-review-zpWgwb/node-compile-cache/v26.8.1-x64-8d7ad2ee-1000/9e25568a: bytes are not valid utf8
ERROR: logging before google.Init: E0831 01:12:53.142528     181 repo.go:368] failed to create patch for untracked file .scratch/phase19-review-zpWgwb/node-compile-cache/v26.8.1-x64-8d7ad2ee-1000/9e724a52: bytes are not valid utf8
ERROR: logging before google.Init: E0831 01:12:53.142536     181 repo.go:368] failed to create patch for untracked file .scratch/phase19-review-zpWgwb/node-compile-cache/v26.8.1-x64-8d7ad2ee-1000/9f2a355d: bytes are not valid utf8
ERROR: logging before google.Init: E0831 01:12:53.142544     181 repo.go:368] failed to create patch for untracked file .scratch/phase19-review-zpWgwb/node-compile-cache/v26.8.1-x64-8d7ad2ee-1000/9f9db43a: bytes are not valid utf8
ERROR: logging before google.Init: E0831 01:12:53.142552     181 repo.go:368] failed to create patch for untracked file .scratch/phase19-review-zpWgwb/node-compile-cache/v26.8.1-x64-8d7ad2ee-1000/a089927c: bytes are not valid utf8
ERROR: logging before google.Init: E0831 01:12:53.142560     181 repo.go:368] failed to create patch for untracked file .scratch/phase19-review-zpWgwb/node-compile-cache/v26.8.1-x64-8d7ad2ee-1000/a0e6c283: bytes are not valid utf8
ERROR: logging before google.Init: E0831 01:12:53.142568     181 repo.go:368] failed to create patch for untracked file .scratch/phase19-review-zpWgwb/node-compile-cache/v26.8.1-x64-8d7ad2ee-1000/a271b133: bytes are not valid utf8
ERROR: logging before google.Init: E0831 01:12:53.142576     181 repo.go:368] failed to create patch for untracked file .scratch/phase19-review-zpWgwb/node-compile-cache/v26.8.1-x64-8d7ad2ee-1000/a28a8663: bytes are not valid utf8
ERROR: logging before google.Init: E0831 01:12:53.142584     181 repo.go:368] failed to create patch for untracked file .scratch/phase19-review-zpWgwb/node-compile-cache/v26.8.1-x64-8d7ad2ee-1000/a2a3e151: bytes are not valid utf8
ERROR: logging before google.Init: E0831 01:12:53.142597     181 repo.go:368] failed to create patch for untracked file .scratch/phase19-review-zpWgwb/node-compile-cache/v26.8.1-x64-8d7ad2ee-1000/a339d434: bytes are not valid utf8
ERROR: logging before google.Init: E0831 01:12:53.142620     181 repo.go:368] failed to create patch for untracked file .scratch/phase19-review-zpWgwb/node-compile-cache/v26.8.1-x64-8d7ad2ee-1000/a3cd86f4: bytes are not valid utf8
ERROR: logging before google.Init: E0831 01:12:53.142630     181 repo.go:368] failed to create patch for untracked file .scratch/phase19-review-zpWgwb/node-compile-cache/v26.8.1-x64-8d7ad2ee-1000/a490d57b: bytes are not valid utf8
ERROR: logging before google.Init: E0831 01:12:53.142638     181 repo.go:368] failed to create patch for untracked file .scratch/phase19-review-zpWgwb/node-compile-cache/v26.8.1-x64-8d7ad2ee-1000/a5bdcdc2: bytes are not valid utf8
ERROR: logging before google.Init: E0831 01:12:53.142652     181 repo.go:368] failed to create patch for untracked file .scratch/phase19-review-zpWgwb/node-compile-cache/v26.8.1-x64-8d7ad2ee-1000/a5d5052b: bytes are not valid utf8
ERROR: logging before google.Init: E0831 01:12:53.142660     181 repo.go:368] failed to create patch for untracked file .scratch/phase19-review-zpWgwb/node-compile-cache/v26.8.1-x64-8d7ad2ee-1000/a6305dfb: bytes are not valid utf8
ERROR: logging before google.Init: E0831 01:12:53.142669     181 repo.go:368] failed to create patch for untracked file .scratch/phase19-review-zpWgwb/node-compile-cache/v26.8.1-x64-8d7ad2ee-1000/a6983ac8: bytes are not valid utf8
ERROR: logging before google.Init: E0831 01:12:53.142677     181 repo.go:368] failed to create patch for untracked file .scratch/phase19-review-zpWgwb/node-compile-cache/v26.8.1-x64-8d7ad2ee-1000/a6a586d8: bytes are not valid utf8
ERROR: logging before google.Init: E0831 01:12:53.142686     181 repo.go:368] failed to create patch for untracked file .scratch/phase19-review-zpWgwb/node-compile-cache/v26.8.1-x64-8d7ad2ee-1000/a86547b7: bytes are not valid utf8
ERROR: logging before google.Init: E0831 01:12:53.142695     181 repo.go:368] failed to create patch for untracked file .scratch/phase19-review-zpWgwb/node-compile-cache/v26.8.1-x64-8d7ad2ee-1000/a98da92f: bytes are not valid utf8
ERROR: logging before google.Init: E0831 01:12:53.142703     181 repo.go:368] failed to create patch for untracked file .scratch/phase19-review-zpWgwb/node-compile-cache/v26.8.1-x64-8d7ad2ee-1000/a98e7733: bytes are not valid utf8
ERROR: logging before google.Init: E0831 01:12:53.142714     181 repo.go:368] failed to create patch for untracked file .scratch/phase19-review-zpWgwb/node-compile-cache/v26.8.1-x64-8d7ad2ee-1000/a9a31f40: bytes are not valid utf8
ERROR: logging before google.Init: E0831 01:12:53.142723     181 repo.go:368] failed to create patch for untracked file .scratch/phase19-review-zpWgwb/node-compile-cache/v26.8.1-x64-8d7ad2ee-1000/a9df960c: bytes are not valid utf8
ERROR: logging before google.Init: E0831 01:12:53.142732     181 repo.go:368] failed to create patch for untracked file .scratch/phase19-review-zpWgwb/node-compile-cache/v26.8.1-x64-8d7ad2ee-1000/aa742600: bytes are not valid utf8
ERROR: logging before google.Init: E0831 01:12:53.142740     181 repo.go:368] failed to create patch for untracked file .scratch/phase19-review-zpWgwb/node-compile-cache/v26.8.1-x64-8d7ad2ee-1000/aa862e85: bytes are not valid utf8
ERROR: logging before google.Init: E0831 01:12:53.142749     181 repo.go:368] failed to create patch for untracked file .scratch/phase19-review-zpWgwb/node-compile-cache/v26.8.1-x64-8d7ad2ee-1000/aaff74f9: bytes are not valid utf8
ERROR: logging before google.Init: E0831 01:12:53.142758     181 repo.go:368] failed to create patch for untracked file .scratch/phase19-review-zpWgwb/node-compile-cache/v26.8.1-x64-8d7ad2ee-1000/ab50a3c6: bytes are not valid utf8
ERROR: logging before google.Init: E0831 01:12:53.142766     181 repo.go:368] failed to create patch for untracked file .scratch/phase19-review-zpWgwb/node-compile-cache/v26.8.1-x64-8d7ad2ee-1000/abaad1bb: bytes are not valid utf8
ERROR: logging before google.Init: E0831 01:12:53.142775     181 repo.go:368] failed to create patch for untracked file .scratch/phase19-review-zpWgwb/node-compile-cache/v26.8.1-x64-8d7ad2ee-1000/ac2bd971: bytes are not valid utf8
ERROR: logging before google.Init: E0831 01:12:53.142783     181 repo.go:368] failed to create patch for untracked file .scratch/phase19-review-zpWgwb/node-compile-cache/v26.8.1-x64-8d7ad2ee-1000/acddb56f: bytes are not valid utf8
ERROR: logging before google.Init: E0831 01:12:53.142791     181 repo.go:368] failed to create patch for untracked file .scratch/phase19-review-zpWgwb/node-compile-cache/v26.8.1-x64-8d7ad2ee-1000/acfd8818: bytes are not valid utf8
ERROR: logging before google.Init: E0831 01:12:53.142801     181 repo.go:368] failed to create patch for untracked file .scratch/phase19-review-zpWgwb/node-compile-cache/v26.8.1-x64-8d7ad2ee-1000/ad1d190c: bytes are not valid utf8
ERROR: logging before google.Init: E0831 01:12:53.142809     181 repo.go:368] failed to create patch for untracked file .scratch/phase19-review-zpWgwb/node-compile-cache/v26.8.1-x64-8d7ad2ee-1000/ad4a0ba9: bytes are not valid utf8
ERROR: logging before google.Init: E0831 01:12:53.142816     181 repo.go:368] failed to create patch for untracked file .scratch/phase19-review-zpWgwb/node-compile-cache/v26.8.1-x64-8d7ad2ee-1000/ae2aa98b: bytes are not valid utf8
ERROR: logging before google.Init: E0831 01:12:53.142824     181 repo.go:368] failed to create patch for untracked file .scratch/phase19-review-zpWgwb/node-compile-cache/v26.8.1-x64-8d7ad2ee-1000/ae5cd13f: bytes are not valid utf8
ERROR: logging before google.Init: E0831 01:12:53.142832     181 repo.go:368] failed to create patch for untracked file .scratch/phase19-review-zpWgwb/node-compile-cache/v26.8.1-x64-8d7ad2ee-1000/ae7303a9: bytes are not valid utf8
ERROR: logging before google.Init: E0831 01:12:53.142840     181 repo.go:368] failed to create patch for untracked file .scratch/phase19-review-zpWgwb/node-compile-cache/v26.8.1-x64-8d7ad2ee-1000/ae901c44: bytes are not valid utf8
ERROR: logging before google.Init: E0831 01:12:53.142849     181 repo.go:368] failed to create patch for untracked file .scratch/phase19-review-zpWgwb/node-compile-cache/v26.8.1-x64-8d7ad2ee-1000/ae965f4a: bytes are not valid utf8
ERROR: logging before google.Init: E0831 01:12:53.142859     181 repo.go:368] failed to create patch for untracked file .scratch/phase19-review-zpWgwb/node-compile-cache/v26.8.1-x64-8d7ad2ee-1000/aee710ca: bytes are not valid utf8
ERROR: logging before google.Init: E0831 01:12:53.142867     181 repo.go:368] failed to create patch for untracked file .scratch/phase19-review-zpWgwb/node-compile-cache/v26.8.1-x64-8d7ad2ee-1000/af9e3812: bytes are not valid utf8
ERROR: logging before google.Init: E0831 01:12:53.142875     181 repo.go:368] failed to create patch for untracked file .scratch/phase19-review-zpWgwb/node-compile-cache/v26.8.1-x64-8d7ad2ee-1000/afc339ca: bytes are not valid utf8
ERROR: logging before google.Init: E0831 01:12:53.142884     181 repo.go:368] failed to create patch for untracked file .scratch/phase19-review-zpWgwb/node-compile-cache/v26.8.1-x64-8d7ad2ee-1000/b18f607b: bytes are not valid utf8
ERROR: logging before google.Init: E0831 01:12:53.142892     181 repo.go:368] failed to create patch for untracked file .scratch/phase19-review-zpWgwb/node-compile-cache/v26.8.1-x64-8d7ad2ee-1000/b20aa54b: bytes are not valid utf8
ERROR: logging before google.Init: E0831 01:12:53.142900     181 repo.go:368] failed to create patch for untracked file .scratch/phase19-review-zpWgwb/node-compile-cache/v26.8.1-x64-8d7ad2ee-1000/b39cf02e: bytes are not valid utf8
ERROR: logging before google.Init: E0831 01:12:53.142909     181 repo.go:368] failed to create patch for untracked file .scratch/phase19-review-zpWgwb/node-compile-cache/v26.8.1-x64-8d7ad2ee-1000/b3c6e157: bytes are not valid utf8
ERROR: logging before google.Init: E0831 01:12:53.142917     181 repo.go:368] failed to create patch for untracked file .scratch/phase19-review-zpWgwb/node-compile-cache/v26.8.1-x64-8d7ad2ee-1000/b4b7ce2c: bytes are not valid utf8
ERROR: logging before google.Init: E0831 01:12:53.142926     181 repo.go:368] failed to create patch for untracked file .scratch/phase19-review-zpWgwb/node-compile-cache/v26.8.1-x64-8d7ad2ee-1000/b68550ac: bytes are not valid utf8
ERROR: logging before google.Init: E0831 01:12:53.142935     181 repo.go:368] failed to create patch for untracked file .scratch/phase19-review-zpWgwb/node-compile-cache/v26.8.1-x64-8d7ad2ee-1000/b694a736: bytes are not valid utf8
ERROR: logging before google.Init: E0831 01:12:53.142943     181 repo.go:368] failed to create patch for untracked file .scratch/phase19-review-zpWgwb/node-compile-cache/v26.8.1-x64-8d7ad2ee-1000/b8ae7f8d: bytes are not valid utf8
ERROR: logging before google.Init: E0831 01:12:53.142951     181 repo.go:368] failed to create patch for untracked file .scratch/phase19-review-zpWgwb/node-compile-cache/v26.8.1-x64-8d7ad2ee-1000/b91125cf: bytes are not valid utf8
ERROR: logging before google.Init: E0831 01:12:53.142960     181 repo.go:368] failed to create patch for untracked file .scratch/phase19-review-zpWgwb/node-compile-cache/v26.8.1-x64-8d7ad2ee-1000/b95a0dc3: bytes are not valid utf8
ERROR: logging before google.Init: E0831 01:12:53.142968     181 repo.go:368] failed to create patch for untracked file .scratch/phase19-review-zpWgwb/node-compile-cache/v26.8.1-x64-8d7ad2ee-1000/b9b788a7: bytes are not valid utf8
ERROR: logging before google.Init: E0831 01:12:53.142977     181 repo.go:368] failed to create patch for untracked file .scratch/phase19-review-zpWgwb/node-compile-cache/v26.8.1-x64-8d7ad2ee-1000/ba4fb275: bytes are not valid utf8
ERROR: logging before google.Init: E0831 01:12:53.142985     181 repo.go:368] failed to create patch for untracked file .scratch/phase19-review-zpWgwb/node-compile-cache/v26.8.1-x64-8d7ad2ee-1000/bbea8052: bytes are not valid utf8
ERROR: logging before google.Init: E0831 01:12:53.142993     181 repo.go:368] failed to create patch for untracked file .scratch/phase19-review-zpWgwb/node-compile-cache/v26.8.1-x64-8d7ad2ee-1000/bc23fbd7: bytes are not valid utf8
ERROR: logging before google.Init: E0831 01:12:53.143001     181 repo.go:368] failed to create patch for untracked file .scratch/phase19-review-zpWgwb/node-compile-cache/v26.8.1-x64-8d7ad2ee-1000/bc8842db: bytes are not valid utf8
ERROR: logging before google.Init: E0831 01:12:53.143010     181 repo.go:368] failed to create patch for untracked file .scratch/phase19-review-zpWgwb/node-compile-cache/v26.8.1-x64-8d7ad2ee-1000/bca44618: bytes are not valid utf8
ERROR: logging before google.Init: E0831 01:12:53.143019     181 repo.go:368] failed to create patch for untracked file .scratch/phase19-review-zpWgwb/node-compile-cache/v26.8.1-x64-8d7ad2ee-1000/bd1f064f: bytes are not valid utf8
ERROR: logging before google.Init: E0831 01:12:53.143029     181 repo.go:368] failed to create patch for untracked file .scratch/phase19-review-zpWgwb/node-compile-cache/v26.8.1-x64-8d7ad2ee-1000/bec154b0: bytes are not valid utf8
ERROR: logging before google.Init: E0831 01:12:53.143038     181 repo.go:368] failed to create patch for untracked file .scratch/phase19-review-zpWgwb/node-compile-cache/v26.8.1-x64-8d7ad2ee-1000/bfc63af7: bytes are not valid utf8
ERROR: logging before google.Init: E0831 01:12:53.143047     181 repo.go:368] failed to create patch for untracked file .scratch/phase19-review-zpWgwb/node-compile-cache/v26.8.1-x64-8d7ad2ee-1000/bfd470c5: bytes are not valid utf8
ERROR: logging before google.Init: E0831 01:12:53.143055     181 repo.go:368] failed to create patch for untracked file .scratch/phase19-review-zpWgwb/node-compile-cache/v26.8.1-x64-8d7ad2ee-1000/c0c83417: bytes are not valid utf8
ERROR: logging before google.Init: E0831 01:12:53.143063     181 repo.go:368] failed to create patch for untracked file .scratch/phase19-review-zpWgwb/node-compile-cache/v26.8.1-x64-8d7ad2ee-1000/c0f2996e: bytes are not valid utf8
ERROR: logging before google.Init: E0831 01:12:53.143072     181 repo.go:368] failed to create patch for untracked file .scratch/phase19-review-zpWgwb/node-compile-cache/v26.8.1-x64-8d7ad2ee-1000/c294009a: bytes are not valid utf8
ERROR: logging before google.Init: E0831 01:12:53.143080     181 repo.go:368] failed to create patch for untracked file .scratch/phase19-review-zpWgwb/node-compile-cache/v26.8.1-x64-8d7ad2ee-1000/c295ee47: bytes are not valid utf8
ERROR: logging before google.Init: E0831 01:12:53.143088     181 repo.go:368] failed to create patch for untracked file .scratch/phase19-review-zpWgwb/node-compile-cache/v26.8.1-x64-8d7ad2ee-1000/c29f3de2: bytes are not valid utf8
ERROR: logging before google.Init: E0831 01:12:53.143096     181 repo.go:368] failed to create patch for untracked file .scratch/phase19-review-zpWgwb/node-compile-cache/v26.8.1-x64-8d7ad2ee-1000/c2a2b774: bytes are not valid utf8
ERROR: logging before google.Init: E0831 01:12:53.143104     181 repo.go:368] failed to create patch for untracked file .scratch/phase19-review-zpWgwb/node-compile-cache/v26.8.1-x64-8d7ad2ee-1000/c317d524: bytes are not valid utf8
ERROR: logging before google.Init: E0831 01:12:53.143113     181 repo.go:368] failed to create patch for untracked file .scratch/phase19-review-zpWgwb/node-compile-cache/v26.8.1-x64-8d7ad2ee-1000/c45def14: bytes are not valid utf8
ERROR: logging before google.Init: E0831 01:12:53.143121     181 repo.go:368] failed to create patch for untracked file .scratch/phase19-review-zpWgwb/node-compile-cache/v26.8.1-x64-8d7ad2ee-1000/c4aca27d: bytes are not valid utf8
ERROR: logging before google.Init: E0831 01:12:53.143129     181 repo.go:368] failed to create patch for untracked file .scratch/phase19-review-zpWgwb/node-compile-cache/v26.8.1-x64-8d7ad2ee-1000/c4e533e3: bytes are not valid utf8
ERROR: logging before google.Init: E0831 01:12:53.143137     181 repo.go:368] failed to create patch for untracked file .scratch/phase19-review-zpWgwb/node-compile-cache/v26.8.1-x64-8d7ad2ee-1000/c4ff2d84: bytes are not valid utf8
ERROR: logging before google.Init: E0831 01:12:53.143260     181 repo.go:368] failed to create patch for untracked file .scratch/phase19-review-zpWgwb/node-compile-cache/v26.8.1-x64-8d7ad2ee-1000/c5596213: bytes are not valid utf8
ERROR: logging before google.Init: E0831 01:12:53.143269     181 repo.go:368] failed to create patch for untracked file .scratch/phase19-review-zpWgwb/node-compile-cache/v26.8.1-x64-8d7ad2ee-1000/c617d818: bytes are not valid utf8
ERROR: logging before google.Init: E0831 01:12:53.143278     181 repo.go:368] failed to create patch for untracked file .scratch/phase19-review-zpWgwb/node-compile-cache/v26.8.1-x64-8d7ad2ee-1000/c70d5c69: bytes are not valid utf8
ERROR: logging before google.Init: E0831 01:12:53.143291     181 repo.go:368] failed to create patch for untracked file .scratch/phase19-review-zpWgwb/node-compile-cache/v26.8.1-x64-8d7ad2ee-1000/c7e3c3b3: bytes are not valid utf8
ERROR: logging before google.Init: E0831 01:12:53.143299     181 repo.go:368] failed to create patch for untracked file .scratch/phase19-review-zpWgwb/node-compile-cache/v26.8.1-x64-8d7ad2ee-1000/c81e7cd4: bytes are not valid utf8
ERROR: logging before google.Init: E0831 01:12:53.143308     181 repo.go:368] failed to create patch for untracked file .scratch/phase19-review-zpWgwb/node-compile-cache/v26.8.1-x64-8d7ad2ee-1000/c82abdcb: bytes are not valid utf8
ERROR: logging before google.Init: E0831 01:12:53.143316     181 repo.go:368] failed to create patch for untracked file .scratch/phase19-review-zpWgwb/node-compile-cache/v26.8.1-x64-8d7ad2ee-1000/c868fc5e: bytes are not valid utf8
ERROR: logging before google.Init: E0831 01:12:53.143324     181 repo.go:368] failed to create patch for untracked file .scratch/phase19-review-zpWgwb/node-compile-cache/v26.8.1-x64-8d7ad2ee-1000/c8a47f87: bytes are not valid utf8
ERROR: logging before google.Init: E0831 01:12:53.143333     181 repo.go:368] failed to create patch for untracked file .scratch/phase19-review-zpWgwb/node-compile-cache/v26.8.1-x64-8d7ad2ee-1000/c9b05194: bytes are not valid utf8
ERROR: logging before google.Init: E0831 01:12:53.143343     181 repo.go:368] failed to create patch for untracked file .scratch/phase19-review-zpWgwb/node-compile-cache/v26.8.1-x64-8d7ad2ee-1000/c9b3658c: bytes are not valid utf8
ERROR: logging before google.Init: E0831 01:12:53.143352     181 repo.go:368] failed to create patch for untracked file .scratch/phase19-review-zpWgwb/node-compile-cache/v26.8.1-x64-8d7ad2ee-1000/ca71db21: bytes are not valid utf8
ERROR: logging before google.Init: E0831 01:12:53.143361     181 repo.go:368] failed to create patch for untracked file .scratch/phase19-review-zpWgwb/node-compile-cache/v26.8.1-x64-8d7ad2ee-1000/cb24812a: bytes are not valid utf8
ERROR: logging before google.Init: E0831 01:12:53.143370     181 repo.go:368] failed to create patch for untracked file .scratch/phase19-review-zpWgwb/node-compile-cache/v26.8.1-x64-8d7ad2ee-1000/cb39fc8b: bytes are not valid utf8
ERROR: logging before google.Init: E0831 01:12:53.143378     181 repo.go:368] failed to create patch for untracked file .scratch/phase19-review-zpWgwb/node-compile-cache/v26.8.1-x64-8d7ad2ee-1000/cc256afa: bytes are not valid utf8
ERROR: logging before google.Init: E0831 01:12:53.143387     181 repo.go:368] failed to create patch for untracked file .scratch/phase19-review-zpWgwb/node-compile-cache/v26.8.1-x64-8d7ad2ee-1000/cc425018: bytes are not valid utf8
ERROR: logging before google.Init: E0831 01:12:53.143398     181 repo.go:368] failed to create patch for untracked file .scratch/phase19-review-zpWgwb/node-compile-cache/v26.8.1-x64-8d7ad2ee-1000/ccf37203: bytes are not valid utf8
ERROR: logging before google.Init: E0831 01:12:53.143407     181 repo.go:368] failed to create patch for untracked file .scratch/phase19-review-zpWgwb/node-compile-cache/v26.8.1-x64-8d7ad2ee-1000/cd25871e: bytes are not valid utf8
ERROR: logging before google.Init: E0831 01:12:53.143414     181 repo.go:368] failed to create patch for untracked file .scratch/phase19-review-zpWgwb/node-compile-cache/v26.8.1-x64-8d7ad2ee-1000/cd715a4a: bytes are not valid utf8
ERROR: logging before google.Init: E0831 01:12:53.143423     181 repo.go:368] failed to create patch for untracked file .scratch/phase19-review-zpWgwb/node-compile-cache/v26.8.1-x64-8d7ad2ee-1000/ce3fa832: bytes are not valid utf8
ERROR: logging before google.Init: E0831 01:12:53.143431     181 repo.go:368] failed to create patch for untracked file .scratch/phase19-review-zpWgwb/node-compile-cache/v26.8.1-x64-8d7ad2ee-1000/cf2e3319: bytes are not valid utf8
ERROR: logging before google.Init: E0831 01:12:53.143439     181 repo.go:368] failed to create patch for untracked file .scratch/phase19-review-zpWgwb/node-compile-cache/v26.8.1-x64-8d7ad2ee-1000/d01939e4: bytes are not valid utf8
ERROR: logging before google.Init: E0831 01:12:53.143448     181 repo.go:368] failed to create patch for untracked file .scratch/phase19-review-zpWgwb/node-compile-cache/v26.8.1-x64-8d7ad2ee-1000/d11ca801: bytes are not valid utf8
ERROR: logging before google.Init: E0831 01:12:53.143456     181 repo.go:368] failed to create patch for untracked file .scratch/phase19-review-zpWgwb/node-compile-cache/v26.8.1-x64-8d7ad2ee-1000/d1388c4a: bytes are not valid utf8
ERROR: logging before google.Init: E0831 01:12:53.143465     181 repo.go:368] failed to create patch for untracked file .scratch/phase19-review-zpWgwb/node-compile-cache/v26.8.1-x64-8d7ad2ee-1000/d1480bd9: bytes are not valid utf8
ERROR: logging before google.Init: E0831 01:12:53.143473     181 repo.go:368] failed to create patch for untracked file .scratch/phase19-review-zpWgwb/node-compile-cache/v26.8.1-x64-8d7ad2ee-1000/d149043c: bytes are not valid utf8
ERROR: logging before google.Init: E0831 01:12:53.143482     181 repo.go:368] failed to create patch for untracked file .scratch/phase19-review-zpWgwb/node-compile-cache/v26.8.1-x64-8d7ad2ee-1000/d1a24e6b: bytes are not valid utf8
ERROR: logging before google.Init: E0831 01:12:53.143491     181 repo.go:368] failed to create patch for untracked file .scratch/phase19-review-zpWgwb/node-compile-cache/v26.8.1-x64-8d7ad2ee-1000/d1dce9a7: bytes are not valid utf8
ERROR: logging before google.Init: E0831 01:12:53.143499     181 repo.go:368] failed to create patch for untracked file .scratch/phase19-review-zpWgwb/node-compile-cache/v26.8.1-x64-8d7ad2ee-1000/d2049875: bytes are not valid utf8
ERROR: logging before google.Init: E0831 01:12:53.143507     181 repo.go:368] failed to create patch for untracked file .scratch/phase19-review-zpWgwb/node-compile-cache/v26.8.1-x64-8d7ad2ee-1000/d245b2d1: bytes are not valid utf8
ERROR: logging before google.Init: E0831 01:12:53.143516     181 repo.go:368] failed to create patch for untracked file .scratch/phase19-review-zpWgwb/node-compile-cache/v26.8.1-x64-8d7ad2ee-1000/d2e71ea6: bytes are not valid utf8
ERROR: logging before google.Init: E0831 01:12:53.143525     181 repo.go:368] failed to create patch for untracked file .scratch/phase19-review-zpWgwb/node-compile-cache/v26.8.1-x64-8d7ad2ee-1000/d31b0b3e: bytes are not valid utf8
ERROR: logging before google.Init: E0831 01:12:53.143532     181 repo.go:368] failed to create patch for untracked file .scratch/phase19-review-zpWgwb/node-compile-cache/v26.8.1-x64-8d7ad2ee-1000/d39c0cea: bytes are not valid utf8
ERROR: logging before google.Init: E0831 01:12:53.143541     181 repo.go:368] failed to create patch for untracked file .scratch/phase19-review-zpWgwb/node-compile-cache/v26.8.1-x64-8d7ad2ee-1000/d3c7f8b9: bytes are not valid utf8
ERROR: logging before google.Init: E0831 01:12:53.143548     181 repo.go:368] failed to create patch for untracked file .scratch/phase19-review-zpWgwb/node-compile-cache/v26.8.1-x64-8d7ad2ee-1000/d3ce9c60: bytes are not valid utf8
ERROR: logging before google.Init: E0831 01:12:53.143558     181 repo.go:368] failed to create patch for untracked file .scratch/phase19-review-zpWgwb/node-compile-cache/v26.8.1-x64-8d7ad2ee-1000/d3ef2551: bytes are not valid utf8
ERROR: logging before google.Init: E0831 01:12:53.143567     181 repo.go:368] failed to create patch for untracked file .scratch/phase19-review-zpWgwb/node-compile-cache/v26.8.1-x64-8d7ad2ee-1000/d42f2212: bytes are not valid utf8
ERROR: logging before google.Init: E0831 01:12:53.143575     181 repo.go:368] failed to create patch for untracked file .scratch/phase19-review-zpWgwb/node-compile-cache/v26.8.1-x64-8d7ad2ee-1000/d4a49a25: bytes are not valid utf8
ERROR: logging before google.Init: E0831 01:12:53.143583     181 repo.go:368] failed to create patch for untracked file .scratch/phase19-review-zpWgwb/node-compile-cache/v26.8.1-x64-8d7ad2ee-1000/d577df07: bytes are not valid utf8
ERROR: logging before google.Init: E0831 01:12:53.143593     181 repo.go:368] failed to create patch for untracked file .scratch/phase19-review-zpWgwb/node-compile-cache/v26.8.1-x64-8d7ad2ee-1000/d5b339ce: bytes are not valid utf8
ERROR: logging before google.Init: E0831 01:12:53.143609     181 repo.go:368] failed to create patch for untracked file .scratch/phase19-review-zpWgwb/node-compile-cache/v26.8.1-x64-8d7ad2ee-1000/d5f0ae00: bytes are not valid utf8
ERROR: logging before google.Init: E0831 01:12:53.143617     181 repo.go:368] failed to create patch for untracked file .scratch/phase19-review-zpWgwb/node-compile-cache/v26.8.1-x64-8d7ad2ee-1000/d600d96a: bytes are not valid utf8
ERROR: logging before google.Init: E0831 01:12:53.143627     181 repo.go:368] failed to create patch for untracked file .scratch/phase19-review-zpWgwb/node-compile-cache/v26.8.1-x64-8d7ad2ee-1000/d626981b: bytes are not valid utf8
ERROR: logging before google.Init: E0831 01:12:53.143635     181 repo.go:368] failed to create patch for untracked file .scratch/phase19-review-zpWgwb/node-compile-cache/v26.8.1-x64-8d7ad2ee-1000/d630c505: bytes are not valid utf8
ERROR: logging before google.Init: E0831 01:12:53.143645     181 repo.go:368] failed to create patch for untracked file .scratch/phase19-review-zpWgwb/node-compile-cache/v26.8.1-x64-8d7ad2ee-1000/d688117d: bytes are not valid utf8
ERROR: logging before google.Init: E0831 01:12:53.143654     181 repo.go:368] failed to create patch for untracked file .scratch/phase19-review-zpWgwb/node-compile-cache/v26.8.1-x64-8d7ad2ee-1000/d77112d2: bytes are not valid utf8
ERROR: logging before google.Init: E0831 01:12:53.143662     181 repo.go:368] failed to create patch for untracked file .scratch/phase19-review-zpWgwb/node-compile-cache/v26.8.1-x64-8d7ad2ee-1000/d7ca2a2a: bytes are not valid utf8
ERROR: logging before google.Init: E0831 01:12:53.143671     181 repo.go:368] failed to create patch for untracked file .scratch/phase19-review-zpWgwb/node-compile-cache/v26.8.1-x64-8d7ad2ee-1000/d8be5a18: bytes are not valid utf8
ERROR: logging before google.Init: E0831 01:12:53.143679     181 repo.go:368] failed to create patch for untracked file .scratch/phase19-review-zpWgwb/node-compile-cache/v26.8.1-x64-8d7ad2ee-1000/d91695c9: bytes are not valid utf8
ERROR: logging before google.Init: E0831 01:12:53.143687     181 repo.go:368] failed to create patch for untracked file .scratch/phase19-review-zpWgwb/node-compile-cache/v26.8.1-x64-8d7ad2ee-1000/d9a8a787: bytes are not valid utf8
ERROR: logging before google.Init: E0831 01:12:53.143695     181 repo.go:368] failed to create patch for untracked file .scratch/phase19-review-zpWgwb/node-compile-cache/v26.8.1-x64-8d7ad2ee-1000/da16af9a: bytes are not valid utf8
ERROR: logging before google.Init: E0831 01:12:53.143705     181 repo.go:368] failed to create patch for untracked file .scratch/phase19-review-zpWgwb/node-compile-cache/v26.8.1-x64-8d7ad2ee-1000/dbd24695: bytes are not valid utf8
ERROR: logging before google.Init: E0831 01:12:53.143713     181 repo.go:368] failed to create patch for untracked file .scratch/phase19-review-zpWgwb/node-compile-cache/v26.8.1-x64-8d7ad2ee-1000/dcce07e5: bytes are not valid utf8
ERROR: logging before google.Init: E0831 01:12:53.143722     181 repo.go:368] failed to create patch for untracked file .scratch/phase19-review-zpWgwb/node-compile-cache/v26.8.1-x64-8d7ad2ee-1000/ddad252a: bytes are not valid utf8
ERROR: logging before google.Init: E0831 01:12:53.143730     181 repo.go:368] failed to create patch for untracked file .scratch/phase19-review-zpWgwb/node-compile-cache/v26.8.1-x64-8d7ad2ee-1000/ddb123a1: bytes are not valid utf8
ERROR: logging before google.Init: E0831 01:12:53.143739     181 repo.go:368] failed to create patch for untracked file .scratch/phase19-review-zpWgwb/node-compile-cache/v26.8.1-x64-8d7ad2ee-1000/de05357f: bytes are not valid utf8
ERROR: logging before google.Init: E0831 01:12:53.143747     181 repo.go:368] failed to create patch for untracked file .scratch/phase19-review-zpWgwb/node-compile-cache/v26.8.1-x64-8d7ad2ee-1000/de16f5cb: bytes are not valid utf8
ERROR: logging before google.Init: E0831 01:12:53.143755     181 repo.go:368] failed to create patch for untracked file .scratch/phase19-review-zpWgwb/node-compile-cache/v26.8.1-x64-8d7ad2ee-1000/defb5d31: bytes are not valid utf8
ERROR: logging before google.Init: E0831 01:12:53.143764     181 repo.go:368] failed to create patch for untracked file .scratch/phase19-review-zpWgwb/node-compile-cache/v26.8.1-x64-8d7ad2ee-1000/dfd0d2ba: bytes are not valid utf8
ERROR: logging before google.Init: E0831 01:12:53.143774     181 repo.go:368] failed to create patch for untracked file .scratch/phase19-review-zpWgwb/node-compile-cache/v26.8.1-x64-8d7ad2ee-1000/dfe9ea14: bytes are not valid utf8
ERROR: logging before google.Init: E0831 01:12:53.143782     181 repo.go:368] failed to create patch for untracked file .scratch/phase19-review-zpWgwb/node-compile-cache/v26.8.1-x64-8d7ad2ee-1000/e07f8fb5: bytes are not valid utf8
ERROR: logging before google.Init: E0831 01:12:53.143790     181 repo.go:368] failed to create patch for untracked file .scratch/phase19-review-zpWgwb/node-compile-cache/v26.8.1-x64-8d7ad2ee-1000/e083bc25: bytes are not valid utf8
ERROR: logging before google.Init: E0831 01:12:53.143799     181 repo.go:368] failed to create patch for untracked file .scratch/phase19-review-zpWgwb/node-compile-cache/v26.8.1-x64-8d7ad2ee-1000/e14957ef: bytes are not valid utf8
ERROR: logging before google.Init: E0831 01:12:53.143807     181 repo.go:368] failed to create patch for untracked file .scratch/phase19-review-zpWgwb/node-compile-cache/v26.8.1-x64-8d7ad2ee-1000/e150a478: bytes are not valid utf8
ERROR: logging before google.Init: E0831 01:12:53.143815     181 repo.go:368] failed to create patch for untracked file .scratch/phase19-review-zpWgwb/node-compile-cache/v26.8.1-x64-8d7ad2ee-1000/e15a74c2: bytes are not valid utf8
ERROR: logging before google.Init: E0831 01:12:53.143823     181 repo.go:368] failed to create patch for untracked file .scratch/phase19-review-zpWgwb/node-compile-cache/v26.8.1-x64-8d7ad2ee-1000/e15da18e: bytes are not valid utf8
ERROR: logging before google.Init: E0831 01:12:53.143831     181 repo.go:368] failed to create patch for untracked file .scratch/phase19-review-zpWgwb/node-compile-cache/v26.8.1-x64-8d7ad2ee-1000/e1a2917a: bytes are not valid utf8
ERROR: logging before google.Init: E0831 01:12:53.143840     181 repo.go:368] failed to create patch for untracked file .scratch/phase19-review-zpWgwb/node-compile-cache/v26.8.1-x64-8d7ad2ee-1000/e26097fb: bytes are not valid utf8
ERROR: logging before google.Init: E0831 01:12:53.143849     181 repo.go:368] failed to create patch for untracked file .scratch/phase19-review-zpWgwb/node-compile-cache/v26.8.1-x64-8d7ad2ee-1000/e3019385: bytes are not valid utf8
ERROR: logging before google.Init: E0831 01:12:53.143857     181 repo.go:368] failed to create patch for untracked file .scratch/phase19-review-zpWgwb/node-compile-cache/v26.8.1-x64-8d7ad2ee-1000/e3f73ed5: bytes are not valid utf8
ERROR: logging before google.Init: E0831 01:12:53.143865     181 repo.go:368] failed to create patch for untracked file .scratch/phase19-review-zpWgwb/node-compile-cache/v26.8.1-x64-8d7ad2ee-1000/e4445f1f: bytes are not valid utf8
ERROR: logging before google.Init: E0831 01:12:53.143873     181 repo.go:368] failed to create patch for untracked file .scratch/phase19-review-zpWgwb/node-compile-cache/v26.8.1-x64-8d7ad2ee-1000/e45fd827: bytes are not valid utf8
ERROR: logging before google.Init: E0831 01:12:53.143882     181 repo.go:368] failed to create patch for untracked file .scratch/phase19-review-zpWgwb/node-compile-cache/v26.8.1-x64-8d7ad2ee-1000/e66acb74: bytes are not valid utf8
ERROR: logging before google.Init: E0831 01:12:53.143890     181 repo.go:368] failed to create patch for untracked file .scratch/phase19-review-zpWgwb/node-compile-cache/v26.8.1-x64-8d7ad2ee-1000/e674a16c: bytes are not valid utf8
ERROR: logging before google.Init: E0831 01:12:53.143898     181 repo.go:368] failed to create patch for untracked file .scratch/phase19-review-zpWgwb/node-compile-cache/v26.8.1-x64-8d7ad2ee-1000/e6a21d71: bytes are not valid utf8
ERROR: logging before google.Init: E0831 01:12:53.143907     181 repo.go:368] failed to create patch for untracked file .scratch/phase19-review-zpWgwb/node-compile-cache/v26.8.1-x64-8d7ad2ee-1000/e6d3bb65: bytes are not valid utf8
ERROR: logging before google.Init: E0831 01:12:53.143915     181 repo.go:368] failed to create patch for untracked file .scratch/phase19-review-zpWgwb/node-compile-cache/v26.8.1-x64-8d7ad2ee-1000/e6ff280a: bytes are not valid utf8
ERROR: logging before google.Init: E0831 01:12:53.143923     181 repo.go:368] failed to create patch for untracked file .scratch/phase19-review-zpWgwb/node-compile-cache/v26.8.1-x64-8d7ad2ee-1000/e71b9b19: bytes are not valid utf8
ERROR: logging before google.Init: E0831 01:12:53.143931     181 repo.go:368] failed to create patch for untracked file .scratch/phase19-review-zpWgwb/node-compile-cache/v26.8.1-x64-8d7ad2ee-1000/e90dd27f: bytes are not valid utf8
ERROR: logging before google.Init: E0831 01:12:53.143939     181 repo.go:368] failed to create patch for untracked file .scratch/phase19-review-zpWgwb/node-compile-cache/v26.8.1-x64-8d7ad2ee-1000/e98000b9: bytes are not valid utf8
ERROR: logging before google.Init: E0831 01:12:53.143947     181 repo.go:368] failed to create patch for untracked file .scratch/phase19-review-zpWgwb/node-compile-cache/v26.8.1-x64-8d7ad2ee-1000/ea275b33: bytes are not valid utf8
ERROR: logging before google.Init: E0831 01:12:53.143955     181 repo.go:368] failed to create patch for untracked file .scratch/phase19-review-zpWgwb/node-compile-cache/v26.8.1-x64-8d7ad2ee-1000/ea67da59: bytes are not valid utf8
ERROR: logging before google.Init: E0831 01:12:53.143963     181 repo.go:368] failed to create patch for untracked file .scratch/phase19-review-zpWgwb/node-compile-cache/v26.8.1-x64-8d7ad2ee-1000/eb2a18ff: bytes are not valid utf8
ERROR: logging before google.Init: E0831 01:12:53.143972     181 repo.go:368] failed to create patch for untracked file .scratch/phase19-review-zpWgwb/node-compile-cache/v26.8.1-x64-8d7ad2ee-1000/eb553518: bytes are not valid utf8
ERROR: logging before google.Init: E0831 01:12:53.143981     181 repo.go:368] failed to create patch for untracked file .scratch/phase19-review-zpWgwb/node-compile-cache/v26.8.1-x64-8d7ad2ee-1000/ebac0d45: bytes are not valid utf8
ERROR: logging before google.Init: E0831 01:12:53.143990     181 repo.go:368] failed to create patch for untracked file .scratch/phase19-review-zpWgwb/node-compile-cache/v26.8.1-x64-8d7ad2ee-1000/ecc4bf5b: bytes are not valid utf8
ERROR: logging before google.Init: E0831 01:12:53.143998     181 repo.go:368] failed to create patch for untracked file .scratch/phase19-review-zpWgwb/node-compile-cache/v26.8.1-x64-8d7ad2ee-1000/ecfd389a: bytes are not valid utf8
ERROR: logging before google.Init: E0831 01:12:53.144007     181 repo.go:368] failed to create patch for untracked file .scratch/phase19-review-zpWgwb/node-compile-cache/v26.8.1-x64-8d7ad2ee-1000/ed0a1bdd: bytes are not valid utf8
ERROR: logging before google.Init: E0831 01:12:53.144016     181 repo.go:368] failed to create patch for untracked file .scratch/phase19-review-zpWgwb/node-compile-cache/v26.8.1-x64-8d7ad2ee-1000/ed4d3f5c: bytes are not valid utf8
ERROR: logging before google.Init: E0831 01:12:53.144024     181 repo.go:368] failed to create patch for untracked file .scratch/phase19-review-zpWgwb/node-compile-cache/v26.8.1-x64-8d7ad2ee-1000/ee02a576: bytes are not valid utf8
ERROR: logging before google.Init: E0831 01:12:53.144032     181 repo.go:368] failed to create patch for untracked file .scratch/phase19-review-zpWgwb/node-compile-cache/v26.8.1-x64-8d7ad2ee-1000/ee175f50: bytes are not valid utf8
ERROR: logging before google.Init: E0831 01:12:53.144040     181 repo.go:368] failed to create patch for untracked file .scratch/phase19-review-zpWgwb/node-compile-cache/v26.8.1-x64-8d7ad2ee-1000/ef275563: bytes are not valid utf8
ERROR: logging before google.Init: E0831 01:12:53.144048     181 repo.go:368] failed to create patch for untracked file .scratch/phase19-review-zpWgwb/node-compile-cache/v26.8.1-x64-8d7ad2ee-1000/ef2e5440: bytes are not valid utf8
ERROR: logging before google.Init: E0831 01:12:53.144059     181 repo.go:368] failed to create patch for untracked file .scratch/phase19-review-zpWgwb/node-compile-cache/v26.8.1-x64-8d7ad2ee-1000/ef36498f: bytes are not valid utf8
ERROR: logging before google.Init: E0831 01:12:53.144068     181 repo.go:368] failed to create patch for untracked file .scratch/phase19-review-zpWgwb/node-compile-cache/v26.8.1-x64-8d7ad2ee-1000/ef53ad6e: bytes are not valid utf8
ERROR: logging before google.Init: E0831 01:12:53.144076     181 repo.go:368] failed to create patch for untracked file .scratch/phase19-review-zpWgwb/node-compile-cache/v26.8.1-x64-8d7ad2ee-1000/ef59bdd2: bytes are not valid utf8
ERROR: logging before google.Init: E0831 01:12:53.144084     181 repo.go:368] failed to create patch for untracked file .scratch/phase19-review-zpWgwb/node-compile-cache/v26.8.1-x64-8d7ad2ee-1000/ef6ee7db: bytes are not valid utf8
ERROR: logging before google.Init: E0831 01:12:53.144093     181 repo.go:368] failed to create patch for untracked file .scratch/phase19-review-zpWgwb/node-compile-cache/v26.8.1-x64-8d7ad2ee-1000/efdce4e3: bytes are not valid utf8
ERROR: logging before google.Init: E0831 01:12:53.144101     181 repo.go:368] failed to create patch for untracked file .scratch/phase19-review-zpWgwb/node-compile-cache/v26.8.1-x64-8d7ad2ee-1000/f0fa33bb: bytes are not valid utf8
ERROR: logging before google.Init: E0831 01:12:53.144109     181 repo.go:368] failed to create patch for untracked file .scratch/phase19-review-zpWgwb/node-compile-cache/v26.8.1-x64-8d7ad2ee-1000/f1978a7e: bytes are not valid utf8
ERROR: logging before google.Init: E0831 01:12:53.144118     181 repo.go:368] failed to create patch for untracked file .scratch/phase19-review-zpWgwb/node-compile-cache/v26.8.1-x64-8d7ad2ee-1000/f217bb8a: bytes are not valid utf8
ERROR: logging before google.Init: E0831 01:12:53.144126     181 repo.go:368] failed to create patch for untracked file .scratch/phase19-review-zpWgwb/node-compile-cache/v26.8.1-x64-8d7ad2ee-1000/f23718ea: bytes are not valid utf8
ERROR: logging before google.Init: E0831 01:12:53.144135     181 repo.go:368] failed to create patch for untracked file .scratch/phase19-review-zpWgwb/node-compile-cache/v26.8.1-x64-8d7ad2ee-1000/f2ce6811: bytes are not valid utf8
ERROR: logging before google.Init: E0831 01:12:53.144143     181 repo.go:368] failed to create patch for untracked file .scratch/phase19-review-zpWgwb/node-compile-cache/v26.8.1-x64-8d7ad2ee-1000/f3972852: bytes are not valid utf8
ERROR: logging before google.Init: E0831 01:12:53.144151     181 repo.go:368] failed to create patch for untracked file .scratch/phase19-review-zpWgwb/node-compile-cache/v26.8.1-x64-8d7ad2ee-1000/f4a9e467: bytes are not valid utf8
ERROR: logging before google.Init: E0831 01:12:53.144160     181 repo.go:368] failed to create patch for untracked file .scratch/phase19-review-zpWgwb/node-compile-cache/v26.8.1-x64-8d7ad2ee-1000/f544413c: bytes are not valid utf8
ERROR: logging before google.Init: E0831 01:12:53.144168     181 repo.go:368] failed to create patch for untracked file .scratch/phase19-review-zpWgwb/node-compile-cache/v26.8.1-x64-8d7ad2ee-1000/f5cd7fec: bytes are not valid utf8
ERROR: logging before google.Init: E0831 01:12:53.144176     181 repo.go:368] failed to create patch for untracked file .scratch/phase19-review-zpWgwb/node-compile-cache/v26.8.1-x64-8d7ad2ee-1000/f603b453: bytes are not valid utf8
ERROR: logging before google.Init: E0831 01:12:53.144183     181 repo.go:368] failed to create patch for untracked file .scratch/phase19-review-zpWgwb/node-compile-cache/v26.8.1-x64-8d7ad2ee-1000/f6b8fa96: bytes are not valid utf8
ERROR: logging before google.Init: E0831 01:12:53.144191     181 repo.go:368] failed to create patch for untracked file .scratch/phase19-review-zpWgwb/node-compile-cache/v26.8.1-x64-8d7ad2ee-1000/f7757223: bytes are not valid utf8
ERROR: logging before google.Init: E0831 01:12:53.144200     181 repo.go:368] failed to create patch for untracked file .scratch/phase19-review-zpWgwb/node-compile-cache/v26.8.1-x64-8d7ad2ee-1000/f7923593: bytes are not valid utf8
ERROR: logging before google.Init: E0831 01:12:53.144208     181 repo.go:368] failed to create patch for untracked file .scratch/phase19-review-zpWgwb/node-compile-cache/v26.8.1-x64-8d7ad2ee-1000/f7f943dd: bytes are not valid utf8
ERROR: logging before google.Init: E0831 01:12:53.144216     181 repo.go:368] failed to create patch for untracked file .scratch/phase19-review-zpWgwb/node-compile-cache/v26.8.1-x64-8d7ad2ee-1000/f8e05e04: bytes are not valid utf8
ERROR: logging before google.Init: E0831 01:12:53.144224     181 repo.go:368] failed to create patch for untracked file .scratch/phase19-review-zpWgwb/node-compile-cache/v26.8.1-x64-8d7ad2ee-1000/f97ebb6e: bytes are not valid utf8
ERROR: logging before google.Init: E0831 01:12:53.144232     181 repo.go:368] failed to create patch for untracked file .scratch/phase19-review-zpWgwb/node-compile-cache/v26.8.1-x64-8d7ad2ee-1000/fa210d92: bytes are not valid utf8
ERROR: logging before google.Init: E0831 01:12:53.144240     181 repo.go:368] failed to create patch for untracked file .scratch/phase19-review-zpWgwb/node-compile-cache/v26.8.1-x64-8d7ad2ee-1000/fa606627: bytes are not valid utf8
ERROR: logging before google.Init: E0831 01:12:53.144249     181 repo.go:368] failed to create patch for untracked file .scratch/phase19-review-zpWgwb/node-compile-cache/v26.8.1-x64-8d7ad2ee-1000/fa7b1e5e: bytes are not valid utf8
ERROR: logging before google.Init: E0831 01:12:53.144258     181 repo.go:368] failed to create patch for untracked file .scratch/phase19-review-zpWgwb/node-compile-cache/v26.8.1-x64-8d7ad2ee-1000/fa91102b: bytes are not valid utf8
ERROR: logging before google.Init: E0831 01:12:53.144266     181 repo.go:368] failed to create patch for untracked file .scratch/phase19-review-zpWgwb/node-compile-cache/v26.8.1-x64-8d7ad2ee-1000/fa91e12e: bytes are not valid utf8
ERROR: logging before google.Init: E0831 01:12:53.144275     181 repo.go:368] failed to create patch for untracked file .scratch/phase19-review-zpWgwb/node-compile-cache/v26.8.1-x64-8d7ad2ee-1000/fabf3bdc: bytes are not valid utf8
ERROR: logging before google.Init: E0831 01:12:53.144283     181 repo.go:368] failed to create patch for untracked file .scratch/phase19-review-zpWgwb/node-compile-cache/v26.8.1-x64-8d7ad2ee-1000/fadf1a38: bytes are not valid utf8
ERROR: logging before google.Init: E0831 01:12:53.144291     181 repo.go:368] failed to create patch for untracked file .scratch/phase19-review-zpWgwb/node-compile-cache/v26.8.1-x64-8d7ad2ee-1000/fb980dca: bytes are not valid utf8
ERROR: logging before google.Init: E0831 01:12:53.144299     181 repo.go:368] failed to create patch for untracked file .scratch/phase19-review-zpWgwb/node-compile-cache/v26.8.1-x64-8d7ad2ee-1000/fbe433f3: bytes are not valid utf8
ERROR: logging before google.Init: E0831 01:12:53.144307     181 repo.go:368] failed to create patch for untracked file .scratch/phase19-review-zpWgwb/node-compile-cache/v26.8.1-x64-8d7ad2ee-1000/fc62d5d5: bytes are not valid utf8
ERROR: logging before google.Init: E0831 01:12:53.144315     181 repo.go:368] failed to create patch for untracked file .scratch/phase19-review-zpWgwb/node-compile-cache/v26.8.1-x64-8d7ad2ee-1000/fde1f22c: bytes are not valid utf8
ERROR: logging before google.Init: E0831 01:12:53.144324     181 repo.go:368] failed to create patch for untracked file .scratch/phase19-review-zpWgwb/node-compile-cache/v26.8.1-x64-8d7ad2ee-1000/fe33d933: bytes are not valid utf8
ERROR: logging before google.Init: E0831 01:12:53.144332     181 repo.go:368] failed to create patch for untracked file .scratch/phase19-review-zpWgwb/node-compile-cache/v26.8.1-x64-8d7ad2ee-1000/fec41f63: bytes are not valid utf8
ERROR: logging before google.Init: E0831 01:12:53.144341     181 repo.go:368] failed to create patch for untracked file .scratch/phase19-review-zpWgwb/node-compile-cache/v26.8.1-x64-8d7ad2ee-1000/ff87e9b5: bytes are not valid utf8
ERROR: logging before google.Init: E0831 01:12:53.144493     181 repo.go:368] failed to create patch for untracked file .worktrees/explicit-phase-dispatch/: read /home/dd/projects/gsd-beads/.worktrees/explicit-phase-dispatch: is a directory
ERROR: logging before google.Init: E0831 01:12:53.144504     181 repo.go:368] failed to create patch for untracked file .worktrees/gsd-beads-template-contract-1oi/: read /home/dd/projects/gsd-beads/.worktrees/gsd-beads-template-contract-1oi: is a directory
ERROR: logging before google.Init: E0831 01:12:53.144510     181 repo.go:368] failed to create patch for untracked file .worktrees/sota-numerics-issue-1/: read /home/dd/projects/gsd-beads/.worktrees/sota-numerics-issue-1: is a directory
ERROR: logging before google.Init: E0831 01:12:53.144517     181 repo.go:368] failed to create patch for untracked file .worktrees/sota-numerics-release-013/: read /home/dd/projects/gsd-beads/.worktrees/sota-numerics-release-013: is a directory
ERROR: logging before google.Init: E0831 01:12:53.144549     181 repo.go:368] failed to create patch for untracked file ponytail-everywhere/: read /home/dd/projects/gsd-beads/ponytail-everywhere: is a directory
ERROR: logging before google.Init: W0831 01:12:53.189962      85 mcp_manager.go:1277] Failed to write server states, eagerly loading all tools: failed to write tool codegraph_explore from server codegraph to tmp file: open /home/dd/.gemini/antigravity-cli/mcp/codegraph/codegraph_explore.json.tmp: read-only file system
ERROR: logging before google.Init: W0831 01:12:53.190134     331 cache.go:56] Cache(loadCodeAssistResponse): Singleflight refresh failed: error getting token source: You are not logged into Antigravity.
ERROR: logging before google.Init: E0831 01:12:53.190156     331 errorreport.go:223] error getting token source: You are not logged into Antigravity.
ERROR: logging before google.Init: W0831 01:12:53.190207     331 cache.go:56] Cache(userInfo): Singleflight refresh failed: failed to get load code assist response: error getting token source: You are not logged into Antigravity.
ERROR: logging before google.Init: E0831 01:12:53.190219     331 errorreport.go:223] failed to get load code assist response: error getting token source: You are not logged into Antigravity.
ERROR: logging before google.Init: I0831 01:12:53.254677     234 browser.go:259] token refreshed, new expiry=2026-08-31 02:12:52.254663875 +0200 CEST m=+3599.393203738
ERROR: logging before google.Init: W0831 01:12:53.254914     234 composite_token_storage.go:237] Failed to save token to keyring, falling back to file: The name is not activatable
ERROR: logging before google.Init: W0831 01:12:53.255059     234 browser.go:261] Failed to save refreshed token: failed to write token to file: open /home/dd/.gemini/antigravity-cli/antigravity-oauth-token: read-only file system
ERROR: logging before google.Init: W0831 01:12:53.255062     197 cache.go:56] Cache(loadCodeAssistResponse): Singleflight refresh failed: error getting token source: You are not logged into Antigravity.
ERROR: logging before google.Init: E0831 01:12:53.255094     197 errorreport.go:223] error getting token source: You are not logged into Antigravity.
ERROR: logging before google.Init: W0831 01:12:53.255152     197 cache.go:56] Cache(userInfo): Singleflight refresh failed: failed to get load code assist response: error getting token source: You are not logged into Antigravity.
ERROR: logging before google.Init: E0831 01:12:53.255162     197 errorreport.go:223] failed to get load code assist response: error getting token source: You are not logged into Antigravity.
ERROR: logging before google.Init: W0831 01:12:53.255211     337 cache.go:56] Cache(loadCodeAssistResponse): Singleflight refresh failed: error getting token source: You are not logged into Antigravity.
ERROR: logging before google.Init: E0831 01:12:53.255221     337 errorreport.go:223] error getting token source: You are not logged into Antigravity.
ERROR: logging before google.Init: W0831 01:12:53.255242     337 cache.go:56] Cache(userInfo): Singleflight refresh failed: failed to get load code assist response: error getting token source: You are not logged into Antigravity.
ERROR: logging before google.Init: E0831 01:12:53.255255     337 errorreport.go:223] failed to get load code assist response: error getting token source: You are not logged into Antigravity.
ERROR: logging before google.Init: I0831 01:12:53.434325       1 auth.go:147] ChainedAuth: authenticated via keyring (effective: keyring)
ERROR: logging before google.Init: I0831 01:12:53.434350       1 server_oauth.go:190] applyAuthResult: email=davdittrich@gmail.com, authMethod=consumer, quotaProject=
ERROR: logging before google.Init: I0831 01:12:53.434356       1 server_oauth.go:195] OAuth: authenticated successfully as davdittrich@gmail.com
ERROR: logging before google.Init: I0831 01:12:53.434362       1 server_oauth.go:201] b.codeAssistClient.AuthProvider (0x4cfe7c06780) is same as b.cliAuth (0x4cfe7c06780)
ERROR: logging before google.Init: W0831 01:12:53.434517     257 cache.go:56] Cache(fetchBAICAdminControls): Singleflight refresh failed: admin controls not applicable
ERROR: logging before google.Init: E0831 01:12:53.434558     257 errorreport.go:223] admin controls not applicable
ERROR: logging before google.Init: W0831 01:12:53.434623     257 cache.go:79] Failed to refresh cache in background: admin controls not applicable
ERROR: logging before google.Init: W0831 01:12:53.434630     349 cache.go:79] Failed to refresh cache in background: admin controls not applicable
ERROR: logging before google.Init: I0831 01:12:54.426844     252 http_helpers.go:246] URL: https://daily-cloudcode-pa.googleapis.com/v1internal:loadCodeAssist Trace: 0x32c14ed70b652e8c
ERROR: logging before google.Init: E0831 01:12:54.480828      26 browser_context.go:179] failed to install playwright: could not install driver: could not install driver: error: got non 200 status code: 404 (404 Not Found) from https://playwright.azureedge.net/builds/driver/playwright-1.57.0-linux.zip
error: got non 200 status code: 404 (404 Not Found) from https://playwright-akamai.azureedge.net/builds/driver/playwright-1.57.0-linux.zip
error: got non 200 status code: 404 (404 Not Found) from https://playwright-verizon.azureedge.net/builds/driver/playwright-1.57.0-linux.zip
ERROR: logging before google.Init: I0831 01:12:55.004207     253 http_helpers.go:246] URL: https://daily-cloudcode-pa.googleapis.com/v1internal:fetchAvailableModels Trace: 0xb0b4ba89069dbe6b
ERROR: logging before google.Init: I0831 01:12:55.026826       1 model_config_manager.go:311] Propagating selected model override to backend: label="Gemini 3.7 Flash (High)"
ERROR: logging before google.Init: I0831 01:12:55.026886     206 quota_manager.go:45] doRefreshQuota: starting reload (force=true)
ERROR: logging before google.Init: I0831 01:12:55.298089       1 printmode.go:366] Print mode: silent auth succeeded
ERROR: logging before google.Init: I0831 01:12:55.298120     207 experiment_manager.go:38] Starting experiment refresh after login
ERROR: logging before google.Init: I0831 01:12:55.431791     207 experiment_manager.go:42] Experiments refreshed after login
ERROR: logging before google.Init: I0831 01:12:55.431882     367 manager.go:1249] Reloading system slash commands
ERROR: logging before google.Init: I0831 01:12:56.099633      95 http_helpers.go:246] URL: https://daily-cloudcode-pa.googleapis.com/v1internal:loadCodeAssist Trace: 0x96538a11d4dac68a
ERROR: logging before google.Init: I0831 01:12:56.900270      95 http_helpers.go:246] URL: https://daily-cloudcode-pa.googleapis.com/v1internal:loadCodeAssist Trace: 0x20bd4fc7518a37b0
ERROR: logging before google.Init: I0831 01:12:56.968055      95 model_config_manager.go:311] Propagating selected model override to backend: label="Gemini 3.7 Flash (High)"
ERROR: logging before google.Init: I0831 01:12:56.968154     206 quota_manager.go:45] doRefreshQuota: starting reload (force=true)
ERROR: logging before google.Init: I0831 01:12:56.968166     435 model_config_manager.go:311] Propagating selected model override to backend: label="Gemini 3.7 Flash (High)"
ERROR: logging before google.Init: I0831 01:12:56.998821       1 conversation_manager.go:421] Starting new conversation (agent=false)
ERROR: logging before google.Init: I0831 01:12:56.998840       1 server.go:1121] Creating new cascade trajectory (agentScript=false)
ERROR: logging before google.Init: I0831 01:12:56.998846       1 server.go:1124] Conversation using project ID: default-cli-project
ERROR: logging before google.Init: E0831 01:12:56.999634       1 errorreport.go:223] failed to create persistent trajectory in store 1: open backend /home/dd/.gemini/antigravity-cli/conversations/cfc227d5-b0d6-413d-8fc5-5a28970c062e.db: unable to open database file: no such file or directory
ERROR: logging before google.Init: E0831 01:12:56.999748       1 errorreport.go:223] Failed to ensure artifact directories for cascade cfc227d5-b0d6-413d-8fc5-5a28970c062e: mkdir /home/dd/.gemini/antigravity-cli/brain/cfc227d5-b0d6-413d-8fc5-5a28970c062e: read-only file system
ERROR: logging before google.Init: E0831 01:12:57.000067       1 cascade_run_state.go:162] Failed to register with artifacts watcher for cfc227d5-b0d6-413d-8fc5-5a28970c062e: Failed to register with artifacts watcher for cfc227d5-b0d6-413d-8fc5-5a28970c062e: Failed to create artifacts directory for cfc227d5-b0d6-413d-8fc5-5a28970c062e: mkdir /home/dd/.gemini/antigravity-cli/brain/cfc227d5-b0d6-413d-8fc5-5a28970c062e: read-only file system
ERROR: logging before google.Init: E0831 01:12:57.000141       1 errorreport.go:223] Failed to register with artifacts watcher for cfc227d5-b0d6-413d-8fc5-5a28970c062e: Failed to register with artifacts watcher for cfc227d5-b0d6-413d-8fc5-5a28970c062e: Failed to create artifacts directory for cfc227d5-b0d6-413d-8fc5-5a28970c062e: mkdir /home/dd/.gemini/antigravity-cli/brain/cfc227d5-b0d6-413d-8fc5-5a28970c062e: read-only file system
ERROR: logging before google.Init: I0831 01:12:57.000230       1 server.go:1153] Created conversation cfc227d5-b0d6-413d-8fc5-5a28970c062e
ERROR: logging before google.Init: I0831 01:12:57.000245       1 server.go:2798] GetConversationDetail: found conversation cfc227d5-b0d6-413d-8fc5-5a28970c062e (active=true)
ERROR: logging before google.Init: I0831 01:12:57.000455       1 server.go:2798] GetConversationDetail: found conversation cfc227d5-b0d6-413d-8fc5-5a28970c062e (active=true)
ERROR: logging before google.Init: I0831 01:12:57.000459       1 conversation_manager.go:468] project: switching to conversation belonging to project ID: default-cli-project
ERROR: logging before google.Init: I0831 01:12:57.000482       1 server.go:1911] Backend project ID updated dynamically to: default-cli-project
ERROR: logging before google.Init: I0831 01:12:57.000487       1 cli_setting_manager.go:217] ApplyProjectPermissionGrants: no grants for project "CLI Project", cleared project permissions
ERROR: logging before google.Init: I0831 01:12:57.000493       1 conversation_manager.go:514] project: synced active project to "CLI Project" (id=default-cli-project) from conversation switch
ERROR: logging before google.Init: I0831 01:12:57.000498       1 conversation_manager.go:748] Streaming conversation cfc227d5-b0d6-413d-8fc5-5a28970c062e
ERROR: logging before google.Init: I0831 01:12:57.000565     444 manager.go:1273] Reloading system slash commands and skills
ERROR: logging before google.Init: I0831 01:12:57.000577     444 manager.go:1249] Reloading system slash commands
ERROR: logging before google.Init: W0831 01:12:57.000908       1 presence.go:109] presence: open /home/dd/.gemini/antigravity-cli/presence/cfc227d5-b0d6-413d-8fc5-5a28970c062e.lock: read-only file system
ERROR: logging before google.Init: I0831 01:12:57.000921       1 server.go:1162] Starting conversation update stream for cfc227d5-b0d6-413d-8fc5-5a28970c062e
ERROR: logging before google.Init: I0831 01:12:57.000931       1 session.go:150] Print mode: conversation=cfc227d5-b0d6-413d-8fc5-5a28970c062e, sending message
ERROR: logging before google.Init: I0831 01:12:57.000935       1 manager.go:1249] Reloading system slash commands
ERROR: logging before google.Init: I0831 01:12:57.001658       1 manager.go:1253] Slash commands unchanged, skipping update
ERROR: logging before google.Init: I0831 01:12:57.001687       1 conversation_manager.go:571] Forwarding user message to conversation cfc227d5-b0d6-413d-8fc5-5a28970c062e (items=1, media=0)
ERROR: logging before google.Init: I0831 01:12:57.001692       1 server.go:1612] Sending user message to conversation cfc227d5-b0d6-413d-8fc5-5a28970c062e (items=1, media=0)
ERROR: logging before google.Init: I0831 01:12:57.001724     444 manager.go:1253] Slash commands unchanged, skipping update
ERROR: logging before google.Init: E0831 01:12:57.006021     757 skills.go:166] Failed to parse skill file /home/dd/.gemini/config/plugins/ponytail/skills/ponytail-debt/SKILL.md: failed to parse frontmatter: yaml: line 2: mapping values are not allowed in this context
ERROR: logging before google.Init: E0831 01:12:57.010549     440 repo.go:368] failed to create patch for untracked file .scratch/phase19-review-zpWgwb/node-compile-cache/v24.16.0-x64-a638cdcf-1000/00fc5144: bytes are not valid utf8
ERROR: logging before google.Init: E0831 01:12:57.010573     440 repo.go:368] failed to create patch for untracked file .scratch/phase19-review-zpWgwb/node-compile-cache/v24.16.0-x64-a638cdcf-1000/017b86c0: bytes are not valid utf8
ERROR: logging before google.Init: E0831 01:12:57.010584     440 repo.go:368] failed to create patch for untracked file .scratch/phase19-review-zpWgwb/node-compile-cache/v24.16.0-x64-a638cdcf-1000/064e5436: bytes are not valid utf8
ERROR: logging before google.Init: E0831 01:12:57.010599     440 repo.go:368] failed to create patch for untracked file .scratch/phase19-review-zpWgwb/node-compile-cache/v24.16.0-x64-a638cdcf-1000/076405bf: bytes are not valid utf8
ERROR: logging before google.Init: E0831 01:12:57.010608     440 repo.go:368] failed to create patch for untracked file .scratch/phase19-review-zpWgwb/node-compile-cache/v24.16.0-x64-a638cdcf-1000/0a971687: bytes are not valid utf8
ERROR: logging before google.Init: E0831 01:12:57.010617     440 repo.go:368] failed to create patch for untracked file .scratch/phase19-review-zpWgwb/node-compile-cache/v24.16.0-x64-a638cdcf-1000/0c0f5984: bytes are not valid utf8
ERROR: logging before google.Init: E0831 01:12:57.010627     440 repo.go:368] failed to create patch for untracked file .scratch/phase19-review-zpWgwb/node-compile-cache/v24.16.0-x64-a638cdcf-1000/0c14c7a2: bytes are not valid utf8
ERROR: logging before google.Init: E0831 01:12:57.010637     440 repo.go:368] failed to create patch for untracked file .scratch/phase19-review-zpWgwb/node-compile-cache/v24.16.0-x64-a638cdcf-1000/0ca85b04: bytes are not valid utf8
ERROR: logging before google.Init: E0831 01:12:57.010647     440 repo.go:368] failed to create patch for untracked file .scratch/phase19-review-zpWgwb/node-compile-cache/v24.16.0-x64-a638cdcf-1000/0ce2c7f6: bytes are not valid utf8
ERROR: logging before google.Init: E0831 01:12:57.010660     440 repo.go:368] failed to create patch for untracked file .scratch/phase19-review-zpWgwb/node-compile-cache/v24.16.0-x64-a638cdcf-1000/0de54489: bytes are not valid utf8
ERROR: logging before google.Init: E0831 01:12:57.010670     440 repo.go:368] failed to create patch for untracked file .scratch/phase19-review-zpWgwb/node-compile-cache/v24.16.0-x64-a638cdcf-1000/0eb5f9b3: bytes are not valid utf8
ERROR: logging before google.Init: E0831 01:12:57.010680     440 repo.go:368] failed to create patch for untracked file .scratch/phase19-review-zpWgwb/node-compile-cache/v24.16.0-x64-a638cdcf-1000/0f6a75d0: bytes are not valid utf8
ERROR: logging before google.Init: E0831 01:12:57.010690     440 repo.go:368] failed to create patch for untracked file .scratch/phase19-review-zpWgwb/node-compile-cache/v24.16.0-x64-a638cdcf-1000/11aecf42: bytes are not valid utf8
ERROR: logging before google.Init: E0831 01:12:57.010699     440 repo.go:368] failed to create patch for untracked file .scratch/phase19-review-zpWgwb/node-compile-cache/v24.16.0-x64-a638cdcf-1000/13412e09: bytes are not valid utf8
ERROR: logging before google.Init: E0831 01:12:57.010709     440 repo.go:368] failed to create patch for untracked file .scratch/phase19-review-zpWgwb/node-compile-cache/v24.16.0-x64-a638cdcf-1000/14411895: bytes are not valid utf8
ERROR: logging before google.Init: E0831 01:12:57.010719     440 repo.go:368] failed to create patch for untracked file .scratch/phase19-review-zpWgwb/node-compile-cache/v24.16.0-x64-a638cdcf-1000/1ca84db5: bytes are not valid utf8
ERROR: logging before google.Init: E0831 01:12:57.010727     440 repo.go:368] failed to create patch for untracked file .scratch/phase19-review-zpWgwb/node-compile-cache/v24.16.0-x64-a638cdcf-1000/1e49bfcd: bytes are not valid utf8
ERROR: logging before google.Init: E0831 01:12:57.010735     440 repo.go:368] failed to create patch for untracked file .scratch/phase19-review-zpWgwb/node-compile-cache/v24.16.0-x64-a638cdcf-1000/22171201: bytes are not valid utf8
ERROR: logging before google.Init: E0831 01:12:57.010745     440 repo.go:368] failed to create patch for untracked file .scratch/phase19-review-zpWgwb/node-compile-cache/v24.16.0-x64-a638cdcf-1000/222c146e: bytes are not valid utf8
ERROR: logging before google.Init: E0831 01:12:57.010753     440 repo.go:368] failed to create patch for untracked file .scratch/phase19-review-zpWgwb/node-compile-cache/v24.16.0-x64-a638cdcf-1000/238cf301: bytes are not valid utf8
ERROR: logging before google.Init: E0831 01:12:57.010765     440 repo.go:368] failed to create patch for untracked file .scratch/phase19-review-zpWgwb/node-compile-cache/v24.16.0-x64-a638cdcf-1000/277d5dc6: bytes are not valid utf8
ERROR: logging before google.Init: E0831 01:12:57.010774     440 repo.go:368] failed to create patch for untracked file .scratch/phase19-review-zpWgwb/node-compile-cache/v24.16.0-x64-a638cdcf-1000/292f23aa: bytes are not valid utf8
ERROR: logging before google.Init: E0831 01:12:57.010784     440 repo.go:368] failed to create patch for untracked file .scratch/phase19-review-zpWgwb/node-compile-cache/v24.16.0-x64-a638cdcf-1000/29ed169d: bytes are not valid utf8
ERROR: logging before google.Init: E0831 01:12:57.010793     440 repo.go:368] failed to create patch for untracked file .scratch/phase19-review-zpWgwb/node-compile-cache/v24.16.0-x64-a638cdcf-1000/2aae7ec2: bytes are not valid utf8
ERROR: logging before google.Init: E0831 01:12:57.010801     440 repo.go:368] failed to create patch for untracked file .scratch/phase19-review-zpWgwb/node-compile-cache/v24.16.0-x64-a638cdcf-1000/2c91a167: bytes are not valid utf8
ERROR: logging before google.Init: E0831 01:12:57.010819     440 repo.go:368] failed to create patch for untracked file .scratch/phase19-review-zpWgwb/node-compile-cache/v24.16.0-x64-a638cdcf-1000/2cbc9b87: bytes are not valid utf8
ERROR: logging before google.Init: E0831 01:12:57.010828     440 repo.go:368] failed to create patch for untracked file .scratch/phase19-review-zpWgwb/node-compile-cache/v24.16.0-x64-a638cdcf-1000/2cf8bc03: bytes are not valid utf8
ERROR: logging before google.Init: E0831 01:12:57.010838     440 repo.go:368] failed to create patch for untracked file .scratch/phase19-review-zpWgwb/node-compile-cache/v24.16.0-x64-a638cdcf-1000/2d6540a8: bytes are not valid utf8
ERROR: logging before google.Init: E0831 01:12:57.010847     440 repo.go:368] failed to create patch for untracked file .scratch/phase19-review-zpWgwb/node-compile-cache/v24.16.0-x64-a638cdcf-1000/2d94b111: bytes are not valid utf8
ERROR: logging before google.Init: E0831 01:12:57.010856     440 repo.go:368] failed to create patch for untracked file .scratch/phase19-review-zpWgwb/node-compile-cache/v24.16.0-x64-a638cdcf-1000/2dd4ab2f: bytes are not valid utf8
ERROR: logging before google.Init: E0831 01:12:57.010866     440 repo.go:368] failed to create patch for untracked file .scratch/phase19-review-zpWgwb/node-compile-cache/v24.16.0-x64-a638cdcf-1000/33d4ac4e: bytes are not valid utf8
ERROR: logging before google.Init: E0831 01:12:57.010874     440 repo.go:368] failed to create patch for untracked file .scratch/phase19-review-zpWgwb/node-compile-cache/v24.16.0-x64-a638cdcf-1000/3474ca68: bytes are not valid utf8
ERROR: logging before google.Init: E0831 01:12:57.010884     440 repo.go:368] failed to create patch for untracked file .scratch/phase19-review-zpWgwb/node-compile-cache/v24.16.0-x64-a638cdcf-1000/34a8d599: bytes are not valid utf8
ERROR: logging before google.Init: E0831 01:12:57.010895     440 repo.go:368] failed to create patch for untracked file .scratch/phase19-review-zpWgwb/node-compile-cache/v24.16.0-x64-a638cdcf-1000/363b480f: bytes are not valid utf8
ERROR: logging before google.Init: E0831 01:12:57.010904     440 repo.go:368] failed to create patch for untracked file .scratch/phase19-review-zpWgwb/node-compile-cache/v24.16.0-x64-a638cdcf-1000/380e1b95: bytes are not valid utf8
ERROR: logging before google.Init: E0831 01:12:57.010914     440 repo.go:368] failed to create patch for untracked file .scratch/phase19-review-zpWgwb/node-compile-cache/v24.16.0-x64-a638cdcf-1000/397648b4: bytes are not valid utf8
ERROR: logging before google.Init: E0831 01:12:57.010926     440 repo.go:368] failed to create patch for untracked file .scratch/phase19-review-zpWgwb/node-compile-cache/v24.16.0-x64-a638cdcf-1000/3a6b73bf: bytes are not valid utf8
ERROR: logging before google.Init: E0831 01:12:57.010938     440 repo.go:368] failed to create patch for untracked file .scratch/phase19-review-zpWgwb/node-compile-cache/v24.16.0-x64-a638cdcf-1000/3ba47f8e: bytes are not valid utf8
ERROR: logging before google.Init: E0831 01:12:57.010950     440 repo.go:368] failed to create patch for untracked file .scratch/phase19-review-zpWgwb/node-compile-cache/v24.16.0-x64-a638cdcf-1000/3c56c2a7: bytes are not valid utf8
ERROR: logging before google.Init: E0831 01:12:57.010961     440 repo.go:368] failed to create patch for untracked file .scratch/phase19-review-zpWgwb/node-compile-cache/v24.16.0-x64-a638cdcf-1000/3f4e1002: bytes are not valid utf8
ERROR: logging before google.Init: E0831 01:12:57.010972     440 repo.go:368] failed to create patch for untracked file .scratch/phase19-review-zpWgwb/node-compile-cache/v24.16.0-x64-a638cdcf-1000/42203806: bytes are not valid utf8
ERROR: logging before google.Init: E0831 01:12:57.010981     440 repo.go:368] failed to create patch for untracked file .scratch/phase19-review-zpWgwb/node-compile-cache/v24.16.0-x64-a638cdcf-1000/443bec60: bytes are not valid utf8
ERROR: logging before google.Init: E0831 01:12:57.010990     440 repo.go:368] failed to create patch for untracked file .scratch/phase19-review-zpWgwb/node-compile-cache/v24.16.0-x64-a638cdcf-1000/4502b13f: bytes are not valid utf8
ERROR: logging before google.Init: E0831 01:12:57.010999     440 repo.go:368] failed to create patch for untracked file .scratch/phase19-review-zpWgwb/node-compile-cache/v24.16.0-x64-a638cdcf-1000/4712a260: bytes are not valid utf8
ERROR: logging before google.Init: E0831 01:12:57.011008     440 repo.go:368] failed to create patch for untracked file .scratch/phase19-review-zpWgwb/node-compile-cache/v24.16.0-x64-a638cdcf-1000/4975c255: bytes are not valid utf8
ERROR: logging before google.Init: E0831 01:12:57.011017     440 repo.go:368] failed to create patch for untracked file .scratch/phase19-review-zpWgwb/node-compile-cache/v24.16.0-x64-a638cdcf-1000/4bcda8d0: bytes are not valid utf8
ERROR: logging before google.Init: E0831 01:12:57.011026     440 repo.go:368] failed to create patch for untracked file .scratch/phase19-review-zpWgwb/node-compile-cache/v24.16.0-x64-a638cdcf-1000/4e617775: bytes are not valid utf8
ERROR: logging before google.Init: E0831 01:12:57.011035     440 repo.go:368] failed to create patch for untracked file .scratch/phase19-review-zpWgwb/node-compile-cache/v24.16.0-x64-a638cdcf-1000/5051f114: bytes are not valid utf8
ERROR: logging before google.Init: E0831 01:12:57.011044     440 repo.go:368] failed to create patch for untracked file .scratch/phase19-review-zpWgwb/node-compile-cache/v24.16.0-x64-a638cdcf-1000/5208bc92: bytes are not valid utf8
ERROR: logging before google.Init: E0831 01:12:57.011053     440 repo.go:368] failed to create patch for untracked file .scratch/phase19-review-zpWgwb/node-compile-cache/v24.16.0-x64-a638cdcf-1000/539528b4: bytes are not valid utf8
ERROR: logging before google.Init: E0831 01:12:57.011061     440 repo.go:368] failed to create patch for untracked file .scratch/phase19-review-zpWgwb/node-compile-cache/v24.16.0-x64-a638cdcf-1000/5422b955: bytes are not valid utf8
ERROR: logging before google.Init: E0831 01:12:57.011070     440 repo.go:368] failed to create patch for untracked file .scratch/phase19-review-zpWgwb/node-compile-cache/v24.16.0-x64-a638cdcf-1000/54adc9b2: bytes are not valid utf8
ERROR: logging before google.Init: E0831 01:12:57.011079     440 repo.go:368] failed to create patch for untracked file .scratch/phase19-review-zpWgwb/node-compile-cache/v24.16.0-x64-a638cdcf-1000/576f1f16: bytes are not valid utf8
ERROR: logging before google.Init: E0831 01:12:57.011087     440 repo.go:368] failed to create patch for untracked file .scratch/phase19-review-zpWgwb/node-compile-cache/v24.16.0-x64-a638cdcf-1000/5d258ddb: bytes are not valid utf8
ERROR: logging before google.Init: E0831 01:12:57.011096     440 repo.go:368] failed to create patch for untracked file .scratch/phase19-review-zpWgwb/node-compile-cache/v24.16.0-x64-a638cdcf-1000/62841b55: bytes are not valid utf8
ERROR: logging before google.Init: E0831 01:12:57.011104     440 repo.go:368] failed to create patch for untracked file .scratch/phase19-review-zpWgwb/node-compile-cache/v24.16.0-x64-a638cdcf-1000/63acd7c5: bytes are not valid utf8
ERROR: logging before google.Init: E0831 01:12:57.011112     440 repo.go:368] failed to create patch for untracked file .scratch/phase19-review-zpWgwb/node-compile-cache/v24.16.0-x64-a638cdcf-1000/661d029e: bytes are not valid utf8
ERROR: logging before google.Init: E0831 01:12:57.011123     440 repo.go:368] failed to create patch for untracked file .scratch/phase19-review-zpWgwb/node-compile-cache/v24.16.0-x64-a638cdcf-1000/676d76ec: bytes are not valid utf8
ERROR: logging before google.Init: E0831 01:12:57.011131     440 repo.go:368] failed to create patch for untracked file .scratch/phase19-review-zpWgwb/node-compile-cache/v24.16.0-x64-a638cdcf-1000/68045d8a: bytes are not valid utf8
ERROR: logging before google.Init: E0831 01:12:57.011142     440 repo.go:368] failed to create patch for untracked file .scratch/phase19-review-zpWgwb/node-compile-cache/v24.16.0-x64-a638cdcf-1000/6a195e46: bytes are not valid utf8
ERROR: logging before google.Init: E0831 01:12:57.011153     440 repo.go:368] failed to create patch for untracked file .scratch/phase19-review-zpWgwb/node-compile-cache/v24.16.0-x64-a638cdcf-1000/6c0f1701: bytes are not valid utf8
ERROR: logging before google.Init: E0831 01:12:57.011161     440 repo.go:368] failed to create patch for untracked file .scratch/phase19-review-zpWgwb/node-compile-cache/v24.16.0-x64-a638cdcf-1000/6c36f986: bytes are not valid utf8
ERROR: logging before google.Init: E0831 01:12:57.011170     440 repo.go:368] failed to create patch for untracked file .scratch/phase19-review-zpWgwb/node-compile-cache/v24.16.0-x64-a638cdcf-1000/6c9cb4e6: bytes are not valid utf8
ERROR: logging before google.Init: E0831 01:12:57.011180     440 repo.go:368] failed to create patch for untracked file .scratch/phase19-review-zpWgwb/node-compile-cache/v24.16.0-x64-a638cdcf-1000/6cb2fccc: bytes are not valid utf8
ERROR: logging before google.Init: E0831 01:12:57.011189     440 repo.go:368] failed to create patch for untracked file .scratch/phase19-review-zpWgwb/node-compile-cache/v24.16.0-x64-a638cdcf-1000/6d09090e: bytes are not valid utf8
ERROR: logging before google.Init: E0831 01:12:57.011197     440 repo.go:368] failed to create patch for untracked file .scratch/phase19-review-zpWgwb/node-compile-cache/v24.16.0-x64-a638cdcf-1000/6f0997d4: bytes are not valid utf8
ERROR: logging before google.Init: E0831 01:12:57.011206     440 repo.go:368] failed to create patch for untracked file .scratch/phase19-review-zpWgwb/node-compile-cache/v24.16.0-x64-a638cdcf-1000/722853d4: bytes are not valid utf8
ERROR: logging before google.Init: E0831 01:12:57.011214     440 repo.go:368] failed to create patch for untracked file .scratch/phase19-review-zpWgwb/node-compile-cache/v24.16.0-x64-a638cdcf-1000/74dbfc65: bytes are not valid utf8
ERROR: logging before google.Init: E0831 01:12:57.011225     440 repo.go:368] failed to create patch for untracked file .scratch/phase19-review-zpWgwb/node-compile-cache/v24.16.0-x64-a638cdcf-1000/74faeac6: bytes are not valid utf8
ERROR: logging before google.Init: E0831 01:12:57.011234     440 repo.go:368] failed to create patch for untracked file .scratch/phase19-review-zpWgwb/node-compile-cache/v24.16.0-x64-a638cdcf-1000/755eaac8: bytes are not valid utf8
ERROR: logging before google.Init: E0831 01:12:57.011243     440 repo.go:368] failed to create patch for untracked file .scratch/phase19-review-zpWgwb/node-compile-cache/v24.16.0-x64-a638cdcf-1000/78960ff3: bytes are not valid utf8
ERROR: logging before google.Init: E0831 01:12:57.011252     440 repo.go:368] failed to create patch for untracked file .scratch/phase19-review-zpWgwb/node-compile-cache/v24.16.0-x64-a638cdcf-1000/7d12cc21: bytes are not valid utf8
ERROR: logging before google.Init: E0831 01:12:57.011261     440 repo.go:368] failed to create patch for untracked file .scratch/phase19-review-zpWgwb/node-compile-cache/v24.16.0-x64-a638cdcf-1000/7d3095bd: bytes are not valid utf8
ERROR: logging before google.Init: E0831 01:12:57.011270     440 repo.go:368] failed to create patch for untracked file .scratch/phase19-review-zpWgwb/node-compile-cache/v24.16.0-x64-a638cdcf-1000/7ee4b63c: bytes are not valid utf8
ERROR: logging before google.Init: E0831 01:12:57.011279     440 repo.go:368] failed to create patch for untracked file .scratch/phase19-review-zpWgwb/node-compile-cache/v24.16.0-x64-a638cdcf-1000/7fd960fb: bytes are not valid utf8
ERROR: logging before google.Init: E0831 01:12:57.011288     440 repo.go:368] failed to create patch for untracked file .scratch/phase19-review-zpWgwb/node-compile-cache/v24.16.0-x64-a638cdcf-1000/81c4f277: bytes are not valid utf8
ERROR: logging before google.Init: E0831 01:12:57.011297     440 repo.go:368] failed to create patch for untracked file .scratch/phase19-review-zpWgwb/node-compile-cache/v24.16.0-x64-a638cdcf-1000/83698a21: bytes are not valid utf8
ERROR: logging before google.Init: E0831 01:12:57.011305     440 repo.go:368] failed to create patch for untracked file .scratch/phase19-review-zpWgwb/node-compile-cache/v24.16.0-x64-a638cdcf-1000/837bc788: bytes are not valid utf8
ERROR: logging before google.Init: E0831 01:12:57.011314     440 repo.go:368] failed to create patch for untracked file .scratch/phase19-review-zpWgwb/node-compile-cache/v24.16.0-x64-a638cdcf-1000/83d055c3: bytes are not valid utf8
ERROR: logging before google.Init: E0831 01:12:57.011324     440 repo.go:368] failed to create patch for untracked file .scratch/phase19-review-zpWgwb/node-compile-cache/v24.16.0-x64-a638cdcf-1000/84131f46: bytes are not valid utf8
ERROR: logging before google.Init: E0831 01:12:57.011335     440 repo.go:368] failed to create patch for untracked file .scratch/phase19-review-zpWgwb/node-compile-cache/v24.16.0-x64-a638cdcf-1000/860b5550: bytes are not valid utf8
ERROR: logging before google.Init: E0831 01:12:57.011346     440 repo.go:368] failed to create patch for untracked file .scratch/phase19-review-zpWgwb/node-compile-cache/v24.16.0-x64-a638cdcf-1000/8627a850: bytes are not valid utf8
ERROR: logging before google.Init: E0831 01:12:57.011359     440 repo.go:368] failed to create patch for untracked file .scratch/phase19-review-zpWgwb/node-compile-cache/v24.16.0-x64-a638cdcf-1000/86de0780: bytes are not valid utf8
ERROR: logging before google.Init: E0831 01:12:57.011371     440 repo.go:368] failed to create patch for untracked file .scratch/phase19-review-zpWgwb/node-compile-cache/v24.16.0-x64-a638cdcf-1000/893e0d3c: bytes are not valid utf8
ERROR: logging before google.Init: E0831 01:12:57.011383     440 repo.go:368] failed to create patch for untracked file .scratch/phase19-review-zpWgwb/node-compile-cache/v24.16.0-x64-a638cdcf-1000/89fd058d: bytes are not valid utf8
ERROR: logging before google.Init: E0831 01:12:57.011392     440 repo.go:368] failed to create patch for untracked file .scratch/phase19-review-zpWgwb/node-compile-cache/v24.16.0-x64-a638cdcf-1000/8a1bdd9e: bytes are not valid utf8
ERROR: logging before google.Init: E0831 01:12:57.011403     440 repo.go:368] failed to create patch for untracked file .scratch/phase19-review-zpWgwb/node-compile-cache/v24.16.0-x64-a638cdcf-1000/8dd343d3: bytes are not valid utf8
ERROR: logging before google.Init: E0831 01:12:57.011411     440 repo.go:368] failed to create patch for untracked file .scratch/phase19-review-zpWgwb/node-compile-cache/v24.16.0-x64-a638cdcf-1000/901bb925: bytes are not valid utf8
ERROR: logging before google.Init: E0831 01:12:57.011421     440 repo.go:368] failed to create patch for untracked file .scratch/phase19-review-zpWgwb/node-compile-cache/v24.16.0-x64-a638cdcf-1000/90ae4f72: bytes are not valid utf8
ERROR: logging before google.Init: E0831 01:12:57.011430     440 repo.go:368] failed to create patch for untracked file .scratch/phase19-review-zpWgwb/node-compile-cache/v24.16.0-x64-a638cdcf-1000/91a9bb81: bytes are not valid utf8
ERROR: logging before google.Init: E0831 01:12:57.011438     440 repo.go:368] failed to create patch for untracked file .scratch/phase19-review-zpWgwb/node-compile-cache/v24.16.0-x64-a638cdcf-1000/93d995b9: bytes are not valid utf8
ERROR: logging before google.Init: E0831 01:12:57.011447     440 repo.go:368] failed to create patch for untracked file .scratch/phase19-review-zpWgwb/node-compile-cache/v24.16.0-x64-a638cdcf-1000/95449e74: bytes are not valid utf8
ERROR: logging before google.Init: E0831 01:12:57.011456     440 repo.go:368] failed to create patch for untracked file .scratch/phase19-review-zpWgwb/node-compile-cache/v24.16.0-x64-a638cdcf-1000/95811550: bytes are not valid utf8
ERROR: logging before google.Init: E0831 01:12:57.011463     440 repo.go:368] failed to create patch for untracked file .scratch/phase19-review-zpWgwb/node-compile-cache/v24.16.0-x64-a638cdcf-1000/97da49d8: bytes are not valid utf8
ERROR: logging before google.Init: E0831 01:12:57.011475     440 repo.go:368] failed to create patch for untracked file .scratch/phase19-review-zpWgwb/node-compile-cache/v24.16.0-x64-a638cdcf-1000/9b5e090b: bytes are not valid utf8
ERROR: logging before google.Init: E0831 01:12:57.011484     440 repo.go:368] failed to create patch for untracked file .scratch/phase19-review-zpWgwb/node-compile-cache/v24.16.0-x64-a638cdcf-1000/9ba6c605: bytes are not valid utf8
ERROR: logging before google.Init: E0831 01:12:57.011493     440 repo.go:368] failed to create patch for untracked file .scratch/phase19-review-zpWgwb/node-compile-cache/v24.16.0-x64-a638cdcf-1000/9d61ee7f: bytes are not valid utf8
ERROR: logging before google.Init: E0831 01:12:57.011502     440 repo.go:368] failed to create patch for untracked file .scratch/phase19-review-zpWgwb/node-compile-cache/v24.16.0-x64-a638cdcf-1000/a1785609: bytes are not valid utf8
ERROR: logging before google.Init: E0831 01:12:57.011510     440 repo.go:368] failed to create patch for untracked file .scratch/phase19-review-zpWgwb/node-compile-cache/v24.16.0-x64-a638cdcf-1000/a1f9532b: bytes are not valid utf8
ERROR: logging before google.Init: E0831 01:12:57.011519     440 repo.go:368] failed to create patch for untracked file .scratch/phase19-review-zpWgwb/node-compile-cache/v24.16.0-x64-a638cdcf-1000/a5a41807: bytes are not valid utf8
ERROR: logging before google.Init: E0831 01:12:57.011528     440 repo.go:368] failed to create patch for untracked file .scratch/phase19-review-zpWgwb/node-compile-cache/v24.16.0-x64-a638cdcf-1000/a64cacae: bytes are not valid utf8
ERROR: logging before google.Init: E0831 01:12:57.011536     440 repo.go:368] failed to create patch for untracked file .scratch/phase19-review-zpWgwb/node-compile-cache/v24.16.0-x64-a638cdcf-1000/a6651458: bytes are not valid utf8
ERROR: logging before google.Init: E0831 01:12:57.011544     440 repo.go:368] failed to create patch for untracked file .scratch/phase19-review-zpWgwb/node-compile-cache/v24.16.0-x64-a638cdcf-1000/a6718356: bytes are not valid utf8
ERROR: logging before google.Init: E0831 01:12:57.011553     440 repo.go:368] failed to create patch for untracked file .scratch/phase19-review-zpWgwb/node-compile-cache/v24.16.0-x64-a638cdcf-1000/a6edb7c5: bytes are not valid utf8
ERROR: logging before google.Init: E0831 01:12:57.011561     440 repo.go:368] failed to create patch for untracked file .scratch/phase19-review-zpWgwb/node-compile-cache/v24.16.0-x64-a638cdcf-1000/a7e2ed95: bytes are not valid utf8
ERROR: logging before google.Init: E0831 01:12:57.011570     440 repo.go:368] failed to create patch for untracked file .scratch/phase19-review-zpWgwb/node-compile-cache/v24.16.0-x64-a638cdcf-1000/aaed4771: bytes are not valid utf8
ERROR: logging before google.Init: E0831 01:12:57.011579     440 repo.go:368] failed to create patch for untracked file .scratch/phase19-review-zpWgwb/node-compile-cache/v24.16.0-x64-a638cdcf-1000/ac4e057d: bytes are not valid utf8
ERROR: logging before google.Init: E0831 01:12:57.011588     440 repo.go:368] failed to create patch for untracked file .scratch/phase19-review-zpWgwb/node-compile-cache/v24.16.0-x64-a638cdcf-1000/b0a8f3fa: bytes are not valid utf8
ERROR: logging before google.Init: E0831 01:12:57.011600     440 repo.go:368] failed to create patch for untracked file .scratch/phase19-review-zpWgwb/node-compile-cache/v24.16.0-x64-a638cdcf-1000/b1f1332f: bytes are not valid utf8
ERROR: logging before google.Init: E0831 01:12:57.011615     440 repo.go:368] failed to create patch for untracked file .scratch/phase19-review-zpWgwb/node-compile-cache/v24.16.0-x64-a638cdcf-1000/b74364b4: bytes are not valid utf8
ERROR: logging before google.Init: E0831 01:12:57.011625     440 repo.go:368] failed to create patch for untracked file .scratch/phase19-review-zpWgwb/node-compile-cache/v24.16.0-x64-a638cdcf-1000/b9fb34f7: bytes are not valid utf8
ERROR: logging before google.Init: E0831 01:12:57.011634     440 repo.go:368] failed to create patch for untracked file .scratch/phase19-review-zpWgwb/node-compile-cache/v24.16.0-x64-a638cdcf-1000/bbe1526b: bytes are not valid utf8
ERROR: logging before google.Init: E0831 01:12:57.011642     440 repo.go:368] failed to create patch for untracked file .scratch/phase19-review-zpWgwb/node-compile-cache/v24.16.0-x64-a638cdcf-1000/bc7ecf92: bytes are not valid utf8
ERROR: logging before google.Init: E0831 01:12:57.011652     440 repo.go:368] failed to create patch for untracked file .scratch/phase19-review-zpWgwb/node-compile-cache/v24.16.0-x64-a638cdcf-1000/bf3999b7: bytes are not valid utf8
ERROR: logging before google.Init: E0831 01:12:57.011660     440 repo.go:368] failed to create patch for untracked file .scratch/phase19-review-zpWgwb/node-compile-cache/v24.16.0-x64-a638cdcf-1000/c05fb63e: bytes are not valid utf8
ERROR: logging before google.Init: E0831 01:12:57.011669     440 repo.go:368] failed to create patch for untracked file .scratch/phase19-review-zpWgwb/node-compile-cache/v24.16.0-x64-a638cdcf-1000/c5becfe9: bytes are not valid utf8
ERROR: logging before google.Init: E0831 01:12:57.011678     440 repo.go:368] failed to create patch for untracked file .scratch/phase19-review-zpWgwb/node-compile-cache/v24.16.0-x64-a638cdcf-1000/c5c16ea1: bytes are not valid utf8
ERROR: logging before google.Init: E0831 01:12:57.011687     440 repo.go:368] failed to create patch for untracked file .scratch/phase19-review-zpWgwb/node-compile-cache/v24.16.0-x64-a638cdcf-1000/c6bce957: bytes are not valid utf8
ERROR: logging before google.Init: E0831 01:12:57.011696     440 repo.go:368] failed to create patch for untracked file .scratch/phase19-review-zpWgwb/node-compile-cache/v24.16.0-x64-a638cdcf-1000/c8867b50: bytes are not valid utf8
ERROR: logging before google.Init: E0831 01:12:57.011705     440 repo.go:368] failed to create patch for untracked file .scratch/phase19-review-zpWgwb/node-compile-cache/v24.16.0-x64-a638cdcf-1000/c8c713a4: bytes are not valid utf8
ERROR: logging before google.Init: E0831 01:12:57.011713     440 repo.go:368] failed to create patch for untracked file .scratch/phase19-review-zpWgwb/node-compile-cache/v24.16.0-x64-a638cdcf-1000/cac5da3e: bytes are not valid utf8
ERROR: logging before google.Init: E0831 01:12:57.011722     440 repo.go:368] failed to create patch for untracked file .scratch/phase19-review-zpWgwb/node-compile-cache/v24.16.0-x64-a638cdcf-1000/cbf13d29: bytes are not valid utf8
ERROR: logging before google.Init: E0831 01:12:57.011730     440 repo.go:368] failed to create patch for untracked file .scratch/phase19-review-zpWgwb/node-compile-cache/v24.16.0-x64-a638cdcf-1000/cf2a2d68: bytes are not valid utf8
ERROR: logging before google.Init: E0831 01:12:57.011739     440 repo.go:368] failed to create patch for untracked file .scratch/phase19-review-zpWgwb/node-compile-cache/v24.16.0-x64-a638cdcf-1000/cff33166: bytes are not valid utf8
ERROR: logging before google.Init: E0831 01:12:57.011749     440 repo.go:368] failed to create patch for untracked file .scratch/phase19-review-zpWgwb/node-compile-cache/v24.16.0-x64-a638cdcf-1000/d27ee1e2: bytes are not valid utf8
ERROR: logging before google.Init: E0831 01:12:57.011757     440 repo.go:368] failed to create patch for untracked file .scratch/phase19-review-zpWgwb/node-compile-cache/v24.16.0-x64-a638cdcf-1000/d538c6b2: bytes are not valid utf8
ERROR: logging before google.Init: E0831 01:12:57.011768     440 repo.go:368] failed to create patch for untracked file .scratch/phase19-review-zpWgwb/node-compile-cache/v24.16.0-x64-a638cdcf-1000/d85c22ca: bytes are not valid utf8
ERROR: logging before google.Init: E0831 01:12:57.011781     440 repo.go:368] failed to create patch for untracked file .scratch/phase19-review-zpWgwb/node-compile-cache/v24.16.0-x64-a638cdcf-1000/d87799cd: bytes are not valid utf8
ERROR: logging before google.Init: E0831 01:12:57.011793     440 repo.go:368] failed to create patch for untracked file .scratch/phase19-review-zpWgwb/node-compile-cache/v24.16.0-x64-a638cdcf-1000/d89efcb0: bytes are not valid utf8
ERROR: logging before google.Init: E0831 01:12:57.011804     440 repo.go:368] failed to create patch for untracked file .scratch/phase19-review-zpWgwb/node-compile-cache/v24.16.0-x64-a638cdcf-1000/db8b8880: bytes are not valid utf8
ERROR: logging before google.Init: E0831 01:12:57.011815     440 repo.go:368] failed to create patch for untracked file .scratch/phase19-review-zpWgwb/node-compile-cache/v24.16.0-x64-a638cdcf-1000/db9713a5: bytes are not valid utf8
ERROR: logging before google.Init: E0831 01:12:57.011827     440 repo.go:368] failed to create patch for untracked file .scratch/phase19-review-zpWgwb/node-compile-cache/v24.16.0-x64-a638cdcf-1000/dd463702: bytes are not valid utf8
ERROR: logging before google.Init: E0831 01:12:57.011839     440 repo.go:368] failed to create patch for untracked file .scratch/phase19-review-zpWgwb/node-compile-cache/v24.16.0-x64-a638cdcf-1000/dda3a17a: bytes are not valid utf8
ERROR: logging before google.Init: E0831 01:12:57.011847     440 repo.go:368] failed to create patch for untracked file .scratch/phase19-review-zpWgwb/node-compile-cache/v24.16.0-x64-a638cdcf-1000/de9f53d2: bytes are not valid utf8
ERROR: logging before google.Init: E0831 01:12:57.011856     440 repo.go:368] failed to create patch for untracked file .scratch/phase19-review-zpWgwb/node-compile-cache/v24.16.0-x64-a638cdcf-1000/deaa7412: bytes are not valid utf8
ERROR: logging before google.Init: E0831 01:12:57.011864     440 repo.go:368] failed to create patch for untracked file .scratch/phase19-review-zpWgwb/node-compile-cache/v24.16.0-x64-a638cdcf-1000/def1f75e: bytes are not valid utf8
ERROR: logging before google.Init: E0831 01:12:57.011874     440 repo.go:368] failed to create patch for untracked file .scratch/phase19-review-zpWgwb/node-compile-cache/v24.16.0-x64-a638cdcf-1000/dfb98784: bytes are not valid utf8
ERROR: logging before google.Init: E0831 01:12:57.011882     440 repo.go:368] failed to create patch for untracked file .scratch/phase19-review-zpWgwb/node-compile-cache/v24.16.0-x64-a638cdcf-1000/dfdf6ef6: bytes are not valid utf8
ERROR: logging before google.Init: E0831 01:12:57.011891     440 repo.go:368] failed to create patch for untracked file .scratch/phase19-review-zpWgwb/node-compile-cache/v24.16.0-x64-a638cdcf-1000/e02a7d71: bytes are not valid utf8
ERROR: logging before google.Init: E0831 01:12:57.011900     440 repo.go:368] failed to create patch for untracked file .scratch/phase19-review-zpWgwb/node-compile-cache/v24.16.0-x64-a638cdcf-1000/e1ccd941: bytes are not valid utf8
ERROR: logging before google.Init: E0831 01:12:57.011909     440 repo.go:368] failed to create patch for untracked file .scratch/phase19-review-zpWgwb/node-compile-cache/v24.16.0-x64-a638cdcf-1000/e570fabc: bytes are not valid utf8
ERROR: logging before google.Init: E0831 01:12:57.011917     440 repo.go:368] failed to create patch for untracked file .scratch/phase19-review-zpWgwb/node-compile-cache/v24.16.0-x64-a638cdcf-1000/e5ad9250: bytes are not valid utf8
ERROR: logging before google.Init: E0831 01:12:57.011925     440 repo.go:368] failed to create patch for untracked file .scratch/phase19-review-zpWgwb/node-compile-cache/v24.16.0-x64-a638cdcf-1000/e6cbf296: bytes are not valid utf8
ERROR: logging before google.Init: E0831 01:12:57.011934     440 repo.go:368] failed to create patch for untracked file .scratch/phase19-review-zpWgwb/node-compile-cache/v24.16.0-x64-a638cdcf-1000/e959fd7e: bytes are not valid utf8
ERROR: logging before google.Init: E0831 01:12:57.011942     440 repo.go:368] failed to create patch for untracked file .scratch/phase19-review-zpWgwb/node-compile-cache/v24.16.0-x64-a638cdcf-1000/ea09f9ff: bytes are not valid utf8
ERROR: logging before google.Init: E0831 01:12:57.011950     440 repo.go:368] failed to create patch for untracked file .scratch/phase19-review-zpWgwb/node-compile-cache/v24.16.0-x64-a638cdcf-1000/ead167e3: bytes are not valid utf8
ERROR: logging before google.Init: E0831 01:12:57.011959     440 repo.go:368] failed to create patch for untracked file .scratch/phase19-review-zpWgwb/node-compile-cache/v24.16.0-x64-a638cdcf-1000/eaf167fb: bytes are not valid utf8
ERROR: logging before google.Init: E0831 01:12:57.011968     440 repo.go:368] failed to create patch for untracked file .scratch/phase19-review-zpWgwb/node-compile-cache/v24.16.0-x64-a638cdcf-1000/ec7ebb51: bytes are not valid utf8
ERROR: logging before google.Init: E0831 01:12:57.011976     440 repo.go:368] failed to create patch for untracked file .scratch/phase19-review-zpWgwb/node-compile-cache/v24.16.0-x64-a638cdcf-1000/ef6862fc: bytes are not valid utf8
ERROR: logging before google.Init: E0831 01:12:57.011985     440 repo.go:368] failed to create patch for untracked file .scratch/phase19-review-zpWgwb/node-compile-cache/v24.16.0-x64-a638cdcf-1000/f01e6dc5: bytes are not valid utf8
ERROR: logging before google.Init: E0831 01:12:57.011995     440 repo.go:368] failed to create patch for untracked file .scratch/phase19-review-zpWgwb/node-compile-cache/v24.16.0-x64-a638cdcf-1000/f2b24614: bytes are not valid utf8
ERROR: logging before google.Init: E0831 01:12:57.012004     440 repo.go:368] failed to create patch for untracked file .scratch/phase19-review-zpWgwb/node-compile-cache/v24.16.0-x64-a638cdcf-1000/f4b02fc0: bytes are not valid utf8
ERROR: logging before google.Init: E0831 01:12:57.012014     440 repo.go:368] failed to create patch for untracked file .scratch/phase19-review-zpWgwb/node-compile-cache/v24.16.0-x64-a638cdcf-1000/f64ca16c: bytes are not valid utf8
ERROR: logging before google.Init: E0831 01:12:57.012024     440 repo.go:368] failed to create patch for untracked file .scratch/phase19-review-zpWgwb/node-compile-cache/v24.16.0-x64-a638cdcf-1000/f6d0afa9: bytes are not valid utf8
ERROR: logging before google.Init: E0831 01:12:57.012032     440 repo.go:368] failed to create patch for untracked file .scratch/phase19-review-zpWgwb/node-compile-cache/v24.16.0-x64-a638cdcf-1000/fc287fe5: bytes are not valid utf8
ERROR: logging before google.Init: E0831 01:12:57.012045     440 repo.go:368] failed to create patch for untracked file .scratch/phase19-review-zpWgwb/node-compile-cache/v24.16.0-x64-a638cdcf-1000/fd400afc: bytes are not valid utf8
ERROR: logging before google.Init: E0831 01:12:57.012054     440 repo.go:368] failed to create patch for untracked file .scratch/phase19-review-zpWgwb/node-compile-cache/v24.16.0-x64-a638cdcf-1000/fd73df1f: bytes are not valid utf8
ERROR: logging before google.Init: E0831 01:12:57.012061     440 repo.go:368] failed to create patch for untracked file .scratch/phase19-review-zpWgwb/node-compile-cache/v24.16.0-x64-a638cdcf-1000/fe851085: bytes are not valid utf8
ERROR: logging before google.Init: E0831 01:12:57.012069     440 repo.go:368] failed to create patch for untracked file .scratch/phase19-review-zpWgwb/node-compile-cache/v26.8.1-x64-8d7ad2ee-1000/00279342: bytes are not valid utf8
ERROR: logging before google.Init: E0831 01:12:57.012078     440 repo.go:368] failed to create patch for untracked file .scratch/phase19-review-zpWgwb/node-compile-cache/v26.8.1-x64-8d7ad2ee-1000/010ca46c: bytes are not valid utf8
ERROR: logging before google.Init: E0831 01:12:57.012086     440 repo.go:368] failed to create patch for untracked file .scratch/phase19-review-zpWgwb/node-compile-cache/v26.8.1-x64-8d7ad2ee-1000/01b7386d: bytes are not valid utf8
ERROR: logging before google.Init: E0831 01:12:57.012096     440 repo.go:368] failed to create patch for untracked file .scratch/phase19-review-zpWgwb/node-compile-cache/v26.8.1-x64-8d7ad2ee-1000/022c8d76: bytes are not valid utf8
ERROR: logging before google.Init: E0831 01:12:57.012104     440 repo.go:368] failed to create patch for untracked file .scratch/phase19-review-zpWgwb/node-compile-cache/v26.8.1-x64-8d7ad2ee-1000/02ccd9ce: bytes are not valid utf8
ERROR: logging before google.Init: E0831 01:12:57.012112     440 repo.go:368] failed to create patch for untracked file .scratch/phase19-review-zpWgwb/node-compile-cache/v26.8.1-x64-8d7ad2ee-1000/032e32c2: bytes are not valid utf8
ERROR: logging before google.Init: E0831 01:12:57.012120     440 repo.go:368] failed to create patch for untracked file .scratch/phase19-review-zpWgwb/node-compile-cache/v26.8.1-x64-8d7ad2ee-1000/044210e1: bytes are not valid utf8
ERROR: logging before google.Init: E0831 01:12:57.012129     440 repo.go:368] failed to create patch for untracked file .scratch/phase19-review-zpWgwb/node-compile-cache/v26.8.1-x64-8d7ad2ee-1000/046957ae: bytes are not valid utf8
ERROR: logging before google.Init: E0831 01:12:57.012138     440 repo.go:368] failed to create patch for untracked file .scratch/phase19-review-zpWgwb/node-compile-cache/v26.8.1-x64-8d7ad2ee-1000/04d9d011: bytes are not valid utf8
ERROR: logging before google.Init: E0831 01:12:57.012147     440 repo.go:368] failed to create patch for untracked file .scratch/phase19-review-zpWgwb/node-compile-cache/v26.8.1-x64-8d7ad2ee-1000/052b4f98: bytes are not valid utf8
ERROR: logging before google.Init: E0831 01:12:57.012154     440 repo.go:368] failed to create patch for untracked file .scratch/phase19-review-zpWgwb/node-compile-cache/v26.8.1-x64-8d7ad2ee-1000/057f0d84: bytes are not valid utf8
ERROR: logging before google.Init: E0831 01:12:57.012162     440 repo.go:368] failed to create patch for untracked file .scratch/phase19-review-zpWgwb/node-compile-cache/v26.8.1-x64-8d7ad2ee-1000/059f2378: bytes are not valid utf8
ERROR: logging before google.Init: E0831 01:12:57.012171     440 repo.go:368] failed to create patch for untracked file .scratch/phase19-review-zpWgwb/node-compile-cache/v26.8.1-x64-8d7ad2ee-1000/05fec450: bytes are not valid utf8
ERROR: logging before google.Init: E0831 01:12:57.012180     440 repo.go:368] failed to create patch for untracked file .scratch/phase19-review-zpWgwb/node-compile-cache/v26.8.1-x64-8d7ad2ee-1000/06a2a20e: bytes are not valid utf8
ERROR: logging before google.Init: E0831 01:12:57.012188     440 repo.go:368] failed to create patch for untracked file .scratch/phase19-review-zpWgwb/node-compile-cache/v26.8.1-x64-8d7ad2ee-1000/07c2456e: bytes are not valid utf8
ERROR: logging before google.Init: E0831 01:12:57.012195     440 repo.go:368] failed to create patch for untracked file .scratch/phase19-review-zpWgwb/node-compile-cache/v26.8.1-x64-8d7ad2ee-1000/07cf3f8a: bytes are not valid utf8
ERROR: logging before google.Init: E0831 01:12:57.012205     440 repo.go:368] failed to create patch for untracked file .scratch/phase19-review-zpWgwb/node-compile-cache/v26.8.1-x64-8d7ad2ee-1000/084167c6: bytes are not valid utf8
ERROR: logging before google.Init: E0831 01:12:57.012215     440 repo.go:368] failed to create patch for untracked file .scratch/phase19-review-zpWgwb/node-compile-cache/v26.8.1-x64-8d7ad2ee-1000/091ce0e2: bytes are not valid utf8
ERROR: logging before google.Init: E0831 01:12:57.012228     440 repo.go:368] failed to create patch for untracked file .scratch/phase19-review-zpWgwb/node-compile-cache/v26.8.1-x64-8d7ad2ee-1000/09275b59: bytes are not valid utf8
ERROR: logging before google.Init: E0831 01:12:57.012241     440 repo.go:368] failed to create patch for untracked file .scratch/phase19-review-zpWgwb/node-compile-cache/v26.8.1-x64-8d7ad2ee-1000/094e6b9e: bytes are not valid utf8
ERROR: logging before google.Init: E0831 01:12:57.012253     440 repo.go:368] failed to create patch for untracked file .scratch/phase19-review-zpWgwb/node-compile-cache/v26.8.1-x64-8d7ad2ee-1000/09615a35: bytes are not valid utf8
ERROR: logging before google.Init: E0831 01:12:57.012263     440 repo.go:368] failed to create patch for untracked file .scratch/phase19-review-zpWgwb/node-compile-cache/v26.8.1-x64-8d7ad2ee-1000/09800fe0: bytes are not valid utf8
ERROR: logging before google.Init: E0831 01:12:57.012271     440 repo.go:368] failed to create patch for untracked file .scratch/phase19-review-zpWgwb/node-compile-cache/v26.8.1-x64-8d7ad2ee-1000/09dde953: bytes are not valid utf8
ERROR: logging before google.Init: E0831 01:12:57.012280     440 repo.go:368] failed to create patch for untracked file .scratch/phase19-review-zpWgwb/node-compile-cache/v26.8.1-x64-8d7ad2ee-1000/0a1fa128: bytes are not valid utf8
ERROR: logging before google.Init: E0831 01:12:57.012288     440 repo.go:368] failed to create patch for untracked file .scratch/phase19-review-zpWgwb/node-compile-cache/v26.8.1-x64-8d7ad2ee-1000/0a70f056: bytes are not valid utf8
ERROR: logging before google.Init: E0831 01:12:57.012296     440 repo.go:368] failed to create patch for untracked file .scratch/phase19-review-zpWgwb/node-compile-cache/v26.8.1-x64-8d7ad2ee-1000/0b2855c5: bytes are not valid utf8
ERROR: logging before google.Init: E0831 01:12:57.012304     440 repo.go:368] failed to create patch for untracked file .scratch/phase19-review-zpWgwb/node-compile-cache/v26.8.1-x64-8d7ad2ee-1000/0b712baf: bytes are not valid utf8
ERROR: logging before google.Init: E0831 01:12:57.012313     440 repo.go:368] failed to create patch for untracked file .scratch/phase19-review-zpWgwb/node-compile-cache/v26.8.1-x64-8d7ad2ee-1000/0c5232a3: bytes are not valid utf8
ERROR: logging before google.Init: E0831 01:12:57.012323     440 repo.go:368] failed to create patch for untracked file .scratch/phase19-review-zpWgwb/node-compile-cache/v26.8.1-x64-8d7ad2ee-1000/0d04415e: bytes are not valid utf8
ERROR: logging before google.Init: E0831 01:12:57.012332     440 repo.go:368] failed to create patch for untracked file .scratch/phase19-review-zpWgwb/node-compile-cache/v26.8.1-x64-8d7ad2ee-1000/0d9f97b3: bytes are not valid utf8
ERROR: logging before google.Init: E0831 01:12:57.012341     440 repo.go:368] failed to create patch for untracked file .scratch/phase19-review-zpWgwb/node-compile-cache/v26.8.1-x64-8d7ad2ee-1000/0f063766: bytes are not valid utf8
ERROR: logging before google.Init: E0831 01:12:57.012349     440 repo.go:368] failed to create patch for untracked file .scratch/phase19-review-zpWgwb/node-compile-cache/v26.8.1-x64-8d7ad2ee-1000/0f0a7988: bytes are not valid utf8
ERROR: logging before google.Init: E0831 01:12:57.012357     440 repo.go:368] failed to create patch for untracked file .scratch/phase19-review-zpWgwb/node-compile-cache/v26.8.1-x64-8d7ad2ee-1000/0f0c8433: bytes are not valid utf8
ERROR: logging before google.Init: E0831 01:12:57.012366     440 repo.go:368] failed to create patch for untracked file .scratch/phase19-review-zpWgwb/node-compile-cache/v26.8.1-x64-8d7ad2ee-1000/0f68cbe2: bytes are not valid utf8
ERROR: logging before google.Init: E0831 01:12:57.012373     440 repo.go:368] failed to create patch for untracked file .scratch/phase19-review-zpWgwb/node-compile-cache/v26.8.1-x64-8d7ad2ee-1000/0fc51e1f: bytes are not valid utf8
ERROR: logging before google.Init: E0831 01:12:57.012382     440 repo.go:368] failed to create patch for untracked file .scratch/phase19-review-zpWgwb/node-compile-cache/v26.8.1-x64-8d7ad2ee-1000/0fd0b3f1: bytes are not valid utf8
ERROR: logging before google.Init: E0831 01:12:57.012390     440 repo.go:368] failed to create patch for untracked file .scratch/phase19-review-zpWgwb/node-compile-cache/v26.8.1-x64-8d7ad2ee-1000/0fdd5abd: bytes are not valid utf8
ERROR: logging before google.Init: E0831 01:12:57.012398     440 repo.go:368] failed to create patch for untracked file .scratch/phase19-review-zpWgwb/node-compile-cache/v26.8.1-x64-8d7ad2ee-1000/0fef87ad: bytes are not valid utf8
ERROR: logging before google.Init: E0831 01:12:57.012407     440 repo.go:368] failed to create patch for untracked file .scratch/phase19-review-zpWgwb/node-compile-cache/v26.8.1-x64-8d7ad2ee-1000/10123dee: bytes are not valid utf8
ERROR: logging before google.Init: E0831 01:12:57.012415     440 repo.go:368] failed to create patch for untracked file .scratch/phase19-review-zpWgwb/node-compile-cache/v26.8.1-x64-8d7ad2ee-1000/102ef5fd: bytes are not valid utf8
ERROR: logging before google.Init: E0831 01:12:57.012423     440 repo.go:368] failed to create patch for untracked file .scratch/phase19-review-zpWgwb/node-compile-cache/v26.8.1-x64-8d7ad2ee-1000/108bebc6: bytes are not valid utf8
ERROR: logging before google.Init: E0831 01:12:57.012431     440 repo.go:368] failed to create patch for untracked file .scratch/phase19-review-zpWgwb/node-compile-cache/v26.8.1-x64-8d7ad2ee-1000/10d84fd3: bytes are not valid utf8
ERROR: logging before google.Init: E0831 01:12:57.012442     440 repo.go:368] failed to create patch for untracked file .scratch/phase19-review-zpWgwb/node-compile-cache/v26.8.1-x64-8d7ad2ee-1000/116cae05: bytes are not valid utf8
ERROR: logging before google.Init: E0831 01:12:57.012450     440 repo.go:368] failed to create patch for untracked file .scratch/phase19-review-zpWgwb/node-compile-cache/v26.8.1-x64-8d7ad2ee-1000/1172e634: bytes are not valid utf8
ERROR: logging before google.Init: E0831 01:12:57.012460     440 repo.go:368] failed to create patch for untracked file .scratch/phase19-review-zpWgwb/node-compile-cache/v26.8.1-x64-8d7ad2ee-1000/11cb2a80: bytes are not valid utf8
ERROR: logging before google.Init: E0831 01:12:57.012470     440 repo.go:368] failed to create patch for untracked file .scratch/phase19-review-zpWgwb/node-compile-cache/v26.8.1-x64-8d7ad2ee-1000/11e1e7e1: bytes are not valid utf8
ERROR: logging before google.Init: E0831 01:12:57.012478     440 repo.go:368] failed to create patch for untracked file .scratch/phase19-review-zpWgwb/node-compile-cache/v26.8.1-x64-8d7ad2ee-1000/11f1577f: bytes are not valid utf8
ERROR: logging before google.Init: E0831 01:12:57.012487     440 repo.go:368] failed to create patch for untracked file .scratch/phase19-review-zpWgwb/node-compile-cache/v26.8.1-x64-8d7ad2ee-1000/120fcd18: bytes are not valid utf8
ERROR: logging before google.Init: E0831 01:12:57.012495     440 repo.go:368] failed to create patch for untracked file .scratch/phase19-review-zpWgwb/node-compile-cache/v26.8.1-x64-8d7ad2ee-1000/12940077: bytes are not valid utf8
ERROR: logging before google.Init: E0831 01:12:57.012504     440 repo.go:368] failed to create patch for untracked file .scratch/phase19-review-zpWgwb/node-compile-cache/v26.8.1-x64-8d7ad2ee-1000/12d6085e: bytes are not valid utf8
ERROR: logging before google.Init: E0831 01:12:57.012512     440 repo.go:368] failed to create patch for untracked file .scratch/phase19-review-zpWgwb/node-compile-cache/v26.8.1-x64-8d7ad2ee-1000/13581792: bytes are not valid utf8
ERROR: logging before google.Init: E0831 01:12:57.012520     440 repo.go:368] failed to create patch for untracked file .scratch/phase19-review-zpWgwb/node-compile-cache/v26.8.1-x64-8d7ad2ee-1000/13bd6df4: bytes are not valid utf8
ERROR: logging before google.Init: E0831 01:12:57.012527     440 repo.go:368] failed to create patch for untracked file .scratch/phase19-review-zpWgwb/node-compile-cache/v26.8.1-x64-8d7ad2ee-1000/140a0144: bytes are not valid utf8
ERROR: logging before google.Init: E0831 01:12:57.012536     440 repo.go:368] failed to create patch for untracked file .scratch/phase19-review-zpWgwb/node-compile-cache/v26.8.1-x64-8d7ad2ee-1000/1441efd4: bytes are not valid utf8
ERROR: logging before google.Init: E0831 01:12:57.012544     440 repo.go:368] failed to create patch for untracked file .scratch/phase19-review-zpWgwb/node-compile-cache/v26.8.1-x64-8d7ad2ee-1000/1497c779: bytes are not valid utf8
ERROR: logging before google.Init: E0831 01:12:57.012553     440 repo.go:368] failed to create patch for untracked file .scratch/phase19-review-zpWgwb/node-compile-cache/v26.8.1-x64-8d7ad2ee-1000/154af85f: bytes are not valid utf8
ERROR: logging before google.Init: E0831 01:12:57.012564     440 repo.go:368] failed to create patch for untracked file .scratch/phase19-review-zpWgwb/node-compile-cache/v26.8.1-x64-8d7ad2ee-1000/15f1ac1e: bytes are not valid utf8
ERROR: logging before google.Init: E0831 01:12:57.012576     440 repo.go:368] failed to create patch for untracked file .scratch/phase19-review-zpWgwb/node-compile-cache/v26.8.1-x64-8d7ad2ee-1000/164dc688: bytes are not valid utf8
ERROR: logging before google.Init: E0831 01:12:57.012588     440 repo.go:368] failed to create patch for untracked file .scratch/phase19-review-zpWgwb/node-compile-cache/v26.8.1-x64-8d7ad2ee-1000/16ad2109: bytes are not valid utf8
ERROR: logging before google.Init: E0831 01:12:57.012599     440 repo.go:368] failed to create patch for untracked file .scratch/phase19-review-zpWgwb/node-compile-cache/v26.8.1-x64-8d7ad2ee-1000/16e14a72: bytes are not valid utf8
ERROR: logging before google.Init: E0831 01:12:57.012612     440 repo.go:368] failed to create patch for untracked file .scratch/phase19-review-zpWgwb/node-compile-cache/v26.8.1-x64-8d7ad2ee-1000/178cdd1b: bytes are not valid utf8
ERROR: logging before google.Init: E0831 01:12:57.012623     440 repo.go:368] failed to create patch for untracked file .scratch/phase19-review-zpWgwb/node-compile-cache/v26.8.1-x64-8d7ad2ee-1000/17bea670: bytes are not valid utf8
ERROR: logging before google.Init: E0831 01:12:57.012633     440 repo.go:368] failed to create patch for untracked file .scratch/phase19-review-zpWgwb/node-compile-cache/v26.8.1-x64-8d7ad2ee-1000/17fb02de: bytes are not valid utf8
ERROR: logging before google.Init: E0831 01:12:57.012641     440 repo.go:368] failed to create patch for untracked file .scratch/phase19-review-zpWgwb/node-compile-cache/v26.8.1-x64-8d7ad2ee-1000/186176c2: bytes are not valid utf8
ERROR: logging before google.Init: E0831 01:12:57.012649     440 repo.go:368] failed to create patch for untracked file .scratch/phase19-review-zpWgwb/node-compile-cache/v26.8.1-x64-8d7ad2ee-1000/187eddc9: bytes are not valid utf8
ERROR: logging before google.Init: E0831 01:12:57.012657     440 repo.go:368] failed to create patch for untracked file .scratch/phase19-review-zpWgwb/node-compile-cache/v26.8.1-x64-8d7ad2ee-1000/18997b58: bytes are not valid utf8
ERROR: logging before google.Init: E0831 01:12:57.012667     440 repo.go:368] failed to create patch for untracked file .scratch/phase19-review-zpWgwb/node-compile-cache/v26.8.1-x64-8d7ad2ee-1000/18bd97ff: bytes are not valid utf8
ERROR: logging before google.Init: E0831 01:12:57.012676     440 repo.go:368] failed to create patch for untracked file .scratch/phase19-review-zpWgwb/node-compile-cache/v26.8.1-x64-8d7ad2ee-1000/1978cd64: bytes are not valid utf8
ERROR: logging before google.Init: E0831 01:12:57.012684     440 repo.go:368] failed to create patch for untracked file .scratch/phase19-review-zpWgwb/node-compile-cache/v26.8.1-x64-8d7ad2ee-1000/19b40a6a: bytes are not valid utf8
ERROR: logging before google.Init: E0831 01:12:57.012693     440 repo.go:368] failed to create patch for untracked file .scratch/phase19-review-zpWgwb/node-compile-cache/v26.8.1-x64-8d7ad2ee-1000/1a0b6a98: bytes are not valid utf8
ERROR: logging before google.Init: E0831 01:12:57.012700     440 repo.go:368] failed to create patch for untracked file .scratch/phase19-review-zpWgwb/node-compile-cache/v26.8.1-x64-8d7ad2ee-1000/1a1a92fe: bytes are not valid utf8
ERROR: logging before google.Init: E0831 01:12:57.012708     440 repo.go:368] failed to create patch for untracked file .scratch/phase19-review-zpWgwb/node-compile-cache/v26.8.1-x64-8d7ad2ee-1000/1ac49b5c: bytes are not valid utf8
ERROR: logging before google.Init: E0831 01:12:57.012715     440 repo.go:368] failed to create patch for untracked file .scratch/phase19-review-zpWgwb/node-compile-cache/v26.8.1-x64-8d7ad2ee-1000/1b2a3a2a: bytes are not valid utf8
ERROR: logging before google.Init: E0831 01:12:57.012724     440 repo.go:368] failed to create patch for untracked file .scratch/phase19-review-zpWgwb/node-compile-cache/v26.8.1-x64-8d7ad2ee-1000/1b65f769: bytes are not valid utf8
ERROR: logging before google.Init: E0831 01:12:57.012732     440 repo.go:368] failed to create patch for untracked file .scratch/phase19-review-zpWgwb/node-compile-cache/v26.8.1-x64-8d7ad2ee-1000/1b6d87f9: bytes are not valid utf8
ERROR: logging before google.Init: E0831 01:12:57.012740     440 repo.go:368] failed to create patch for untracked file .scratch/phase19-review-zpWgwb/node-compile-cache/v26.8.1-x64-8d7ad2ee-1000/1bbb6102: bytes are not valid utf8
ERROR: logging before google.Init: E0831 01:12:57.012748     440 repo.go:368] failed to create patch for untracked file .scratch/phase19-review-zpWgwb/node-compile-cache/v26.8.1-x64-8d7ad2ee-1000/1bd412a9: bytes are not valid utf8
ERROR: logging before google.Init: E0831 01:12:57.012758     440 repo.go:368] failed to create patch for untracked file .scratch/phase19-review-zpWgwb/node-compile-cache/v26.8.1-x64-8d7ad2ee-1000/1c7cc057: bytes are not valid utf8
ERROR: logging before google.Init: E0831 01:12:57.012767     440 repo.go:368] failed to create patch for untracked file .scratch/phase19-review-zpWgwb/node-compile-cache/v26.8.1-x64-8d7ad2ee-1000/1e79468d: bytes are not valid utf8
ERROR: logging before google.Init: E0831 01:12:57.012776     440 repo.go:368] failed to create patch for untracked file .scratch/phase19-review-zpWgwb/node-compile-cache/v26.8.1-x64-8d7ad2ee-1000/1e880b66: bytes are not valid utf8
ERROR: logging before google.Init: E0831 01:12:57.012783     440 repo.go:368] failed to create patch for untracked file .scratch/phase19-review-zpWgwb/node-compile-cache/v26.8.1-x64-8d7ad2ee-1000/1f328c74: bytes are not valid utf8
ERROR: logging before google.Init: E0831 01:12:57.012791     440 repo.go:368] failed to create patch for untracked file .scratch/phase19-review-zpWgwb/node-compile-cache/v26.8.1-x64-8d7ad2ee-1000/1f9b0e5c: bytes are not valid utf8
ERROR: logging before google.Init: E0831 01:12:57.012801     440 repo.go:368] failed to create patch for untracked file .scratch/phase19-review-zpWgwb/node-compile-cache/v26.8.1-x64-8d7ad2ee-1000/1fa45f11: bytes are not valid utf8
ERROR: logging before google.Init: E0831 01:12:57.012810     440 repo.go:368] failed to create patch for untracked file .scratch/phase19-review-zpWgwb/node-compile-cache/v26.8.1-x64-8d7ad2ee-1000/1fdf173b: bytes are not valid utf8
ERROR: logging before google.Init: E0831 01:12:57.012819     440 repo.go:368] failed to create patch for untracked file .scratch/phase19-review-zpWgwb/node-compile-cache/v26.8.1-x64-8d7ad2ee-1000/204d30cc: bytes are not valid utf8
ERROR: logging before google.Init: E0831 01:12:57.012827     440 repo.go:368] failed to create patch for untracked file .scratch/phase19-review-zpWgwb/node-compile-cache/v26.8.1-x64-8d7ad2ee-1000/206cdb5e: bytes are not valid utf8
ERROR: logging before google.Init: E0831 01:12:57.012835     440 repo.go:368] failed to create patch for untracked file .scratch/phase19-review-zpWgwb/node-compile-cache/v26.8.1-x64-8d7ad2ee-1000/207c7dae: bytes are not valid utf8
ERROR: logging before google.Init: E0831 01:12:57.012844     440 repo.go:368] failed to create patch for untracked file .scratch/phase19-review-zpWgwb/node-compile-cache/v26.8.1-x64-8d7ad2ee-1000/20995dbb: bytes are not valid utf8
ERROR: logging before google.Init: E0831 01:12:57.012852     440 repo.go:368] failed to create patch for untracked file .scratch/phase19-review-zpWgwb/node-compile-cache/v26.8.1-x64-8d7ad2ee-1000/20cad7f4: bytes are not valid utf8
ERROR: logging before google.Init: E0831 01:12:57.012860     440 repo.go:368] failed to create patch for untracked file .scratch/phase19-review-zpWgwb/node-compile-cache/v26.8.1-x64-8d7ad2ee-1000/20d4355f: bytes are not valid utf8
ERROR: logging before google.Init: E0831 01:12:57.012869     440 repo.go:368] failed to create patch for untracked file .scratch/phase19-review-zpWgwb/node-compile-cache/v26.8.1-x64-8d7ad2ee-1000/221af82a: bytes are not valid utf8
ERROR: logging before google.Init: E0831 01:12:57.012877     440 repo.go:368] failed to create patch for untracked file .scratch/phase19-review-zpWgwb/node-compile-cache/v26.8.1-x64-8d7ad2ee-1000/22a111e0: bytes are not valid utf8
ERROR: logging before google.Init: E0831 01:12:57.012886     440 repo.go:368] failed to create patch for untracked file .scratch/phase19-review-zpWgwb/node-compile-cache/v26.8.1-x64-8d7ad2ee-1000/232bb390: bytes are not valid utf8
ERROR: logging before google.Init: E0831 01:12:57.012894     440 repo.go:368] failed to create patch for untracked file .scratch/phase19-review-zpWgwb/node-compile-cache/v26.8.1-x64-8d7ad2ee-1000/2357f5d4: bytes are not valid utf8
ERROR: logging before google.Init: E0831 01:12:57.012902     440 repo.go:368] failed to create patch for untracked file .scratch/phase19-review-zpWgwb/node-compile-cache/v26.8.1-x64-8d7ad2ee-1000/23ac1f21: bytes are not valid utf8
ERROR: logging before google.Init: E0831 01:12:57.012909     440 repo.go:368] failed to create patch for untracked file .scratch/phase19-review-zpWgwb/node-compile-cache/v26.8.1-x64-8d7ad2ee-1000/23c95ffc: bytes are not valid utf8
ERROR: logging before google.Init: E0831 01:12:57.012918     440 repo.go:368] failed to create patch for untracked file .scratch/phase19-review-zpWgwb/node-compile-cache/v26.8.1-x64-8d7ad2ee-1000/2442c1f5: bytes are not valid utf8
ERROR: logging before google.Init: E0831 01:12:57.012926     440 repo.go:368] failed to create patch for untracked file .scratch/phase19-review-zpWgwb/node-compile-cache/v26.8.1-x64-8d7ad2ee-1000/24d32a8d: bytes are not valid utf8
ERROR: logging before google.Init: E0831 01:12:57.012934     440 repo.go:368] failed to create patch for untracked file .scratch/phase19-review-zpWgwb/node-compile-cache/v26.8.1-x64-8d7ad2ee-1000/250f9c68: bytes are not valid utf8
ERROR: logging before google.Init: E0831 01:12:57.012942     440 repo.go:368] failed to create patch for untracked file .scratch/phase19-review-zpWgwb/node-compile-cache/v26.8.1-x64-8d7ad2ee-1000/25cb1a0e: bytes are not valid utf8
ERROR: logging before google.Init: E0831 01:12:57.012951     440 repo.go:368] failed to create patch for untracked file .scratch/phase19-review-zpWgwb/node-compile-cache/v26.8.1-x64-8d7ad2ee-1000/26386c07: bytes are not valid utf8
ERROR: logging before google.Init: E0831 01:12:57.012959     440 repo.go:368] failed to create patch for untracked file .scratch/phase19-review-zpWgwb/node-compile-cache/v26.8.1-x64-8d7ad2ee-1000/263f0e14: bytes are not valid utf8
ERROR: logging before google.Init: E0831 01:12:57.012967     440 repo.go:368] failed to create patch for untracked file .scratch/phase19-review-zpWgwb/node-compile-cache/v26.8.1-x64-8d7ad2ee-1000/26489bb3: bytes are not valid utf8
ERROR: logging before google.Init: E0831 01:12:57.012975     440 repo.go:368] failed to create patch for untracked file .scratch/phase19-review-zpWgwb/node-compile-cache/v26.8.1-x64-8d7ad2ee-1000/269c56d8: bytes are not valid utf8
ERROR: logging before google.Init: E0831 01:12:57.012983     440 repo.go:368] failed to create patch for untracked file .scratch/phase19-review-zpWgwb/node-compile-cache/v26.8.1-x64-8d7ad2ee-1000/278f25ae: bytes are not valid utf8
ERROR: logging before google.Init: E0831 01:12:57.012991     440 repo.go:368] failed to create patch for untracked file .scratch/phase19-review-zpWgwb/node-compile-cache/v26.8.1-x64-8d7ad2ee-1000/27f07a12: bytes are not valid utf8
ERROR: logging before google.Init: E0831 01:12:57.013003     440 repo.go:368] failed to create patch for untracked file .scratch/phase19-review-zpWgwb/node-compile-cache/v26.8.1-x64-8d7ad2ee-1000/284df1ba: bytes are not valid utf8
ERROR: logging before google.Init: E0831 01:12:57.013015     440 repo.go:368] failed to create patch for untracked file .scratch/phase19-review-zpWgwb/node-compile-cache/v26.8.1-x64-8d7ad2ee-1000/28cd767f: bytes are not valid utf8
ERROR: logging before google.Init: E0831 01:12:57.013026     440 repo.go:368] failed to create patch for untracked file .scratch/phase19-review-zpWgwb/node-compile-cache/v26.8.1-x64-8d7ad2ee-1000/28f2d72a: bytes are not valid utf8
ERROR: logging before google.Init: E0831 01:12:57.013037     440 repo.go:368] failed to create patch for untracked file .scratch/phase19-review-zpWgwb/node-compile-cache/v26.8.1-x64-8d7ad2ee-1000/298138b1: bytes are not valid utf8
ERROR: logging before google.Init: E0831 01:12:57.013051     440 repo.go:368] failed to create patch for untracked file .scratch/phase19-review-zpWgwb/node-compile-cache/v26.8.1-x64-8d7ad2ee-1000/29ae7849: bytes are not valid utf8
ERROR: logging before google.Init: E0831 01:12:57.013061     440 repo.go:368] failed to create patch for untracked file .scratch/phase19-review-zpWgwb/node-compile-cache/v26.8.1-x64-8d7ad2ee-1000/2a8813f8: bytes are not valid utf8
ERROR: logging before google.Init: E0831 01:12:57.013070     440 repo.go:368] failed to create patch for untracked file .scratch/phase19-review-zpWgwb/node-compile-cache/v26.8.1-x64-8d7ad2ee-1000/2bc0d199: bytes are not valid utf8
ERROR: logging before google.Init: E0831 01:12:57.013078     440 repo.go:368] failed to create patch for untracked file .scratch/phase19-review-zpWgwb/node-compile-cache/v26.8.1-x64-8d7ad2ee-1000/2bdcf063: bytes are not valid utf8
ERROR: logging before google.Init: E0831 01:12:57.013087     440 repo.go:368] failed to create patch for untracked file .scratch/phase19-review-zpWgwb/node-compile-cache/v26.8.1-x64-8d7ad2ee-1000/2c66374b: bytes are not valid utf8
ERROR: logging before google.Init: E0831 01:12:57.013097     440 repo.go:368] failed to create patch for untracked file .scratch/phase19-review-zpWgwb/node-compile-cache/v26.8.1-x64-8d7ad2ee-1000/2cc8e4ff: bytes are not valid utf8
ERROR: logging before google.Init: E0831 01:12:57.013105     440 repo.go:368] failed to create patch for untracked file .scratch/phase19-review-zpWgwb/node-compile-cache/v26.8.1-x64-8d7ad2ee-1000/2d464d3d: bytes are not valid utf8
ERROR: logging before google.Init: E0831 01:12:57.013114     440 repo.go:368] failed to create patch for untracked file .scratch/phase19-review-zpWgwb/node-compile-cache/v26.8.1-x64-8d7ad2ee-1000/2d474a8e: bytes are not valid utf8
ERROR: logging before google.Init: E0831 01:12:57.013122     440 repo.go:368] failed to create patch for untracked file .scratch/phase19-review-zpWgwb/node-compile-cache/v26.8.1-x64-8d7ad2ee-1000/2d96951b: bytes are not valid utf8
ERROR: logging before google.Init: E0831 01:12:57.013131     440 repo.go:368] failed to create patch for untracked file .scratch/phase19-review-zpWgwb/node-compile-cache/v26.8.1-x64-8d7ad2ee-1000/2dfc3763: bytes are not valid utf8
ERROR: logging before google.Init: E0831 01:12:57.013139     440 repo.go:368] failed to create patch for untracked file .scratch/phase19-review-zpWgwb/node-compile-cache/v26.8.1-x64-8d7ad2ee-1000/2e55c3a5: bytes are not valid utf8
ERROR: logging before google.Init: E0831 01:12:57.013147     440 repo.go:368] failed to create patch for untracked file .scratch/phase19-review-zpWgwb/node-compile-cache/v26.8.1-x64-8d7ad2ee-1000/2e67f1f7: bytes are not valid utf8
ERROR: logging before google.Init: E0831 01:12:57.013155     440 repo.go:368] failed to create patch for untracked file .scratch/phase19-review-zpWgwb/node-compile-cache/v26.8.1-x64-8d7ad2ee-1000/2e914e8b: bytes are not valid utf8
ERROR: logging before google.Init: E0831 01:12:57.013163     440 repo.go:368] failed to create patch for untracked file .scratch/phase19-review-zpWgwb/node-compile-cache/v26.8.1-x64-8d7ad2ee-1000/2ecc8411: bytes are not valid utf8
ERROR: logging before google.Init: E0831 01:12:57.013172     440 repo.go:368] failed to create patch for untracked file .scratch/phase19-review-zpWgwb/node-compile-cache/v26.8.1-x64-8d7ad2ee-1000/2ed48d5f: bytes are not valid utf8
ERROR: logging before google.Init: E0831 01:12:57.013181     440 repo.go:368] failed to create patch for untracked file .scratch/phase19-review-zpWgwb/node-compile-cache/v26.8.1-x64-8d7ad2ee-1000/2fcd57fe: bytes are not valid utf8
ERROR: logging before google.Init: E0831 01:12:57.013190     440 repo.go:368] failed to create patch for untracked file .scratch/phase19-review-zpWgwb/node-compile-cache/v26.8.1-x64-8d7ad2ee-1000/3029e332: bytes are not valid utf8
ERROR: logging before google.Init: E0831 01:12:57.013198     440 repo.go:368] failed to create patch for untracked file .scratch/phase19-review-zpWgwb/node-compile-cache/v26.8.1-x64-8d7ad2ee-1000/303a53bd: bytes are not valid utf8
ERROR: logging before google.Init: E0831 01:12:57.013206     440 repo.go:368] failed to create patch for untracked file .scratch/phase19-review-zpWgwb/node-compile-cache/v26.8.1-x64-8d7ad2ee-1000/304a34e9: bytes are not valid utf8
ERROR: logging before google.Init: E0831 01:12:57.013214     440 repo.go:368] failed to create patch for untracked file .scratch/phase19-review-zpWgwb/node-compile-cache/v26.8.1-x64-8d7ad2ee-1000/30841eca: bytes are not valid utf8
ERROR: logging before google.Init: E0831 01:12:57.013223     440 repo.go:368] failed to create patch for untracked file .scratch/phase19-review-zpWgwb/node-compile-cache/v26.8.1-x64-8d7ad2ee-1000/30b81987: bytes are not valid utf8
ERROR: logging before google.Init: E0831 01:12:57.013231     440 repo.go:368] failed to create patch for untracked file .scratch/phase19-review-zpWgwb/node-compile-cache/v26.8.1-x64-8d7ad2ee-1000/311bad02: bytes are not valid utf8
ERROR: logging before google.Init: E0831 01:12:57.013240     440 repo.go:368] failed to create patch for untracked file .scratch/phase19-review-zpWgwb/node-compile-cache/v26.8.1-x64-8d7ad2ee-1000/317ac786: bytes are not valid utf8
ERROR: logging before google.Init: E0831 01:12:57.013250     440 repo.go:368] failed to create patch for untracked file .scratch/phase19-review-zpWgwb/node-compile-cache/v26.8.1-x64-8d7ad2ee-1000/3280507c: bytes are not valid utf8
ERROR: logging before google.Init: E0831 01:12:57.013257     440 repo.go:368] failed to create patch for untracked file .scratch/phase19-review-zpWgwb/node-compile-cache/v26.8.1-x64-8d7ad2ee-1000/32c3690e: bytes are not valid utf8
ERROR: logging before google.Init: E0831 01:12:57.013265     440 repo.go:368] failed to create patch for untracked file .scratch/phase19-review-zpWgwb/node-compile-cache/v26.8.1-x64-8d7ad2ee-1000/3322776f: bytes are not valid utf8
ERROR: logging before google.Init: E0831 01:12:57.013273     440 repo.go:368] failed to create patch for untracked file .scratch/phase19-review-zpWgwb/node-compile-cache/v26.8.1-x64-8d7ad2ee-1000/335a9bcb: bytes are not valid utf8
ERROR: logging before google.Init: E0831 01:12:57.013281     440 repo.go:368] failed to create patch for untracked file .scratch/phase19-review-zpWgwb/node-compile-cache/v26.8.1-x64-8d7ad2ee-1000/35ecf28e: bytes are not valid utf8
ERROR: logging before google.Init: E0831 01:12:57.013289     440 repo.go:368] failed to create patch for untracked file .scratch/phase19-review-zpWgwb/node-compile-cache/v26.8.1-x64-8d7ad2ee-1000/35ff1778: bytes are not valid utf8
ERROR: logging before google.Init: E0831 01:12:57.013298     440 repo.go:368] failed to create patch for untracked file .scratch/phase19-review-zpWgwb/node-compile-cache/v26.8.1-x64-8d7ad2ee-1000/3613671b: bytes are not valid utf8
ERROR: logging before google.Init: E0831 01:12:57.013314     440 repo.go:368] failed to create patch for untracked file .scratch/phase19-review-zpWgwb/node-compile-cache/v26.8.1-x64-8d7ad2ee-1000/36cc4850: bytes are not valid utf8
ERROR: logging before google.Init: E0831 01:12:57.013323     440 repo.go:368] failed to create patch for untracked file .scratch/phase19-review-zpWgwb/node-compile-cache/v26.8.1-x64-8d7ad2ee-1000/373ef455: bytes are not valid utf8
ERROR: logging before google.Init: E0831 01:12:57.013331     440 repo.go:368] failed to create patch for untracked file .scratch/phase19-review-zpWgwb/node-compile-cache/v26.8.1-x64-8d7ad2ee-1000/389c2a48: bytes are not valid utf8
ERROR: logging before google.Init: E0831 01:12:57.013339     440 repo.go:368] failed to create patch for untracked file .scratch/phase19-review-zpWgwb/node-compile-cache/v26.8.1-x64-8d7ad2ee-1000/391c424a: bytes are not valid utf8
ERROR: logging before google.Init: E0831 01:12:57.013347     440 repo.go:368] failed to create patch for untracked file .scratch/phase19-review-zpWgwb/node-compile-cache/v26.8.1-x64-8d7ad2ee-1000/39f3776e: bytes are not valid utf8
ERROR: logging before google.Init: E0831 01:12:57.013357     440 repo.go:368] failed to create patch for untracked file .scratch/phase19-review-zpWgwb/node-compile-cache/v26.8.1-x64-8d7ad2ee-1000/3a521e90: bytes are not valid utf8
ERROR: logging before google.Init: E0831 01:12:57.013365     440 repo.go:368] failed to create patch for untracked file .scratch/phase19-review-zpWgwb/node-compile-cache/v26.8.1-x64-8d7ad2ee-1000/3a9df0e4: bytes are not valid utf8
ERROR: logging before google.Init: E0831 01:12:57.013374     440 repo.go:368] failed to create patch for untracked file .scratch/phase19-review-zpWgwb/node-compile-cache/v26.8.1-x64-8d7ad2ee-1000/3c07ab31: bytes are not valid utf8
ERROR: logging before google.Init: E0831 01:12:57.013382     440 repo.go:368] failed to create patch for untracked file .scratch/phase19-review-zpWgwb/node-compile-cache/v26.8.1-x64-8d7ad2ee-1000/3c29b655: bytes are not valid utf8
ERROR: logging before google.Init: E0831 01:12:57.013391     440 repo.go:368] failed to create patch for untracked file .scratch/phase19-review-zpWgwb/node-compile-cache/v26.8.1-x64-8d7ad2ee-1000/3c3ab2f4: bytes are not valid utf8
ERROR: logging before google.Init: E0831 01:12:57.013400     440 repo.go:368] failed to create patch for untracked file .scratch/phase19-review-zpWgwb/node-compile-cache/v26.8.1-x64-8d7ad2ee-1000/3c3fb401: bytes are not valid utf8
ERROR: logging before google.Init: E0831 01:12:57.013411     440 repo.go:368] failed to create patch for untracked file .scratch/phase19-review-zpWgwb/node-compile-cache/v26.8.1-x64-8d7ad2ee-1000/3c96dce2: bytes are not valid utf8
ERROR: logging before google.Init: E0831 01:12:57.013424     440 repo.go:368] failed to create patch for untracked file .scratch/phase19-review-zpWgwb/node-compile-cache/v26.8.1-x64-8d7ad2ee-1000/3e94bd3f: bytes are not valid utf8
ERROR: logging before google.Init: E0831 01:12:57.013435     440 repo.go:368] failed to create patch for untracked file .scratch/phase19-review-zpWgwb/node-compile-cache/v26.8.1-x64-8d7ad2ee-1000/3f3308c6: bytes are not valid utf8
ERROR: logging before google.Init: E0831 01:12:57.013447     440 repo.go:368] failed to create patch for untracked file .scratch/phase19-review-zpWgwb/node-compile-cache/v26.8.1-x64-8d7ad2ee-1000/3f63fdd3: bytes are not valid utf8
ERROR: logging before google.Init: E0831 01:12:57.013459     440 repo.go:368] failed to create patch for untracked file .scratch/phase19-review-zpWgwb/node-compile-cache/v26.8.1-x64-8d7ad2ee-1000/3fb014f3: bytes are not valid utf8
ERROR: logging before google.Init: E0831 01:12:57.013467     440 repo.go:368] failed to create patch for untracked file .scratch/phase19-review-zpWgwb/node-compile-cache/v26.8.1-x64-8d7ad2ee-1000/3fbc5c53: bytes are not valid utf8
ERROR: logging before google.Init: E0831 01:12:57.013475     440 repo.go:368] failed to create patch for untracked file .scratch/phase19-review-zpWgwb/node-compile-cache/v26.8.1-x64-8d7ad2ee-1000/4124d0d7: bytes are not valid utf8
ERROR: logging before google.Init: E0831 01:12:57.013483     440 repo.go:368] failed to create patch for untracked file .scratch/phase19-review-zpWgwb/node-compile-cache/v26.8.1-x64-8d7ad2ee-1000/41847ab3: bytes are not valid utf8
ERROR: logging before google.Init: E0831 01:12:57.013492     440 repo.go:368] failed to create patch for untracked file .scratch/phase19-review-zpWgwb/node-compile-cache/v26.8.1-x64-8d7ad2ee-1000/428aca58: bytes are not valid utf8
ERROR: logging before google.Init: E0831 01:12:57.013501     440 repo.go:368] failed to create patch for untracked file .scratch/phase19-review-zpWgwb/node-compile-cache/v26.8.1-x64-8d7ad2ee-1000/436e0990: bytes are not valid utf8
ERROR: logging before google.Init: E0831 01:12:57.013510     440 repo.go:368] failed to create patch for untracked file .scratch/phase19-review-zpWgwb/node-compile-cache/v26.8.1-x64-8d7ad2ee-1000/4390ba1e: bytes are not valid utf8
ERROR: logging before google.Init: E0831 01:12:57.013519     440 repo.go:368] failed to create patch for untracked file .scratch/phase19-review-zpWgwb/node-compile-cache/v26.8.1-x64-8d7ad2ee-1000/4456be48: bytes are not valid utf8
ERROR: logging before google.Init: E0831 01:12:57.013528     440 repo.go:368] failed to create patch for untracked file .scratch/phase19-review-zpWgwb/node-compile-cache/v26.8.1-x64-8d7ad2ee-1000/460f652e: bytes are not valid utf8
ERROR: logging before google.Init: E0831 01:12:57.013536     440 repo.go:368] failed to create patch for untracked file .scratch/phase19-review-zpWgwb/node-compile-cache/v26.8.1-x64-8d7ad2ee-1000/465030ee: bytes are not valid utf8
ERROR: logging before google.Init: E0831 01:12:57.013545     440 repo.go:368] failed to create patch for untracked file .scratch/phase19-review-zpWgwb/node-compile-cache/v26.8.1-x64-8d7ad2ee-1000/4652bac2: bytes are not valid utf8
ERROR: logging before google.Init: E0831 01:12:57.013553     440 repo.go:368] failed to create patch for untracked file .scratch/phase19-review-zpWgwb/node-compile-cache/v26.8.1-x64-8d7ad2ee-1000/46772a61: bytes are not valid utf8
ERROR: logging before google.Init: E0831 01:12:57.013561     440 repo.go:368] failed to create patch for untracked file .scratch/phase19-review-zpWgwb/node-compile-cache/v26.8.1-x64-8d7ad2ee-1000/468005ea: bytes are not valid utf8
ERROR: logging before google.Init: E0831 01:12:57.013570     440 repo.go:368] failed to create patch for untracked file .scratch/phase19-review-zpWgwb/node-compile-cache/v26.8.1-x64-8d7ad2ee-1000/469fc81d: bytes are not valid utf8
ERROR: logging before google.Init: E0831 01:12:57.013578     440 repo.go:368] failed to create patch for untracked file .scratch/phase19-review-zpWgwb/node-compile-cache/v26.8.1-x64-8d7ad2ee-1000/46d4b6e7: bytes are not valid utf8
ERROR: logging before google.Init: E0831 01:12:57.013587     440 repo.go:368] failed to create patch for untracked file .scratch/phase19-review-zpWgwb/node-compile-cache/v26.8.1-x64-8d7ad2ee-1000/4744f7d7: bytes are not valid utf8
ERROR: logging before google.Init: E0831 01:12:57.013604     440 repo.go:368] failed to create patch for untracked file .scratch/phase19-review-zpWgwb/node-compile-cache/v26.8.1-x64-8d7ad2ee-1000/47508c2e: bytes are not valid utf8
ERROR: logging before google.Init: E0831 01:12:57.013613     440 repo.go:368] failed to create patch for untracked file .scratch/phase19-review-zpWgwb/node-compile-cache/v26.8.1-x64-8d7ad2ee-1000/475bb660: bytes are not valid utf8
ERROR: logging before google.Init: E0831 01:12:57.013622     440 repo.go:368] failed to create patch for untracked file .scratch/phase19-review-zpWgwb/node-compile-cache/v26.8.1-x64-8d7ad2ee-1000/47dd1147: bytes are not valid utf8
ERROR: logging before google.Init: E0831 01:12:57.013631     440 repo.go:368] failed to create patch for untracked file .scratch/phase19-review-zpWgwb/node-compile-cache/v26.8.1-x64-8d7ad2ee-1000/47ede548: bytes are not valid utf8
ERROR: logging before google.Init: E0831 01:12:57.013639     440 repo.go:368] failed to create patch for untracked file .scratch/phase19-review-zpWgwb/node-compile-cache/v26.8.1-x64-8d7ad2ee-1000/48aa5edb: bytes are not valid utf8
ERROR: logging before google.Init: E0831 01:12:57.013647     440 repo.go:368] failed to create patch for untracked file .scratch/phase19-review-zpWgwb/node-compile-cache/v26.8.1-x64-8d7ad2ee-1000/48d1f1c8: bytes are not valid utf8
ERROR: logging before google.Init: E0831 01:12:57.013656     440 repo.go:368] failed to create patch for untracked file .scratch/phase19-review-zpWgwb/node-compile-cache/v26.8.1-x64-8d7ad2ee-1000/49a5ba30: bytes are not valid utf8
ERROR: logging before google.Init: E0831 01:12:57.013664     440 repo.go:368] failed to create patch for untracked file .scratch/phase19-review-zpWgwb/node-compile-cache/v26.8.1-x64-8d7ad2ee-1000/49d1006b: bytes are not valid utf8
ERROR: logging before google.Init: E0831 01:12:57.013673     440 repo.go:368] failed to create patch for untracked file .scratch/phase19-review-zpWgwb/node-compile-cache/v26.8.1-x64-8d7ad2ee-1000/4a2f7337: bytes are not valid utf8
ERROR: logging before google.Init: E0831 01:12:57.013683     440 repo.go:368] failed to create patch for untracked file .scratch/phase19-review-zpWgwb/node-compile-cache/v26.8.1-x64-8d7ad2ee-1000/4a7f67b1: bytes are not valid utf8
ERROR: logging before google.Init: E0831 01:12:57.013691     440 repo.go:368] failed to create patch for untracked file .scratch/phase19-review-zpWgwb/node-compile-cache/v26.8.1-x64-8d7ad2ee-1000/4a98117d: bytes are not valid utf8
ERROR: logging before google.Init: E0831 01:12:57.013700     440 repo.go:368] failed to create patch for untracked file .scratch/phase19-review-zpWgwb/node-compile-cache/v26.8.1-x64-8d7ad2ee-1000/4baab70c: bytes are not valid utf8
ERROR: logging before google.Init: E0831 01:12:57.013709     440 repo.go:368] failed to create patch for untracked file .scratch/phase19-review-zpWgwb/node-compile-cache/v26.8.1-x64-8d7ad2ee-1000/4bbd7e97: bytes are not valid utf8
ERROR: logging before google.Init: E0831 01:12:57.013719     440 repo.go:368] failed to create patch for untracked file .scratch/phase19-review-zpWgwb/node-compile-cache/v26.8.1-x64-8d7ad2ee-1000/4c47dc52: bytes are not valid utf8
ERROR: logging before google.Init: E0831 01:12:57.013727     440 repo.go:368] failed to create patch for untracked file .scratch/phase19-review-zpWgwb/node-compile-cache/v26.8.1-x64-8d7ad2ee-1000/4c58a332: bytes are not valid utf8
ERROR: logging before google.Init: E0831 01:12:57.013738     440 repo.go:368] failed to create patch for untracked file .scratch/phase19-review-zpWgwb/node-compile-cache/v26.8.1-x64-8d7ad2ee-1000/4ca766a3: bytes are not valid utf8
ERROR: logging before google.Init: E0831 01:12:57.013747     440 repo.go:368] failed to create patch for untracked file .scratch/phase19-review-zpWgwb/node-compile-cache/v26.8.1-x64-8d7ad2ee-1000/4cdf50fd: bytes are not valid utf8
ERROR: logging before google.Init: E0831 01:12:57.013755     440 repo.go:368] failed to create patch for untracked file .scratch/phase19-review-zpWgwb/node-compile-cache/v26.8.1-x64-8d7ad2ee-1000/4d2f83f7: bytes are not valid utf8
ERROR: logging before google.Init: E0831 01:12:57.013764     440 repo.go:368] failed to create patch for untracked file .scratch/phase19-review-zpWgwb/node-compile-cache/v26.8.1-x64-8d7ad2ee-1000/4d531b7f: bytes are not valid utf8
ERROR: logging before google.Init: E0831 01:12:57.013772     440 repo.go:368] failed to create patch for untracked file .scratch/phase19-review-zpWgwb/node-compile-cache/v26.8.1-x64-8d7ad2ee-1000/4d78a390: bytes are not valid utf8
ERROR: logging before google.Init: E0831 01:12:57.013780     440 repo.go:368] failed to create patch for untracked file .scratch/phase19-review-zpWgwb/node-compile-cache/v26.8.1-x64-8d7ad2ee-1000/4dbc19b7: bytes are not valid utf8
ERROR: logging before google.Init: E0831 01:12:57.013788     440 repo.go:368] failed to create patch for untracked file .scratch/phase19-review-zpWgwb/node-compile-cache/v26.8.1-x64-8d7ad2ee-1000/4e546049: bytes are not valid utf8
ERROR: logging before google.Init: E0831 01:12:57.013797     440 repo.go:368] failed to create patch for untracked file .scratch/phase19-review-zpWgwb/node-compile-cache/v26.8.1-x64-8d7ad2ee-1000/4e8be31e: bytes are not valid utf8
ERROR: logging before google.Init: E0831 01:12:57.013805     440 repo.go:368] failed to create patch for untracked file .scratch/phase19-review-zpWgwb/node-compile-cache/v26.8.1-x64-8d7ad2ee-1000/4ede0a43: bytes are not valid utf8
ERROR: logging before google.Init: E0831 01:12:57.013813     440 repo.go:368] failed to create patch for untracked file .scratch/phase19-review-zpWgwb/node-compile-cache/v26.8.1-x64-8d7ad2ee-1000/4f340aea: bytes are not valid utf8
ERROR: logging before google.Init: E0831 01:12:57.013822     440 repo.go:368] failed to create patch for untracked file .scratch/phase19-review-zpWgwb/node-compile-cache/v26.8.1-x64-8d7ad2ee-1000/4f764ed1: bytes are not valid utf8
ERROR: logging before google.Init: E0831 01:12:57.013832     440 repo.go:368] failed to create patch for untracked file .scratch/phase19-review-zpWgwb/node-compile-cache/v26.8.1-x64-8d7ad2ee-1000/4fe1f8a6: bytes are not valid utf8
ERROR: logging before google.Init: E0831 01:12:57.013846     440 repo.go:368] failed to create patch for untracked file .scratch/phase19-review-zpWgwb/node-compile-cache/v26.8.1-x64-8d7ad2ee-1000/50248d19: bytes are not valid utf8
ERROR: logging before google.Init: E0831 01:12:57.013857     440 repo.go:368] failed to create patch for untracked file .scratch/phase19-review-zpWgwb/node-compile-cache/v26.8.1-x64-8d7ad2ee-1000/5088a5b2: bytes are not valid utf8
ERROR: logging before google.Init: E0831 01:12:57.013869     440 repo.go:368] failed to create patch for untracked file .scratch/phase19-review-zpWgwb/node-compile-cache/v26.8.1-x64-8d7ad2ee-1000/50a7b1d6: bytes are not valid utf8
ERROR: logging before google.Init: E0831 01:12:57.013881     440 repo.go:368] failed to create patch for untracked file .scratch/phase19-review-zpWgwb/node-compile-cache/v26.8.1-x64-8d7ad2ee-1000/50b941b1: bytes are not valid utf8
ERROR: logging before google.Init: E0831 01:12:57.013892     440 repo.go:368] failed to create patch for untracked file .scratch/phase19-review-zpWgwb/node-compile-cache/v26.8.1-x64-8d7ad2ee-1000/50f35ebe: bytes are not valid utf8
ERROR: logging before google.Init: E0831 01:12:57.013901     440 repo.go:368] failed to create patch for untracked file .scratch/phase19-review-zpWgwb/node-compile-cache/v26.8.1-x64-8d7ad2ee-1000/5119a082: bytes are not valid utf8
ERROR: logging before google.Init: E0831 01:12:57.013909     440 repo.go:368] failed to create patch for untracked file .scratch/phase19-review-zpWgwb/node-compile-cache/v26.8.1-x64-8d7ad2ee-1000/518e6db2: bytes are not valid utf8
ERROR: logging before google.Init: E0831 01:12:57.013919     440 repo.go:368] failed to create patch for untracked file .scratch/phase19-review-zpWgwb/node-compile-cache/v26.8.1-x64-8d7ad2ee-1000/5191235d: bytes are not valid utf8
ERROR: logging before google.Init: E0831 01:12:57.013928     440 repo.go:368] failed to create patch for untracked file .scratch/phase19-review-zpWgwb/node-compile-cache/v26.8.1-x64-8d7ad2ee-1000/52059bbd: bytes are not valid utf8
ERROR: logging before google.Init: E0831 01:12:57.013936     440 repo.go:368] failed to create patch for untracked file .scratch/phase19-review-zpWgwb/node-compile-cache/v26.8.1-x64-8d7ad2ee-1000/52a098ea: bytes are not valid utf8
ERROR: logging before google.Init: E0831 01:12:57.013946     440 repo.go:368] failed to create patch for untracked file .scratch/phase19-review-zpWgwb/node-compile-cache/v26.8.1-x64-8d7ad2ee-1000/52db7dd4: bytes are not valid utf8
ERROR: logging before google.Init: E0831 01:12:57.013954     440 repo.go:368] failed to create patch for untracked file .scratch/phase19-review-zpWgwb/node-compile-cache/v26.8.1-x64-8d7ad2ee-1000/52fc01a1: bytes are not valid utf8
ERROR: logging before google.Init: E0831 01:12:57.013963     440 repo.go:368] failed to create patch for untracked file .scratch/phase19-review-zpWgwb/node-compile-cache/v26.8.1-x64-8d7ad2ee-1000/5390c10f: bytes are not valid utf8
ERROR: logging before google.Init: E0831 01:12:57.013975     440 repo.go:368] failed to create patch for untracked file .scratch/phase19-review-zpWgwb/node-compile-cache/v26.8.1-x64-8d7ad2ee-1000/5467f56d: bytes are not valid utf8
ERROR: logging before google.Init: E0831 01:12:57.013983     440 repo.go:368] failed to create patch for untracked file .scratch/phase19-review-zpWgwb/node-compile-cache/v26.8.1-x64-8d7ad2ee-1000/54709ba1: bytes are not valid utf8
ERROR: logging before google.Init: E0831 01:12:57.013993     440 repo.go:368] failed to create patch for untracked file .scratch/phase19-review-zpWgwb/node-compile-cache/v26.8.1-x64-8d7ad2ee-1000/55309bda: bytes are not valid utf8
ERROR: logging before google.Init: E0831 01:12:57.014001     440 repo.go:368] failed to create patch for untracked file .scratch/phase19-review-zpWgwb/node-compile-cache/v26.8.1-x64-8d7ad2ee-1000/5556610b: bytes are not valid utf8
ERROR: logging before google.Init: E0831 01:12:57.014009     440 repo.go:368] failed to create patch for untracked file .scratch/phase19-review-zpWgwb/node-compile-cache/v26.8.1-x64-8d7ad2ee-1000/55888762: bytes are not valid utf8
ERROR: logging before google.Init: E0831 01:12:57.014017     440 repo.go:368] failed to create patch for untracked file .scratch/phase19-review-zpWgwb/node-compile-cache/v26.8.1-x64-8d7ad2ee-1000/55920610: bytes are not valid utf8
ERROR: logging before google.Init: E0831 01:12:57.014026     440 repo.go:368] failed to create patch for untracked file .scratch/phase19-review-zpWgwb/node-compile-cache/v26.8.1-x64-8d7ad2ee-1000/559ad2c2: bytes are not valid utf8
ERROR: logging before google.Init: E0831 01:12:57.014034     440 repo.go:368] failed to create patch for untracked file .scratch/phase19-review-zpWgwb/node-compile-cache/v26.8.1-x64-8d7ad2ee-1000/563aaba5: bytes are not valid utf8
ERROR: logging before google.Init: E0831 01:12:57.014043     440 repo.go:368] failed to create patch for untracked file .scratch/phase19-review-zpWgwb/node-compile-cache/v26.8.1-x64-8d7ad2ee-1000/563c5a5b: bytes are not valid utf8
ERROR: logging before google.Init: E0831 01:12:57.014052     440 repo.go:368] failed to create patch for untracked file .scratch/phase19-review-zpWgwb/node-compile-cache/v26.8.1-x64-8d7ad2ee-1000/58a86747: bytes are not valid utf8
ERROR: logging before google.Init: E0831 01:12:57.014059     440 repo.go:368] failed to create patch for untracked file .scratch/phase19-review-zpWgwb/node-compile-cache/v26.8.1-x64-8d7ad2ee-1000/59813190: bytes are not valid utf8
ERROR: logging before google.Init: E0831 01:12:57.014068     440 repo.go:368] failed to create patch for untracked file .scratch/phase19-review-zpWgwb/node-compile-cache/v26.8.1-x64-8d7ad2ee-1000/59c632ba: bytes are not valid utf8
ERROR: logging before google.Init: E0831 01:12:57.014076     440 repo.go:368] failed to create patch for untracked file .scratch/phase19-review-zpWgwb/node-compile-cache/v26.8.1-x64-8d7ad2ee-1000/5a02de71: bytes are not valid utf8
ERROR: logging before google.Init: E0831 01:12:57.014084     440 repo.go:368] failed to create patch for untracked file .scratch/phase19-review-zpWgwb/node-compile-cache/v26.8.1-x64-8d7ad2ee-1000/5a2bad40: bytes are not valid utf8
ERROR: logging before google.Init: E0831 01:12:57.014092     440 repo.go:368] failed to create patch for untracked file .scratch/phase19-review-zpWgwb/node-compile-cache/v26.8.1-x64-8d7ad2ee-1000/5a4f0644: bytes are not valid utf8
ERROR: logging before google.Init: E0831 01:12:57.014100     440 repo.go:368] failed to create patch for untracked file .scratch/phase19-review-zpWgwb/node-compile-cache/v26.8.1-x64-8d7ad2ee-1000/5b11a02a: bytes are not valid utf8
ERROR: logging before google.Init: E0831 01:12:57.014109     440 repo.go:368] failed to create patch for untracked file .scratch/phase19-review-zpWgwb/node-compile-cache/v26.8.1-x64-8d7ad2ee-1000/5b85805a: bytes are not valid utf8
ERROR: logging before google.Init: E0831 01:12:57.014118     440 repo.go:368] failed to create patch for untracked file .scratch/phase19-review-zpWgwb/node-compile-cache/v26.8.1-x64-8d7ad2ee-1000/5c70eb54: bytes are not valid utf8
ERROR: logging before google.Init: E0831 01:12:57.014127     440 repo.go:368] failed to create patch for untracked file .scratch/phase19-review-zpWgwb/node-compile-cache/v26.8.1-x64-8d7ad2ee-1000/5cb4a584: bytes are not valid utf8
ERROR: logging before google.Init: E0831 01:12:57.014135     440 repo.go:368] failed to create patch for untracked file .scratch/phase19-review-zpWgwb/node-compile-cache/v26.8.1-x64-8d7ad2ee-1000/5d2f2ae5: bytes are not valid utf8
ERROR: logging before google.Init: E0831 01:12:57.014143     440 repo.go:368] failed to create patch for untracked file .scratch/phase19-review-zpWgwb/node-compile-cache/v26.8.1-x64-8d7ad2ee-1000/5d92a678: bytes are not valid utf8
ERROR: logging before google.Init: E0831 01:12:57.014152     440 repo.go:368] failed to create patch for untracked file .scratch/phase19-review-zpWgwb/node-compile-cache/v26.8.1-x64-8d7ad2ee-1000/5dca1a77: bytes are not valid utf8
ERROR: logging before google.Init: E0831 01:12:57.014160     440 repo.go:368] failed to create patch for untracked file .scratch/phase19-review-zpWgwb/node-compile-cache/v26.8.1-x64-8d7ad2ee-1000/5e8eedb9: bytes are not valid utf8
ERROR: logging before google.Init: E0831 01:12:57.014169     440 repo.go:368] failed to create patch for untracked file .scratch/phase19-review-zpWgwb/node-compile-cache/v26.8.1-x64-8d7ad2ee-1000/5edebc65: bytes are not valid utf8
ERROR: logging before google.Init: E0831 01:12:57.014178     440 repo.go:368] failed to create patch for untracked file .scratch/phase19-review-zpWgwb/node-compile-cache/v26.8.1-x64-8d7ad2ee-1000/5f1df0eb: bytes are not valid utf8
ERROR: logging before google.Init: E0831 01:12:57.014188     440 repo.go:368] failed to create patch for untracked file .scratch/phase19-review-zpWgwb/node-compile-cache/v26.8.1-x64-8d7ad2ee-1000/5f56d863: bytes are not valid utf8
ERROR: logging before google.Init: E0831 01:12:57.014196     440 repo.go:368] failed to create patch for untracked file .scratch/phase19-review-zpWgwb/node-compile-cache/v26.8.1-x64-8d7ad2ee-1000/5f7e7acf: bytes are not valid utf8
ERROR: logging before google.Init: E0831 01:12:57.014204     440 repo.go:368] failed to create patch for untracked file .scratch/phase19-review-zpWgwb/node-compile-cache/v26.8.1-x64-8d7ad2ee-1000/5f919d1b: bytes are not valid utf8
ERROR: logging before google.Init: E0831 01:12:57.014212     440 repo.go:368] failed to create patch for untracked file .scratch/phase19-review-zpWgwb/node-compile-cache/v26.8.1-x64-8d7ad2ee-1000/5fe6ecaf: bytes are not valid utf8
ERROR: logging before google.Init: E0831 01:12:57.014220     440 repo.go:368] failed to create patch for untracked file .scratch/phase19-review-zpWgwb/node-compile-cache/v26.8.1-x64-8d7ad2ee-1000/6016cac3: bytes are not valid utf8
ERROR: logging before google.Init: E0831 01:12:57.014227     440 repo.go:368] failed to create patch for untracked file .scratch/phase19-review-zpWgwb/node-compile-cache/v26.8.1-x64-8d7ad2ee-1000/6048ce02: bytes are not valid utf8
ERROR: logging before google.Init: E0831 01:12:57.014236     440 repo.go:368] failed to create patch for untracked file .scratch/phase19-review-zpWgwb/node-compile-cache/v26.8.1-x64-8d7ad2ee-1000/61f7bb7b: bytes are not valid utf8
ERROR: logging before google.Init: E0831 01:12:57.014244     440 repo.go:368] failed to create patch for untracked file .scratch/phase19-review-zpWgwb/node-compile-cache/v26.8.1-x64-8d7ad2ee-1000/622b33b0: bytes are not valid utf8
ERROR: logging before google.Init: E0831 01:12:57.014253     440 repo.go:368] failed to create patch for untracked file .scratch/phase19-review-zpWgwb/node-compile-cache/v26.8.1-x64-8d7ad2ee-1000/62586457: bytes are not valid utf8
ERROR: logging before google.Init: E0831 01:12:57.014262     440 repo.go:368] failed to create patch for untracked file .scratch/phase19-review-zpWgwb/node-compile-cache/v26.8.1-x64-8d7ad2ee-1000/62ed7fd1: bytes are not valid utf8
ERROR: logging before google.Init: E0831 01:12:57.014271     440 repo.go:368] failed to create patch for untracked file .scratch/phase19-review-zpWgwb/node-compile-cache/v26.8.1-x64-8d7ad2ee-1000/636599f0: bytes are not valid utf8
ERROR: logging before google.Init: E0831 01:12:57.014283     440 repo.go:368] failed to create patch for untracked file .scratch/phase19-review-zpWgwb/node-compile-cache/v26.8.1-x64-8d7ad2ee-1000/6522fba8: bytes are not valid utf8
ERROR: logging before google.Init: E0831 01:12:57.014296     440 repo.go:368] failed to create patch for untracked file .scratch/phase19-review-zpWgwb/node-compile-cache/v26.8.1-x64-8d7ad2ee-1000/65ab8216: bytes are not valid utf8
ERROR: logging before google.Init: E0831 01:12:57.014307     440 repo.go:368] failed to create patch for untracked file .scratch/phase19-review-zpWgwb/node-compile-cache/v26.8.1-x64-8d7ad2ee-1000/65cde378: bytes are not valid utf8
ERROR: logging before google.Init: E0831 01:12:57.014321     440 repo.go:368] failed to create patch for untracked file .scratch/phase19-review-zpWgwb/node-compile-cache/v26.8.1-x64-8d7ad2ee-1000/660988f2: bytes are not valid utf8
ERROR: logging before google.Init: E0831 01:12:57.014333     440 repo.go:368] failed to create patch for untracked file .scratch/phase19-review-zpWgwb/node-compile-cache/v26.8.1-x64-8d7ad2ee-1000/66718a50: bytes are not valid utf8
ERROR: logging before google.Init: E0831 01:12:57.014345     440 repo.go:368] failed to create patch for untracked file .scratch/phase19-review-zpWgwb/node-compile-cache/v26.8.1-x64-8d7ad2ee-1000/66b0f63a: bytes are not valid utf8
ERROR: logging before google.Init: E0831 01:12:57.014356     440 repo.go:368] failed to create patch for untracked file .scratch/phase19-review-zpWgwb/node-compile-cache/v26.8.1-x64-8d7ad2ee-1000/6784e3ae: bytes are not valid utf8
ERROR: logging before google.Init: E0831 01:12:57.014365     440 repo.go:368] failed to create patch for untracked file .scratch/phase19-review-zpWgwb/node-compile-cache/v26.8.1-x64-8d7ad2ee-1000/6824ca7e: bytes are not valid utf8
ERROR: logging before google.Init: E0831 01:12:57.014374     440 repo.go:368] failed to create patch for untracked file .scratch/phase19-review-zpWgwb/node-compile-cache/v26.8.1-x64-8d7ad2ee-1000/684322c8: bytes are not valid utf8
ERROR: logging before google.Init: E0831 01:12:57.014383     440 repo.go:368] failed to create patch for untracked file .scratch/phase19-review-zpWgwb/node-compile-cache/v26.8.1-x64-8d7ad2ee-1000/694ec7e6: bytes are not valid utf8
ERROR: logging before google.Init: E0831 01:12:57.014390     440 repo.go:368] failed to create patch for untracked file .scratch/phase19-review-zpWgwb/node-compile-cache/v26.8.1-x64-8d7ad2ee-1000/6a65a83f: bytes are not valid utf8
ERROR: logging before google.Init: E0831 01:12:57.014399     440 repo.go:368] failed to create patch for untracked file .scratch/phase19-review-zpWgwb/node-compile-cache/v26.8.1-x64-8d7ad2ee-1000/6a7808c6: bytes are not valid utf8
ERROR: logging before google.Init: E0831 01:12:57.014385     767 skills.go:166] Failed to parse skill file /home/dd/.gemini/config/plugins/ponytail/skills/ponytail-debt/SKILL.md: failed to parse frontmatter: yaml: line 2: mapping values are not allowed in this context
ERROR: logging before google.Init: E0831 01:12:57.014409     440 repo.go:368] failed to create patch for untracked file .scratch/phase19-review-zpWgwb/node-compile-cache/v26.8.1-x64-8d7ad2ee-1000/6ae82fed: bytes are not valid utf8
ERROR: logging before google.Init: E0831 01:12:57.014417     440 repo.go:368] failed to create patch for untracked file .scratch/phase19-review-zpWgwb/node-compile-cache/v26.8.1-x64-8d7ad2ee-1000/6aea0ceb: bytes are not valid utf8
ERROR: logging before google.Init: E0831 01:12:57.014426     440 repo.go:368] failed to create patch for untracked file .scratch/phase19-review-zpWgwb/node-compile-cache/v26.8.1-x64-8d7ad2ee-1000/6b685747: bytes are not valid utf8
ERROR: logging before google.Init: E0831 01:12:57.014436     440 repo.go:368] failed to create patch for untracked file .scratch/phase19-review-zpWgwb/node-compile-cache/v26.8.1-x64-8d7ad2ee-1000/6c301b7e: bytes are not valid utf8
ERROR: logging before google.Init: E0831 01:12:57.014445     440 repo.go:368] failed to create patch for untracked file .scratch/phase19-review-zpWgwb/node-compile-cache/v26.8.1-x64-8d7ad2ee-1000/6c450625: bytes are not valid utf8
ERROR: logging before google.Init: E0831 01:12:57.014453     440 repo.go:368] failed to create patch for untracked file .scratch/phase19-review-zpWgwb/node-compile-cache/v26.8.1-x64-8d7ad2ee-1000/6c53203c: bytes are not valid utf8
ERROR: logging before google.Init: E0831 01:12:57.014463     440 repo.go:368] failed to create patch for untracked file .scratch/phase19-review-zpWgwb/node-compile-cache/v26.8.1-x64-8d7ad2ee-1000/6d365289: bytes are not valid utf8
ERROR: logging before google.Init: E0831 01:12:57.014471     440 repo.go:368] failed to create patch for untracked file .scratch/phase19-review-zpWgwb/node-compile-cache/v26.8.1-x64-8d7ad2ee-1000/6d6d5f1c: bytes are not valid utf8
ERROR: logging before google.Init: E0831 01:12:57.014480     440 repo.go:368] failed to create patch for untracked file .scratch/phase19-review-zpWgwb/node-compile-cache/v26.8.1-x64-8d7ad2ee-1000/6e21950d: bytes are not valid utf8
ERROR: logging before google.Init: E0831 01:12:57.014488     440 repo.go:368] failed to create patch for untracked file .scratch/phase19-review-zpWgwb/node-compile-cache/v26.8.1-x64-8d7ad2ee-1000/6f06e5c8: bytes are not valid utf8
ERROR: logging before google.Init: E0831 01:12:57.014497     440 repo.go:368] failed to create patch for untracked file .scratch/phase19-review-zpWgwb/node-compile-cache/v26.8.1-x64-8d7ad2ee-1000/70ea9bd2: bytes are not valid utf8
ERROR: logging before google.Init: E0831 01:12:57.014505     440 repo.go:368] failed to create patch for untracked file .scratch/phase19-review-zpWgwb/node-compile-cache/v26.8.1-x64-8d7ad2ee-1000/71670fc7: bytes are not valid utf8
ERROR: logging before google.Init: E0831 01:12:57.014514     440 repo.go:368] failed to create patch for untracked file .scratch/phase19-review-zpWgwb/node-compile-cache/v26.8.1-x64-8d7ad2ee-1000/72440b2a: bytes are not valid utf8
ERROR: logging before google.Init: E0831 01:12:57.014523     440 repo.go:368] failed to create patch for untracked file .scratch/phase19-review-zpWgwb/node-compile-cache/v26.8.1-x64-8d7ad2ee-1000/7264f2d9: bytes are not valid utf8
ERROR: logging before google.Init: E0831 01:12:57.014531     440 repo.go:368] failed to create patch for untracked file .scratch/phase19-review-zpWgwb/node-compile-cache/v26.8.1-x64-8d7ad2ee-1000/73dc70c8: bytes are not valid utf8
ERROR: logging before google.Init: E0831 01:12:57.014565     440 repo.go:368] failed to create patch for untracked file .scratch/phase19-review-zpWgwb/node-compile-cache/v26.8.1-x64-8d7ad2ee-1000/73e61496: bytes are not valid utf8
ERROR: logging before google.Init: E0831 01:12:57.014579     440 repo.go:368] failed to create patch for untracked file .scratch/phase19-review-zpWgwb/node-compile-cache/v26.8.1-x64-8d7ad2ee-1000/744355f7: bytes are not valid utf8
ERROR: logging before google.Init: E0831 01:12:57.014589     440 repo.go:368] failed to create patch for untracked file .scratch/phase19-review-zpWgwb/node-compile-cache/v26.8.1-x64-8d7ad2ee-1000/753fef06: bytes are not valid utf8
ERROR: logging before google.Init: E0831 01:12:57.014614     440 repo.go:368] failed to create patch for untracked file .scratch/phase19-review-zpWgwb/node-compile-cache/v26.8.1-x64-8d7ad2ee-1000/7566a99c: bytes are not valid utf8
ERROR: logging before google.Init: E0831 01:12:57.014625     440 repo.go:368] failed to create patch for untracked file .scratch/phase19-review-zpWgwb/node-compile-cache/v26.8.1-x64-8d7ad2ee-1000/758cf23f: bytes are not valid utf8
ERROR: logging before google.Init: E0831 01:12:57.014637     440 repo.go:368] failed to create patch for untracked file .scratch/phase19-review-zpWgwb/node-compile-cache/v26.8.1-x64-8d7ad2ee-1000/76499fec: bytes are not valid utf8
ERROR: logging before google.Init: E0831 01:12:57.014645     440 repo.go:368] failed to create patch for untracked file .scratch/phase19-review-zpWgwb/node-compile-cache/v26.8.1-x64-8d7ad2ee-1000/764f1fcf: bytes are not valid utf8
ERROR: logging before google.Init: E0831 01:12:57.014654     440 repo.go:368] failed to create patch for untracked file .scratch/phase19-review-zpWgwb/node-compile-cache/v26.8.1-x64-8d7ad2ee-1000/77f31fbb: bytes are not valid utf8
ERROR: logging before google.Init: E0831 01:12:57.014663     440 repo.go:368] failed to create patch for untracked file .scratch/phase19-review-zpWgwb/node-compile-cache/v26.8.1-x64-8d7ad2ee-1000/781b61c0: bytes are not valid utf8
ERROR: logging before google.Init: E0831 01:12:57.014672     440 repo.go:368] failed to create patch for untracked file .scratch/phase19-review-zpWgwb/node-compile-cache/v26.8.1-x64-8d7ad2ee-1000/78b374bb: bytes are not valid utf8
ERROR: logging before google.Init: E0831 01:12:57.014694     440 repo.go:368] failed to create patch for untracked file .scratch/phase19-review-zpWgwb/node-compile-cache/v26.8.1-x64-8d7ad2ee-1000/78e935bf: bytes are not valid utf8
ERROR: logging before google.Init: E0831 01:12:57.014702     440 repo.go:368] failed to create patch for untracked file .scratch/phase19-review-zpWgwb/node-compile-cache/v26.8.1-x64-8d7ad2ee-1000/78ec12fe: bytes are not valid utf8
ERROR: logging before google.Init: E0831 01:12:57.014714     440 repo.go:368] failed to create patch for untracked file .scratch/phase19-review-zpWgwb/node-compile-cache/v26.8.1-x64-8d7ad2ee-1000/7a29d76e: bytes are not valid utf8
ERROR: logging before google.Init: E0831 01:12:57.014724     440 repo.go:368] failed to create patch for untracked file .scratch/phase19-review-zpWgwb/node-compile-cache/v26.8.1-x64-8d7ad2ee-1000/7a4cedbe: bytes are not valid utf8
ERROR: logging before google.Init: E0831 01:12:57.014736     440 repo.go:368] failed to create patch for untracked file .scratch/phase19-review-zpWgwb/node-compile-cache/v26.8.1-x64-8d7ad2ee-1000/7a9833a6: bytes are not valid utf8
ERROR: logging before google.Init: E0831 01:12:57.014747     440 repo.go:368] failed to create patch for untracked file .scratch/phase19-review-zpWgwb/node-compile-cache/v26.8.1-x64-8d7ad2ee-1000/7ba1b446: bytes are not valid utf8
ERROR: logging before google.Init: E0831 01:12:57.014759     440 repo.go:368] failed to create patch for untracked file .scratch/phase19-review-zpWgwb/node-compile-cache/v26.8.1-x64-8d7ad2ee-1000/7c63e190: bytes are not valid utf8
ERROR: logging before google.Init: E0831 01:12:57.014770     440 repo.go:368] failed to create patch for untracked file .scratch/phase19-review-zpWgwb/node-compile-cache/v26.8.1-x64-8d7ad2ee-1000/7d43326e: bytes are not valid utf8
ERROR: logging before google.Init: E0831 01:12:57.014781     440 repo.go:368] failed to create patch for untracked file .scratch/phase19-review-zpWgwb/node-compile-cache/v26.8.1-x64-8d7ad2ee-1000/7d9fc342: bytes are not valid utf8
ERROR: logging before google.Init: E0831 01:12:57.014789     440 repo.go:368] failed to create patch for untracked file .scratch/phase19-review-zpWgwb/node-compile-cache/v26.8.1-x64-8d7ad2ee-1000/7eed8663: bytes are not valid utf8
ERROR: logging before google.Init: E0831 01:12:57.014797     440 repo.go:368] failed to create patch for untracked file .scratch/phase19-review-zpWgwb/node-compile-cache/v26.8.1-x64-8d7ad2ee-1000/7f33eb18: bytes are not valid utf8
ERROR: logging before google.Init: E0831 01:12:57.014805     440 repo.go:368] failed to create patch for untracked file .scratch/phase19-review-zpWgwb/node-compile-cache/v26.8.1-x64-8d7ad2ee-1000/7f8f0416: bytes are not valid utf8
ERROR: logging before google.Init: E0831 01:12:57.014814     440 repo.go:368] failed to create patch for untracked file .scratch/phase19-review-zpWgwb/node-compile-cache/v26.8.1-x64-8d7ad2ee-1000/7faaa2b7: bytes are not valid utf8
ERROR: logging before google.Init: E0831 01:12:57.014823     440 repo.go:368] failed to create patch for untracked file .scratch/phase19-review-zpWgwb/node-compile-cache/v26.8.1-x64-8d7ad2ee-1000/7fc846f5: bytes are not valid utf8
ERROR: logging before google.Init: E0831 01:12:57.014831     440 repo.go:368] failed to create patch for untracked file .scratch/phase19-review-zpWgwb/node-compile-cache/v26.8.1-x64-8d7ad2ee-1000/804cf119: bytes are not valid utf8
ERROR: logging before google.Init: E0831 01:12:57.014839     440 repo.go:368] failed to create patch for untracked file .scratch/phase19-review-zpWgwb/node-compile-cache/v26.8.1-x64-8d7ad2ee-1000/80623fd1: bytes are not valid utf8
ERROR: logging before google.Init: E0831 01:12:57.014847     440 repo.go:368] failed to create patch for untracked file .scratch/phase19-review-zpWgwb/node-compile-cache/v26.8.1-x64-8d7ad2ee-1000/80cea747: bytes are not valid utf8
ERROR: logging before google.Init: E0831 01:12:57.014858     440 repo.go:368] failed to create patch for untracked file .scratch/phase19-review-zpWgwb/node-compile-cache/v26.8.1-x64-8d7ad2ee-1000/80d419f1: bytes are not valid utf8
ERROR: logging before google.Init: E0831 01:12:57.014867     440 repo.go:368] failed to create patch for untracked file .scratch/phase19-review-zpWgwb/node-compile-cache/v26.8.1-x64-8d7ad2ee-1000/80e0f000: bytes are not valid utf8
ERROR: logging before google.Init: E0831 01:12:57.014875     440 repo.go:368] failed to create patch for untracked file .scratch/phase19-review-zpWgwb/node-compile-cache/v26.8.1-x64-8d7ad2ee-1000/8166bce3: bytes are not valid utf8
ERROR: logging before google.Init: E0831 01:12:57.014883     440 repo.go:368] failed to create patch for untracked file .scratch/phase19-review-zpWgwb/node-compile-cache/v26.8.1-x64-8d7ad2ee-1000/819fbc00: bytes are not valid utf8
ERROR: logging before google.Init: E0831 01:12:57.014892     440 repo.go:368] failed to create patch for untracked file .scratch/phase19-review-zpWgwb/node-compile-cache/v26.8.1-x64-8d7ad2ee-1000/8235ed93: bytes are not valid utf8
ERROR: logging before google.Init: E0831 01:12:57.014901     440 repo.go:368] failed to create patch for untracked file .scratch/phase19-review-zpWgwb/node-compile-cache/v26.8.1-x64-8d7ad2ee-1000/82c56f9d: bytes are not valid utf8
ERROR: logging before google.Init: E0831 01:12:57.014909     440 repo.go:368] failed to create patch for untracked file .scratch/phase19-review-zpWgwb/node-compile-cache/v26.8.1-x64-8d7ad2ee-1000/82ffa636: bytes are not valid utf8
ERROR: logging before google.Init: E0831 01:12:57.014918     440 repo.go:368] failed to create patch for untracked file .scratch/phase19-review-zpWgwb/node-compile-cache/v26.8.1-x64-8d7ad2ee-1000/83412358: bytes are not valid utf8
ERROR: logging before google.Init: E0831 01:12:57.014926     440 repo.go:368] failed to create patch for untracked file .scratch/phase19-review-zpWgwb/node-compile-cache/v26.8.1-x64-8d7ad2ee-1000/84171089: bytes are not valid utf8
ERROR: logging before google.Init: E0831 01:12:57.014934     440 repo.go:368] failed to create patch for untracked file .scratch/phase19-review-zpWgwb/node-compile-cache/v26.8.1-x64-8d7ad2ee-1000/844075b3: bytes are not valid utf8
ERROR: logging before google.Init: E0831 01:12:57.014942     440 repo.go:368] failed to create patch for untracked file .scratch/phase19-review-zpWgwb/node-compile-cache/v26.8.1-x64-8d7ad2ee-1000/8480710b: bytes are not valid utf8
ERROR: logging before google.Init: E0831 01:12:57.014950     440 repo.go:368] failed to create patch for untracked file .scratch/phase19-review-zpWgwb/node-compile-cache/v26.8.1-x64-8d7ad2ee-1000/85ee96ac: bytes are not valid utf8
ERROR: logging before google.Init: E0831 01:12:57.014960     440 repo.go:368] failed to create patch for untracked file .scratch/phase19-review-zpWgwb/node-compile-cache/v26.8.1-x64-8d7ad2ee-1000/86d3f244: bytes are not valid utf8
ERROR: logging before google.Init: E0831 01:12:57.014969     440 repo.go:368] failed to create patch for untracked file .scratch/phase19-review-zpWgwb/node-compile-cache/v26.8.1-x64-8d7ad2ee-1000/87e9eef0: bytes are not valid utf8
ERROR: logging before google.Init: E0831 01:12:57.014978     440 repo.go:368] failed to create patch for untracked file .scratch/phase19-review-zpWgwb/node-compile-cache/v26.8.1-x64-8d7ad2ee-1000/8840590a: bytes are not valid utf8
ERROR: logging before google.Init: E0831 01:12:57.014986     440 repo.go:368] failed to create patch for untracked file .scratch/phase19-review-zpWgwb/node-compile-cache/v26.8.1-x64-8d7ad2ee-1000/888c8220: bytes are not valid utf8
ERROR: logging before google.Init: E0831 01:12:57.014995     440 repo.go:368] failed to create patch for untracked file .scratch/phase19-review-zpWgwb/node-compile-cache/v26.8.1-x64-8d7ad2ee-1000/88d80057: bytes are not valid utf8
ERROR: logging before google.Init: E0831 01:12:57.015004     440 repo.go:368] failed to create patch for untracked file .scratch/phase19-review-zpWgwb/node-compile-cache/v26.8.1-x64-8d7ad2ee-1000/88e0f645: bytes are not valid utf8
ERROR: logging before google.Init: E0831 01:12:57.015012     440 repo.go:368] failed to create patch for untracked file .scratch/phase19-review-zpWgwb/node-compile-cache/v26.8.1-x64-8d7ad2ee-1000/88f715d0: bytes are not valid utf8
ERROR: logging before google.Init: E0831 01:12:57.015020     440 repo.go:368] failed to create patch for untracked file .scratch/phase19-review-zpWgwb/node-compile-cache/v26.8.1-x64-8d7ad2ee-1000/89a78b27: bytes are not valid utf8
ERROR: logging before google.Init: E0831 01:12:57.015028     440 repo.go:368] failed to create patch for untracked file .scratch/phase19-review-zpWgwb/node-compile-cache/v26.8.1-x64-8d7ad2ee-1000/89adba7c: bytes are not valid utf8
ERROR: logging before google.Init: E0831 01:12:57.015037     440 repo.go:368] failed to create patch for untracked file .scratch/phase19-review-zpWgwb/node-compile-cache/v26.8.1-x64-8d7ad2ee-1000/8aa2de4d: bytes are not valid utf8
ERROR: logging before google.Init: E0831 01:12:57.015045     440 repo.go:368] failed to create patch for untracked file .scratch/phase19-review-zpWgwb/node-compile-cache/v26.8.1-x64-8d7ad2ee-1000/8b0142f4: bytes are not valid utf8
ERROR: logging before google.Init: E0831 01:12:57.015054     440 repo.go:368] failed to create patch for untracked file .scratch/phase19-review-zpWgwb/node-compile-cache/v26.8.1-x64-8d7ad2ee-1000/8c431d24: bytes are not valid utf8
ERROR: logging before google.Init: E0831 01:12:57.015062     440 repo.go:368] failed to create patch for untracked file .scratch/phase19-review-zpWgwb/node-compile-cache/v26.8.1-x64-8d7ad2ee-1000/8cee33a3: bytes are not valid utf8
ERROR: logging before google.Init: E0831 01:12:57.015071     440 repo.go:368] failed to create patch for untracked file .scratch/phase19-review-zpWgwb/node-compile-cache/v26.8.1-x64-8d7ad2ee-1000/8d921cb6: bytes are not valid utf8
ERROR: logging before google.Init: E0831 01:12:57.015080     440 repo.go:368] failed to create patch for untracked file .scratch/phase19-review-zpWgwb/node-compile-cache/v26.8.1-x64-8d7ad2ee-1000/8e77503a: bytes are not valid utf8
ERROR: logging before google.Init: E0831 01:12:57.015088     440 repo.go:368] failed to create patch for untracked file .scratch/phase19-review-zpWgwb/node-compile-cache/v26.8.1-x64-8d7ad2ee-1000/8f0d912a: bytes are not valid utf8
ERROR: logging before google.Init: E0831 01:12:57.015300     440 repo.go:368] failed to create patch for untracked file .scratch/phase19-review-zpWgwb/node-compile-cache/v26.8.1-x64-8d7ad2ee-1000/8fd2d67a: bytes are not valid utf8
ERROR: logging before google.Init: E0831 01:12:57.015334     440 repo.go:368] failed to create patch for untracked file .scratch/phase19-review-zpWgwb/node-compile-cache/v26.8.1-x64-8d7ad2ee-1000/8fec5c6a: bytes are not valid utf8
ERROR: logging before google.Init: E0831 01:12:57.015352     440 repo.go:368] failed to create patch for untracked file .scratch/phase19-review-zpWgwb/node-compile-cache/v26.8.1-x64-8d7ad2ee-1000/90014fac: bytes are not valid utf8
ERROR: logging before google.Init: E0831 01:12:57.015370     440 repo.go:368] failed to create patch for untracked file .scratch/phase19-review-zpWgwb/node-compile-cache/v26.8.1-x64-8d7ad2ee-1000/90925e8d: bytes are not valid utf8
ERROR: logging before google.Init: E0831 01:12:57.015385     440 repo.go:368] failed to create patch for untracked file .scratch/phase19-review-zpWgwb/node-compile-cache/v26.8.1-x64-8d7ad2ee-1000/9200ae60: bytes are not valid utf8
ERROR: logging before google.Init: E0831 01:12:57.015399     440 repo.go:368] failed to create patch for untracked file .scratch/phase19-review-zpWgwb/node-compile-cache/v26.8.1-x64-8d7ad2ee-1000/9222b63d: bytes are not valid utf8
ERROR: logging before google.Init: E0831 01:12:57.015411     440 repo.go:368] failed to create patch for untracked file .scratch/phase19-review-zpWgwb/node-compile-cache/v26.8.1-x64-8d7ad2ee-1000/923b43eb: bytes are not valid utf8
ERROR: logging before google.Init: E0831 01:12:57.015423     440 repo.go:368] failed to create patch for untracked file .scratch/phase19-review-zpWgwb/node-compile-cache/v26.8.1-x64-8d7ad2ee-1000/92e8e3a2: bytes are not valid utf8
ERROR: logging before google.Init: E0831 01:12:57.015440     440 repo.go:368] failed to create patch for untracked file .scratch/phase19-review-zpWgwb/node-compile-cache/v26.8.1-x64-8d7ad2ee-1000/94aced3c: bytes are not valid utf8
ERROR: logging before google.Init: E0831 01:12:57.015456     440 repo.go:368] failed to create patch for untracked file .scratch/phase19-review-zpWgwb/node-compile-cache/v26.8.1-x64-8d7ad2ee-1000/94cd4d86: bytes are not valid utf8
ERROR: logging before google.Init: E0831 01:12:57.015480     440 repo.go:368] failed to create patch for untracked file .scratch/phase19-review-zpWgwb/node-compile-cache/v26.8.1-x64-8d7ad2ee-1000/954df96b: bytes are not valid utf8
ERROR: logging before google.Init: E0831 01:12:57.015496     440 repo.go:368] failed to create patch for untracked file .scratch/phase19-review-zpWgwb/node-compile-cache/v26.8.1-x64-8d7ad2ee-1000/95847940: bytes are not valid utf8
ERROR: logging before google.Init: E0831 01:12:57.015514     440 repo.go:368] failed to create patch for untracked file .scratch/phase19-review-zpWgwb/node-compile-cache/v26.8.1-x64-8d7ad2ee-1000/9597e005: bytes are not valid utf8
ERROR: logging before google.Init: E0831 01:12:57.015530     440 repo.go:368] failed to create patch for untracked file .scratch/phase19-review-zpWgwb/node-compile-cache/v26.8.1-x64-8d7ad2ee-1000/973c40c2: bytes are not valid utf8
ERROR: logging before google.Init: E0831 01:12:57.015544     440 repo.go:368] failed to create patch for untracked file .scratch/phase19-review-zpWgwb/node-compile-cache/v26.8.1-x64-8d7ad2ee-1000/97e2a22a: bytes are not valid utf8
ERROR: logging before google.Init: E0831 01:12:57.015562     440 repo.go:368] failed to create patch for untracked file .scratch/phase19-review-zpWgwb/node-compile-cache/v26.8.1-x64-8d7ad2ee-1000/97ea8261: bytes are not valid utf8
ERROR: logging before google.Init: E0831 01:12:57.015580     440 repo.go:368] failed to create patch for untracked file .scratch/phase19-review-zpWgwb/node-compile-cache/v26.8.1-x64-8d7ad2ee-1000/9858c0ef: bytes are not valid utf8
ERROR: logging before google.Init: E0831 01:12:57.015625     440 repo.go:368] failed to create patch for untracked file .scratch/phase19-review-zpWgwb/node-compile-cache/v26.8.1-x64-8d7ad2ee-1000/98f34ccb: bytes are not valid utf8
ERROR: logging before google.Init: E0831 01:12:57.015642     440 repo.go:368] failed to create patch for untracked file .scratch/phase19-review-zpWgwb/node-compile-cache/v26.8.1-x64-8d7ad2ee-1000/992bebce: bytes are not valid utf8
ERROR: logging before google.Init: E0831 01:12:57.015662     440 repo.go:368] failed to create patch for untracked file .scratch/phase19-review-zpWgwb/node-compile-cache/v26.8.1-x64-8d7ad2ee-1000/99757a15: bytes are not valid utf8
ERROR: logging before google.Init: E0831 01:12:57.015680     440 repo.go:368] failed to create patch for untracked file .scratch/phase19-review-zpWgwb/node-compile-cache/v26.8.1-x64-8d7ad2ee-1000/99b6a49a: bytes are not valid utf8
ERROR: logging before google.Init: E0831 01:12:57.015697     440 repo.go:368] failed to create patch for untracked file .scratch/phase19-review-zpWgwb/node-compile-cache/v26.8.1-x64-8d7ad2ee-1000/99b73f3a: bytes are not valid utf8
ERROR: logging before google.Init: E0831 01:12:57.015716     440 repo.go:368] failed to create patch for untracked file .scratch/phase19-review-zpWgwb/node-compile-cache/v26.8.1-x64-8d7ad2ee-1000/9af85e0f: bytes are not valid utf8
ERROR: logging before google.Init: E0831 01:12:57.015733     440 repo.go:368] failed to create patch for untracked file .scratch/phase19-review-zpWgwb/node-compile-cache/v26.8.1-x64-8d7ad2ee-1000/9b798567: bytes are not valid utf8
ERROR: logging before google.Init: E0831 01:12:57.015751     440 repo.go:368] failed to create patch for untracked file .scratch/phase19-review-zpWgwb/node-compile-cache/v26.8.1-x64-8d7ad2ee-1000/9b8bdc7b: bytes are not valid utf8
ERROR: logging before google.Init: E0831 01:12:57.015765     440 repo.go:368] failed to create patch for untracked file .scratch/phase19-review-zpWgwb/node-compile-cache/v26.8.1-x64-8d7ad2ee-1000/9c0221fb: bytes are not valid utf8
ERROR: logging before google.Init: E0831 01:12:57.015780     440 repo.go:368] failed to create patch for untracked file .scratch/phase19-review-zpWgwb/node-compile-cache/v26.8.1-x64-8d7ad2ee-1000/9c02fb6b: bytes are not valid utf8
ERROR: logging before google.Init: E0831 01:12:57.015792     440 repo.go:368] failed to create patch for untracked file .scratch/phase19-review-zpWgwb/node-compile-cache/v26.8.1-x64-8d7ad2ee-1000/9c1a7992: bytes are not valid utf8
ERROR: logging before google.Init: E0831 01:12:57.015807     440 repo.go:368] failed to create patch for untracked file .scratch/phase19-review-zpWgwb/node-compile-cache/v26.8.1-x64-8d7ad2ee-1000/9c2a21eb: bytes are not valid utf8
ERROR: logging before google.Init: E0831 01:12:57.015822     440 repo.go:368] failed to create patch for untracked file .scratch/phase19-review-zpWgwb/node-compile-cache/v26.8.1-x64-8d7ad2ee-1000/9c3fa6ef: bytes are not valid utf8
ERROR: logging before google.Init: E0831 01:12:57.015835     440 repo.go:368] failed to create patch for untracked file .scratch/phase19-review-zpWgwb/node-compile-cache/v26.8.1-x64-8d7ad2ee-1000/9c56a88b: bytes are not valid utf8
ERROR: logging before google.Init: E0831 01:12:57.015848     440 repo.go:368] failed to create patch for untracked file .scratch/phase19-review-zpWgwb/node-compile-cache/v26.8.1-x64-8d7ad2ee-1000/9c667eb9: bytes are not valid utf8
ERROR: logging before google.Init: E0831 01:12:57.015862     440 repo.go:368] failed to create patch for untracked file .scratch/phase19-review-zpWgwb/node-compile-cache/v26.8.1-x64-8d7ad2ee-1000/9c6a3dce: bytes are not valid utf8
ERROR: logging before google.Init: E0831 01:12:57.015877     440 repo.go:368] failed to create patch for untracked file .scratch/phase19-review-zpWgwb/node-compile-cache/v26.8.1-x64-8d7ad2ee-1000/9ccf5632: bytes are not valid utf8
ERROR: logging before google.Init: E0831 01:12:57.015894     440 repo.go:368] failed to create patch for untracked file .scratch/phase19-review-zpWgwb/node-compile-cache/v26.8.1-x64-8d7ad2ee-1000/9d887cbe: bytes are not valid utf8
ERROR: logging before google.Init: E0831 01:12:57.015908     440 repo.go:368] failed to create patch for untracked file .scratch/phase19-review-zpWgwb/node-compile-cache/v26.8.1-x64-8d7ad2ee-1000/9e25568a: bytes are not valid utf8
ERROR: logging before google.Init: E0831 01:12:57.015927     440 repo.go:368] failed to create patch for untracked file .scratch/phase19-review-zpWgwb/node-compile-cache/v26.8.1-x64-8d7ad2ee-1000/9e724a52: bytes are not valid utf8
ERROR: logging before google.Init: E0831 01:12:57.015946     440 repo.go:368] failed to create patch for untracked file .scratch/phase19-review-zpWgwb/node-compile-cache/v26.8.1-x64-8d7ad2ee-1000/9f2a355d: bytes are not valid utf8
ERROR: logging before google.Init: E0831 01:12:57.015963     440 repo.go:368] failed to create patch for untracked file .scratch/phase19-review-zpWgwb/node-compile-cache/v26.8.1-x64-8d7ad2ee-1000/9f9db43a: bytes are not valid utf8
ERROR: logging before google.Init: E0831 01:12:57.015979     440 repo.go:368] failed to create patch for untracked file .scratch/phase19-review-zpWgwb/node-compile-cache/v26.8.1-x64-8d7ad2ee-1000/a089927c: bytes are not valid utf8
ERROR: logging before google.Init: E0831 01:12:57.015993     440 repo.go:368] failed to create patch for untracked file .scratch/phase19-review-zpWgwb/node-compile-cache/v26.8.1-x64-8d7ad2ee-1000/a0e6c283: bytes are not valid utf8
ERROR: logging before google.Init: E0831 01:12:57.016009     440 repo.go:368] failed to create patch for untracked file .scratch/phase19-review-zpWgwb/node-compile-cache/v26.8.1-x64-8d7ad2ee-1000/a271b133: bytes are not valid utf8
ERROR: logging before google.Init: E0831 01:12:57.016023     440 repo.go:368] failed to create patch for untracked file .scratch/phase19-review-zpWgwb/node-compile-cache/v26.8.1-x64-8d7ad2ee-1000/a28a8663: bytes are not valid utf8
ERROR: logging before google.Init: E0831 01:12:57.016038     440 repo.go:368] failed to create patch for untracked file .scratch/phase19-review-zpWgwb/node-compile-cache/v26.8.1-x64-8d7ad2ee-1000/a2a3e151: bytes are not valid utf8
ERROR: logging before google.Init: E0831 01:12:57.016053     440 repo.go:368] failed to create patch for untracked file .scratch/phase19-review-zpWgwb/node-compile-cache/v26.8.1-x64-8d7ad2ee-1000/a339d434: bytes are not valid utf8
ERROR: logging before google.Init: E0831 01:12:57.016066     440 repo.go:368] failed to create patch for untracked file .scratch/phase19-review-zpWgwb/node-compile-cache/v26.8.1-x64-8d7ad2ee-1000/a3cd86f4: bytes are not valid utf8
ERROR: logging before google.Init: E0831 01:12:57.016079     440 repo.go:368] failed to create patch for untracked file .scratch/phase19-review-zpWgwb/node-compile-cache/v26.8.1-x64-8d7ad2ee-1000/a490d57b: bytes are not valid utf8
ERROR: logging before google.Init: E0831 01:12:57.016096     440 repo.go:368] failed to create patch for untracked file .scratch/phase19-review-zpWgwb/node-compile-cache/v26.8.1-x64-8d7ad2ee-1000/a5bdcdc2: bytes are not valid utf8
ERROR: logging before google.Init: E0831 01:12:57.016111     440 repo.go:368] failed to create patch for untracked file .scratch/phase19-review-zpWgwb/node-compile-cache/v26.8.1-x64-8d7ad2ee-1000/a5d5052b: bytes are not valid utf8
ERROR: logging before google.Init: E0831 01:12:57.016126     440 repo.go:368] failed to create patch for untracked file .scratch/phase19-review-zpWgwb/node-compile-cache/v26.8.1-x64-8d7ad2ee-1000/a6305dfb: bytes are not valid utf8
ERROR: logging before google.Init: E0831 01:12:57.016142     440 repo.go:368] failed to create patch for untracked file .scratch/phase19-review-zpWgwb/node-compile-cache/v26.8.1-x64-8d7ad2ee-1000/a6983ac8: bytes are not valid utf8
ERROR: logging before google.Init: E0831 01:12:57.016157     440 repo.go:368] failed to create patch for untracked file .scratch/phase19-review-zpWgwb/node-compile-cache/v26.8.1-x64-8d7ad2ee-1000/a6a586d8: bytes are not valid utf8
ERROR: logging before google.Init: E0831 01:12:57.016178     440 repo.go:368] failed to create patch for untracked file .scratch/phase19-review-zpWgwb/node-compile-cache/v26.8.1-x64-8d7ad2ee-1000/a86547b7: bytes are not valid utf8
ERROR: logging before google.Init: E0831 01:12:57.016199     440 repo.go:368] failed to create patch for untracked file .scratch/phase19-review-zpWgwb/node-compile-cache/v26.8.1-x64-8d7ad2ee-1000/a98da92f: bytes are not valid utf8
ERROR: logging before google.Init: E0831 01:12:57.016221     440 repo.go:368] failed to create patch for untracked file .scratch/phase19-review-zpWgwb/node-compile-cache/v26.8.1-x64-8d7ad2ee-1000/a98e7733: bytes are not valid utf8
ERROR: logging before google.Init: E0831 01:12:57.016237     440 repo.go:368] failed to create patch for untracked file .scratch/phase19-review-zpWgwb/node-compile-cache/v26.8.1-x64-8d7ad2ee-1000/a9a31f40: bytes are not valid utf8
ERROR: logging before google.Init: E0831 01:12:57.016254     440 repo.go:368] failed to create patch for untracked file .scratch/phase19-review-zpWgwb/node-compile-cache/v26.8.1-x64-8d7ad2ee-1000/a9df960c: bytes are not valid utf8
ERROR: logging before google.Init: E0831 01:12:57.016270     440 repo.go:368] failed to create patch for untracked file .scratch/phase19-review-zpWgwb/node-compile-cache/v26.8.1-x64-8d7ad2ee-1000/aa742600: bytes are not valid utf8
ERROR: logging before google.Init: E0831 01:12:57.016288     440 repo.go:368] failed to create patch for untracked file .scratch/phase19-review-zpWgwb/node-compile-cache/v26.8.1-x64-8d7ad2ee-1000/aa862e85: bytes are not valid utf8
ERROR: logging before google.Init: E0831 01:12:57.016305     440 repo.go:368] failed to create patch for untracked file .scratch/phase19-review-zpWgwb/node-compile-cache/v26.8.1-x64-8d7ad2ee-1000/aaff74f9: bytes are not valid utf8
ERROR: logging before google.Init: E0831 01:12:57.016322     440 repo.go:368] failed to create patch for untracked file .scratch/phase19-review-zpWgwb/node-compile-cache/v26.8.1-x64-8d7ad2ee-1000/ab50a3c6: bytes are not valid utf8
ERROR: logging before google.Init: E0831 01:12:57.016339     440 repo.go:368] failed to create patch for untracked file .scratch/phase19-review-zpWgwb/node-compile-cache/v26.8.1-x64-8d7ad2ee-1000/abaad1bb: bytes are not valid utf8
ERROR: logging before google.Init: E0831 01:12:57.016357     440 repo.go:368] failed to create patch for untracked file .scratch/phase19-review-zpWgwb/node-compile-cache/v26.8.1-x64-8d7ad2ee-1000/ac2bd971: bytes are not valid utf8
ERROR: logging before google.Init: E0831 01:12:57.016371     440 repo.go:368] failed to create patch for untracked file .scratch/phase19-review-zpWgwb/node-compile-cache/v26.8.1-x64-8d7ad2ee-1000/acddb56f: bytes are not valid utf8
ERROR: logging before google.Init: E0831 01:12:57.016439     440 repo.go:368] failed to create patch for untracked file .scratch/phase19-review-zpWgwb/node-compile-cache/v26.8.1-x64-8d7ad2ee-1000/acfd8818: bytes are not valid utf8
ERROR: logging before google.Init: E0831 01:12:57.016520     440 repo.go:368] failed to create patch for untracked file .scratch/phase19-review-zpWgwb/node-compile-cache/v26.8.1-x64-8d7ad2ee-1000/ad1d190c: bytes are not valid utf8
ERROR: logging before google.Init: E0831 01:12:57.016952     440 repo.go:368] failed to create patch for untracked file .scratch/phase19-review-zpWgwb/node-compile-cache/v26.8.1-x64-8d7ad2ee-1000/ad4a0ba9: bytes are not valid utf8
ERROR: logging before google.Init: E0831 01:12:57.016983     440 repo.go:368] failed to create patch for untracked file .scratch/phase19-review-zpWgwb/node-compile-cache/v26.8.1-x64-8d7ad2ee-1000/ae2aa98b: bytes are not valid utf8
ERROR: logging before google.Init: E0831 01:12:57.016999     440 repo.go:368] failed to create patch for untracked file .scratch/phase19-review-zpWgwb/node-compile-cache/v26.8.1-x64-8d7ad2ee-1000/ae5cd13f: bytes are not valid utf8
ERROR: logging before google.Init: E0831 01:12:57.017012     440 repo.go:368] failed to create patch for untracked file .scratch/phase19-review-zpWgwb/node-compile-cache/v26.8.1-x64-8d7ad2ee-1000/ae7303a9: bytes are not valid utf8
ERROR: logging before google.Init: E0831 01:12:57.017024     440 repo.go:368] failed to create patch for untracked file .scratch/phase19-review-zpWgwb/node-compile-cache/v26.8.1-x64-8d7ad2ee-1000/ae901c44: bytes are not valid utf8
ERROR: logging before google.Init: E0831 01:12:57.017037     440 repo.go:368] failed to create patch for untracked file .scratch/phase19-review-zpWgwb/node-compile-cache/v26.8.1-x64-8d7ad2ee-1000/ae965f4a: bytes are not valid utf8
ERROR: logging before google.Init: E0831 01:12:57.017048     440 repo.go:368] failed to create patch for untracked file .scratch/phase19-review-zpWgwb/node-compile-cache/v26.8.1-x64-8d7ad2ee-1000/aee710ca: bytes are not valid utf8
ERROR: logging before google.Init: E0831 01:12:57.017062     440 repo.go:368] failed to create patch for untracked file .scratch/phase19-review-zpWgwb/node-compile-cache/v26.8.1-x64-8d7ad2ee-1000/af9e3812: bytes are not valid utf8
ERROR: logging before google.Init: E0831 01:12:57.017075     440 repo.go:368] failed to create patch for untracked file .scratch/phase19-review-zpWgwb/node-compile-cache/v26.8.1-x64-8d7ad2ee-1000/afc339ca: bytes are not valid utf8
ERROR: logging before google.Init: E0831 01:12:57.017086     440 repo.go:368] failed to create patch for untracked file .scratch/phase19-review-zpWgwb/node-compile-cache/v26.8.1-x64-8d7ad2ee-1000/b18f607b: bytes are not valid utf8
ERROR: logging before google.Init: E0831 01:12:57.017097     440 repo.go:368] failed to create patch for untracked file .scratch/phase19-review-zpWgwb/node-compile-cache/v26.8.1-x64-8d7ad2ee-1000/b20aa54b: bytes are not valid utf8
ERROR: logging before google.Init: E0831 01:12:57.017107     440 repo.go:368] failed to create patch for untracked file .scratch/phase19-review-zpWgwb/node-compile-cache/v26.8.1-x64-8d7ad2ee-1000/b39cf02e: bytes are not valid utf8
ERROR: logging before google.Init: E0831 01:12:57.017117     440 repo.go:368] failed to create patch for untracked file .scratch/phase19-review-zpWgwb/node-compile-cache/v26.8.1-x64-8d7ad2ee-1000/b3c6e157: bytes are not valid utf8
ERROR: logging before google.Init: E0831 01:12:57.017127     440 repo.go:368] failed to create patch for untracked file .scratch/phase19-review-zpWgwb/node-compile-cache/v26.8.1-x64-8d7ad2ee-1000/b4b7ce2c: bytes are not valid utf8
ERROR: logging before google.Init: E0831 01:12:57.017135     440 repo.go:368] failed to create patch for untracked file .scratch/phase19-review-zpWgwb/node-compile-cache/v26.8.1-x64-8d7ad2ee-1000/b68550ac: bytes are not valid utf8
ERROR: logging before google.Init: E0831 01:12:57.017144     440 repo.go:368] failed to create patch for untracked file .scratch/phase19-review-zpWgwb/node-compile-cache/v26.8.1-x64-8d7ad2ee-1000/b694a736: bytes are not valid utf8
ERROR: logging before google.Init: E0831 01:12:57.017153     440 repo.go:368] failed to create patch for untracked file .scratch/phase19-review-zpWgwb/node-compile-cache/v26.8.1-x64-8d7ad2ee-1000/b8ae7f8d: bytes are not valid utf8
ERROR: logging before google.Init: E0831 01:12:57.017163     440 repo.go:368] failed to create patch for untracked file .scratch/phase19-review-zpWgwb/node-compile-cache/v26.8.1-x64-8d7ad2ee-1000/b91125cf: bytes are not valid utf8
ERROR: logging before google.Init: E0831 01:12:57.017174     440 repo.go:368] failed to create patch for untracked file .scratch/phase19-review-zpWgwb/node-compile-cache/v26.8.1-x64-8d7ad2ee-1000/b95a0dc3: bytes are not valid utf8
ERROR: logging before google.Init: E0831 01:12:57.017183     440 repo.go:368] failed to create patch for untracked file .scratch/phase19-review-zpWgwb/node-compile-cache/v26.8.1-x64-8d7ad2ee-1000/b9b788a7: bytes are not valid utf8
ERROR: logging before google.Init: E0831 01:12:57.017194     440 repo.go:368] failed to create patch for untracked file .scratch/phase19-review-zpWgwb/node-compile-cache/v26.8.1-x64-8d7ad2ee-1000/ba4fb275: bytes are not valid utf8
ERROR: logging before google.Init: E0831 01:12:57.017203     440 repo.go:368] failed to create patch for untracked file .scratch/phase19-review-zpWgwb/node-compile-cache/v26.8.1-x64-8d7ad2ee-1000/bbea8052: bytes are not valid utf8
ERROR: logging before google.Init: E0831 01:12:57.017214     440 repo.go:368] failed to create patch for untracked file .scratch/phase19-review-zpWgwb/node-compile-cache/v26.8.1-x64-8d7ad2ee-1000/bc23fbd7: bytes are not valid utf8
ERROR: logging before google.Init: E0831 01:12:57.017223     440 repo.go:368] failed to create patch for untracked file .scratch/phase19-review-zpWgwb/node-compile-cache/v26.8.1-x64-8d7ad2ee-1000/bc8842db: bytes are not valid utf8
ERROR: logging before google.Init: E0831 01:12:57.017233     440 repo.go:368] failed to create patch for untracked file .scratch/phase19-review-zpWgwb/node-compile-cache/v26.8.1-x64-8d7ad2ee-1000/bca44618: bytes are not valid utf8
ERROR: logging before google.Init: E0831 01:12:57.017243     440 repo.go:368] failed to create patch for untracked file .scratch/phase19-review-zpWgwb/node-compile-cache/v26.8.1-x64-8d7ad2ee-1000/bd1f064f: bytes are not valid utf8
ERROR: logging before google.Init: E0831 01:12:57.017253     440 repo.go:368] failed to create patch for untracked file .scratch/phase19-review-zpWgwb/node-compile-cache/v26.8.1-x64-8d7ad2ee-1000/bec154b0: bytes are not valid utf8
ERROR: logging before google.Init: E0831 01:12:57.017263     440 repo.go:368] failed to create patch for untracked file .scratch/phase19-review-zpWgwb/node-compile-cache/v26.8.1-x64-8d7ad2ee-1000/bfc63af7: bytes are not valid utf8
ERROR: logging before google.Init: E0831 01:12:57.017273     440 repo.go:368] failed to create patch for untracked file .scratch/phase19-review-zpWgwb/node-compile-cache/v26.8.1-x64-8d7ad2ee-1000/bfd470c5: bytes are not valid utf8
ERROR: logging before google.Init: E0831 01:12:57.017284     440 repo.go:368] failed to create patch for untracked file .scratch/phase19-review-zpWgwb/node-compile-cache/v26.8.1-x64-8d7ad2ee-1000/c0c83417: bytes are not valid utf8
ERROR: logging before google.Init: E0831 01:12:57.017314     440 repo.go:368] failed to create patch for untracked file .scratch/phase19-review-zpWgwb/node-compile-cache/v26.8.1-x64-8d7ad2ee-1000/c0f2996e: bytes are not valid utf8
ERROR: logging before google.Init: E0831 01:12:57.017340     440 repo.go:368] failed to create patch for untracked file .scratch/phase19-review-zpWgwb/node-compile-cache/v26.8.1-x64-8d7ad2ee-1000/c294009a: bytes are not valid utf8
ERROR: logging before google.Init: E0831 01:12:57.017353     440 repo.go:368] failed to create patch for untracked file .scratch/phase19-review-zpWgwb/node-compile-cache/v26.8.1-x64-8d7ad2ee-1000/c295ee47: bytes are not valid utf8
ERROR: logging before google.Init: E0831 01:12:57.017367     440 repo.go:368] failed to create patch for untracked file .scratch/phase19-review-zpWgwb/node-compile-cache/v26.8.1-x64-8d7ad2ee-1000/c29f3de2: bytes are not valid utf8
ERROR: logging before google.Init: E0831 01:12:57.017379     440 repo.go:368] failed to create patch for untracked file .scratch/phase19-review-zpWgwb/node-compile-cache/v26.8.1-x64-8d7ad2ee-1000/c2a2b774: bytes are not valid utf8
ERROR: logging before google.Init: E0831 01:12:57.017388     440 repo.go:368] failed to create patch for untracked file .scratch/phase19-review-zpWgwb/node-compile-cache/v26.8.1-x64-8d7ad2ee-1000/c317d524: bytes are not valid utf8
ERROR: logging before google.Init: E0831 01:12:57.017399     440 repo.go:368] failed to create patch for untracked file .scratch/phase19-review-zpWgwb/node-compile-cache/v26.8.1-x64-8d7ad2ee-1000/c45def14: bytes are not valid utf8
ERROR: logging before google.Init: E0831 01:12:57.017408     440 repo.go:368] failed to create patch for untracked file .scratch/phase19-review-zpWgwb/node-compile-cache/v26.8.1-x64-8d7ad2ee-1000/c4aca27d: bytes are not valid utf8
ERROR: logging before google.Init: E0831 01:12:57.017417     440 repo.go:368] failed to create patch for untracked file .scratch/phase19-review-zpWgwb/node-compile-cache/v26.8.1-x64-8d7ad2ee-1000/c4e533e3: bytes are not valid utf8
ERROR: logging before google.Init: E0831 01:12:57.017427     440 repo.go:368] failed to create patch for untracked file .scratch/phase19-review-zpWgwb/node-compile-cache/v26.8.1-x64-8d7ad2ee-1000/c4ff2d84: bytes are not valid utf8
ERROR: logging before google.Init: E0831 01:12:57.017436     440 repo.go:368] failed to create patch for untracked file .scratch/phase19-review-zpWgwb/node-compile-cache/v26.8.1-x64-8d7ad2ee-1000/c5596213: bytes are not valid utf8
ERROR: logging before google.Init: E0831 01:12:57.017444     440 repo.go:368] failed to create patch for untracked file .scratch/phase19-review-zpWgwb/node-compile-cache/v26.8.1-x64-8d7ad2ee-1000/c617d818: bytes are not valid utf8
ERROR: logging before google.Init: E0831 01:12:57.017454     440 repo.go:368] failed to create patch for untracked file .scratch/phase19-review-zpWgwb/node-compile-cache/v26.8.1-x64-8d7ad2ee-1000/c70d5c69: bytes are not valid utf8
ERROR: logging before google.Init: E0831 01:12:57.017465     440 repo.go:368] failed to create patch for untracked file .scratch/phase19-review-zpWgwb/node-compile-cache/v26.8.1-x64-8d7ad2ee-1000/c7e3c3b3: bytes are not valid utf8
ERROR: logging before google.Init: E0831 01:12:57.017473     440 repo.go:368] failed to create patch for untracked file .scratch/phase19-review-zpWgwb/node-compile-cache/v26.8.1-x64-8d7ad2ee-1000/c81e7cd4: bytes are not valid utf8
ERROR: logging before google.Init: E0831 01:12:57.017484     440 repo.go:368] failed to create patch for untracked file .scratch/phase19-review-zpWgwb/node-compile-cache/v26.8.1-x64-8d7ad2ee-1000/c82abdcb: bytes are not valid utf8
ERROR: logging before google.Init: E0831 01:12:57.017492     440 repo.go:368] failed to create patch for untracked file .scratch/phase19-review-zpWgwb/node-compile-cache/v26.8.1-x64-8d7ad2ee-1000/c868fc5e: bytes are not valid utf8
ERROR: logging before google.Init: E0831 01:12:57.017502     440 repo.go:368] failed to create patch for untracked file .scratch/phase19-review-zpWgwb/node-compile-cache/v26.8.1-x64-8d7ad2ee-1000/c8a47f87: bytes are not valid utf8
ERROR: logging before google.Init: E0831 01:12:57.017510     440 repo.go:368] failed to create patch for untracked file .scratch/phase19-review-zpWgwb/node-compile-cache/v26.8.1-x64-8d7ad2ee-1000/c9b05194: bytes are not valid utf8
ERROR: logging before google.Init: E0831 01:12:57.017519     440 repo.go:368] failed to create patch for untracked file .scratch/phase19-review-zpWgwb/node-compile-cache/v26.8.1-x64-8d7ad2ee-1000/c9b3658c: bytes are not valid utf8
ERROR: logging before google.Init: E0831 01:12:57.017528     440 repo.go:368] failed to create patch for untracked file .scratch/phase19-review-zpWgwb/node-compile-cache/v26.8.1-x64-8d7ad2ee-1000/ca71db21: bytes are not valid utf8
ERROR: logging before google.Init: E0831 01:12:57.017538     440 repo.go:368] failed to create patch for untracked file .scratch/phase19-review-zpWgwb/node-compile-cache/v26.8.1-x64-8d7ad2ee-1000/cb24812a: bytes are not valid utf8
ERROR: logging before google.Init: E0831 01:12:57.017546     440 repo.go:368] failed to create patch for untracked file .scratch/phase19-review-zpWgwb/node-compile-cache/v26.8.1-x64-8d7ad2ee-1000/cb39fc8b: bytes are not valid utf8
ERROR: logging before google.Init: E0831 01:12:57.017556     440 repo.go:368] failed to create patch for untracked file .scratch/phase19-review-zpWgwb/node-compile-cache/v26.8.1-x64-8d7ad2ee-1000/cc256afa: bytes are not valid utf8
ERROR: logging before google.Init: E0831 01:12:57.017566     440 repo.go:368] failed to create patch for untracked file .scratch/phase19-review-zpWgwb/node-compile-cache/v26.8.1-x64-8d7ad2ee-1000/cc425018: bytes are not valid utf8
ERROR: logging before google.Init: E0831 01:12:57.017575     440 repo.go:368] failed to create patch for untracked file .scratch/phase19-review-zpWgwb/node-compile-cache/v26.8.1-x64-8d7ad2ee-1000/ccf37203: bytes are not valid utf8
ERROR: logging before google.Init: E0831 01:12:57.017585     440 repo.go:368] failed to create patch for untracked file .scratch/phase19-review-zpWgwb/node-compile-cache/v26.8.1-x64-8d7ad2ee-1000/cd25871e: bytes are not valid utf8
ERROR: logging before google.Init: E0831 01:12:57.017599     440 repo.go:368] failed to create patch for untracked file .scratch/phase19-review-zpWgwb/node-compile-cache/v26.8.1-x64-8d7ad2ee-1000/cd715a4a: bytes are not valid utf8
ERROR: logging before google.Init: E0831 01:12:57.017607     440 repo.go:368] failed to create patch for untracked file .scratch/phase19-review-zpWgwb/node-compile-cache/v26.8.1-x64-8d7ad2ee-1000/ce3fa832: bytes are not valid utf8
ERROR: logging before google.Init: E0831 01:12:57.017616     440 repo.go:368] failed to create patch for untracked file .scratch/phase19-review-zpWgwb/node-compile-cache/v26.8.1-x64-8d7ad2ee-1000/cf2e3319: bytes are not valid utf8
ERROR: logging before google.Init: E0831 01:12:57.017624     440 repo.go:368] failed to create patch for untracked file .scratch/phase19-review-zpWgwb/node-compile-cache/v26.8.1-x64-8d7ad2ee-1000/d01939e4: bytes are not valid utf8
ERROR: logging before google.Init: E0831 01:12:57.017633     440 repo.go:368] failed to create patch for untracked file .scratch/phase19-review-zpWgwb/node-compile-cache/v26.8.1-x64-8d7ad2ee-1000/d11ca801: bytes are not valid utf8
ERROR: logging before google.Init: E0831 01:12:57.017642     440 repo.go:368] failed to create patch for untracked file .scratch/phase19-review-zpWgwb/node-compile-cache/v26.8.1-x64-8d7ad2ee-1000/d1388c4a: bytes are not valid utf8
ERROR: logging before google.Init: E0831 01:12:57.017651     440 repo.go:368] failed to create patch for untracked file .scratch/phase19-review-zpWgwb/node-compile-cache/v26.8.1-x64-8d7ad2ee-1000/d1480bd9: bytes are not valid utf8
ERROR: logging before google.Init: E0831 01:12:57.017659     440 repo.go:368] failed to create patch for untracked file .scratch/phase19-review-zpWgwb/node-compile-cache/v26.8.1-x64-8d7ad2ee-1000/d149043c: bytes are not valid utf8
ERROR: logging before google.Init: E0831 01:12:57.017667     440 repo.go:368] failed to create patch for untracked file .scratch/phase19-review-zpWgwb/node-compile-cache/v26.8.1-x64-8d7ad2ee-1000/d1a24e6b: bytes are not valid utf8
ERROR: logging before google.Init: E0831 01:12:57.017677     440 repo.go:368] failed to create patch for untracked file .scratch/phase19-review-zpWgwb/node-compile-cache/v26.8.1-x64-8d7ad2ee-1000/d1dce9a7: bytes are not valid utf8
ERROR: logging before google.Init: E0831 01:12:57.017685     440 repo.go:368] failed to create patch for untracked file .scratch/phase19-review-zpWgwb/node-compile-cache/v26.8.1-x64-8d7ad2ee-1000/d2049875: bytes are not valid utf8
ERROR: logging before google.Init: E0831 01:12:57.017693     440 repo.go:368] failed to create patch for untracked file .scratch/phase19-review-zpWgwb/node-compile-cache/v26.8.1-x64-8d7ad2ee-1000/d245b2d1: bytes are not valid utf8
ERROR: logging before google.Init: E0831 01:12:57.017701     440 repo.go:368] failed to create patch for untracked file .scratch/phase19-review-zpWgwb/node-compile-cache/v26.8.1-x64-8d7ad2ee-1000/d2e71ea6: bytes are not valid utf8
ERROR: logging before google.Init: E0831 01:12:57.017709     440 repo.go:368] failed to create patch for untracked file .scratch/phase19-review-zpWgwb/node-compile-cache/v26.8.1-x64-8d7ad2ee-1000/d31b0b3e: bytes are not valid utf8
ERROR: logging before google.Init: E0831 01:12:57.017719     440 repo.go:368] failed to create patch for untracked file .scratch/phase19-review-zpWgwb/node-compile-cache/v26.8.1-x64-8d7ad2ee-1000/d39c0cea: bytes are not valid utf8
ERROR: logging before google.Init: E0831 01:12:57.017729     440 repo.go:368] failed to create patch for untracked file .scratch/phase19-review-zpWgwb/node-compile-cache/v26.8.1-x64-8d7ad2ee-1000/d3c7f8b9: bytes are not valid utf8
ERROR: logging before google.Init: E0831 01:12:57.017738     440 repo.go:368] failed to create patch for untracked file .scratch/phase19-review-zpWgwb/node-compile-cache/v26.8.1-x64-8d7ad2ee-1000/d3ce9c60: bytes are not valid utf8
ERROR: logging before google.Init: E0831 01:12:57.017761     440 repo.go:368] failed to create patch for untracked file .scratch/phase19-review-zpWgwb/node-compile-cache/v26.8.1-x64-8d7ad2ee-1000/d3ef2551: bytes are not valid utf8
ERROR: logging before google.Init: E0831 01:12:57.017793     440 repo.go:368] failed to create patch for untracked file .scratch/phase19-review-zpWgwb/node-compile-cache/v26.8.1-x64-8d7ad2ee-1000/d42f2212: bytes are not valid utf8
ERROR: logging before google.Init: E0831 01:12:57.017806     440 repo.go:368] failed to create patch for untracked file .scratch/phase19-review-zpWgwb/node-compile-cache/v26.8.1-x64-8d7ad2ee-1000/d4a49a25: bytes are not valid utf8
ERROR: logging before google.Init: E0831 01:12:57.017818     440 repo.go:368] failed to create patch for untracked file .scratch/phase19-review-zpWgwb/node-compile-cache/v26.8.1-x64-8d7ad2ee-1000/d577df07: bytes are not valid utf8
ERROR: logging before google.Init: E0831 01:12:57.017831     440 repo.go:368] failed to create patch for untracked file .scratch/phase19-review-zpWgwb/node-compile-cache/v26.8.1-x64-8d7ad2ee-1000/d5b339ce: bytes are not valid utf8
ERROR: logging before google.Init: E0831 01:12:57.017840     440 repo.go:368] failed to create patch for untracked file .scratch/phase19-review-zpWgwb/node-compile-cache/v26.8.1-x64-8d7ad2ee-1000/d5f0ae00: bytes are not valid utf8
ERROR: logging before google.Init: E0831 01:12:57.017849     440 repo.go:368] failed to create patch for untracked file .scratch/phase19-review-zpWgwb/node-compile-cache/v26.8.1-x64-8d7ad2ee-1000/d600d96a: bytes are not valid utf8
ERROR: logging before google.Init: E0831 01:12:57.017858     440 repo.go:368] failed to create patch for untracked file .scratch/phase19-review-zpWgwb/node-compile-cache/v26.8.1-x64-8d7ad2ee-1000/d626981b: bytes are not valid utf8
ERROR: logging before google.Init: E0831 01:12:57.017866     440 repo.go:368] failed to create patch for untracked file .scratch/phase19-review-zpWgwb/node-compile-cache/v26.8.1-x64-8d7ad2ee-1000/d630c505: bytes are not valid utf8
ERROR: logging before google.Init: E0831 01:12:57.017876     440 repo.go:368] failed to create patch for untracked file .scratch/phase19-review-zpWgwb/node-compile-cache/v26.8.1-x64-8d7ad2ee-1000/d688117d: bytes are not valid utf8
ERROR: logging before google.Init: E0831 01:12:57.017885     440 repo.go:368] failed to create patch for untracked file .scratch/phase19-review-zpWgwb/node-compile-cache/v26.8.1-x64-8d7ad2ee-1000/d77112d2: bytes are not valid utf8
ERROR: logging before google.Init: E0831 01:12:57.017912     440 repo.go:368] failed to create patch for untracked file .scratch/phase19-review-zpWgwb/node-compile-cache/v26.8.1-x64-8d7ad2ee-1000/d7ca2a2a: bytes are not valid utf8
ERROR: logging before google.Init: E0831 01:12:57.017933     440 repo.go:368] failed to create patch for untracked file .scratch/phase19-review-zpWgwb/node-compile-cache/v26.8.1-x64-8d7ad2ee-1000/d8be5a18: bytes are not valid utf8
ERROR: logging before google.Init: E0831 01:12:57.017963     440 repo.go:368] failed to create patch for untracked file .scratch/phase19-review-zpWgwb/node-compile-cache/v26.8.1-x64-8d7ad2ee-1000/d91695c9: bytes are not valid utf8
ERROR: logging before google.Init: E0831 01:12:57.017978     440 repo.go:368] failed to create patch for untracked file .scratch/phase19-review-zpWgwb/node-compile-cache/v26.8.1-x64-8d7ad2ee-1000/d9a8a787: bytes are not valid utf8
ERROR: logging before google.Init: E0831 01:12:57.017987     440 repo.go:368] failed to create patch for untracked file .scratch/phase19-review-zpWgwb/node-compile-cache/v26.8.1-x64-8d7ad2ee-1000/da16af9a: bytes are not valid utf8
ERROR: logging before google.Init: E0831 01:12:57.017996     440 repo.go:368] failed to create patch for untracked file .scratch/phase19-review-zpWgwb/node-compile-cache/v26.8.1-x64-8d7ad2ee-1000/dbd24695: bytes are not valid utf8
ERROR: logging before google.Init: E0831 01:12:57.018004     440 repo.go:368] failed to create patch for untracked file .scratch/phase19-review-zpWgwb/node-compile-cache/v26.8.1-x64-8d7ad2ee-1000/dcce07e5: bytes are not valid utf8
ERROR: logging before google.Init: E0831 01:12:57.018038     440 repo.go:368] failed to create patch for untracked file .scratch/phase19-review-zpWgwb/node-compile-cache/v26.8.1-x64-8d7ad2ee-1000/ddad252a: bytes are not valid utf8
ERROR: logging before google.Init: E0831 01:12:57.018055     440 repo.go:368] failed to create patch for untracked file .scratch/phase19-review-zpWgwb/node-compile-cache/v26.8.1-x64-8d7ad2ee-1000/ddb123a1: bytes are not valid utf8
ERROR: logging before google.Init: E0831 01:12:57.018065     440 repo.go:368] failed to create patch for untracked file .scratch/phase19-review-zpWgwb/node-compile-cache/v26.8.1-x64-8d7ad2ee-1000/de05357f: bytes are not valid utf8
ERROR: logging before google.Init: E0831 01:12:57.018074     440 repo.go:368] failed to create patch for untracked file .scratch/phase19-review-zpWgwb/node-compile-cache/v26.8.1-x64-8d7ad2ee-1000/de16f5cb: bytes are not valid utf8
ERROR: logging before google.Init: E0831 01:12:57.018083     440 repo.go:368] failed to create patch for untracked file .scratch/phase19-review-zpWgwb/node-compile-cache/v26.8.1-x64-8d7ad2ee-1000/defb5d31: bytes are not valid utf8
ERROR: logging before google.Init: E0831 01:12:57.018092     440 repo.go:368] failed to create patch for untracked file .scratch/phase19-review-zpWgwb/node-compile-cache/v26.8.1-x64-8d7ad2ee-1000/dfd0d2ba: bytes are not valid utf8
ERROR: logging before google.Init: E0831 01:12:57.018100     440 repo.go:368] failed to create patch for untracked file .scratch/phase19-review-zpWgwb/node-compile-cache/v26.8.1-x64-8d7ad2ee-1000/dfe9ea14: bytes are not valid utf8
ERROR: logging before google.Init: E0831 01:12:57.018108     440 repo.go:368] failed to create patch for untracked file .scratch/phase19-review-zpWgwb/node-compile-cache/v26.8.1-x64-8d7ad2ee-1000/e07f8fb5: bytes are not valid utf8
ERROR: logging before google.Init: E0831 01:12:57.018117     440 repo.go:368] failed to create patch for untracked file .scratch/phase19-review-zpWgwb/node-compile-cache/v26.8.1-x64-8d7ad2ee-1000/e083bc25: bytes are not valid utf8
ERROR: logging before google.Init: E0831 01:12:57.018127     440 repo.go:368] failed to create patch for untracked file .scratch/phase19-review-zpWgwb/node-compile-cache/v26.8.1-x64-8d7ad2ee-1000/e14957ef: bytes are not valid utf8
ERROR: logging before google.Init: E0831 01:12:57.018136     440 repo.go:368] failed to create patch for untracked file .scratch/phase19-review-zpWgwb/node-compile-cache/v26.8.1-x64-8d7ad2ee-1000/e150a478: bytes are not valid utf8
ERROR: logging before google.Init: E0831 01:12:57.018144     440 repo.go:368] failed to create patch for untracked file .scratch/phase19-review-zpWgwb/node-compile-cache/v26.8.1-x64-8d7ad2ee-1000/e15a74c2: bytes are not valid utf8
ERROR: logging before google.Init: E0831 01:12:57.018152     440 repo.go:368] failed to create patch for untracked file .scratch/phase19-review-zpWgwb/node-compile-cache/v26.8.1-x64-8d7ad2ee-1000/e15da18e: bytes are not valid utf8
ERROR: logging before google.Init: E0831 01:12:57.018160     440 repo.go:368] failed to create patch for untracked file .scratch/phase19-review-zpWgwb/node-compile-cache/v26.8.1-x64-8d7ad2ee-1000/e1a2917a: bytes are not valid utf8
ERROR: logging before google.Init: E0831 01:12:57.018168     440 repo.go:368] failed to create patch for untracked file .scratch/phase19-review-zpWgwb/node-compile-cache/v26.8.1-x64-8d7ad2ee-1000/e26097fb: bytes are not valid utf8
ERROR: logging before google.Init: E0831 01:12:57.018176     440 repo.go:368] failed to create patch for untracked file .scratch/phase19-review-zpWgwb/node-compile-cache/v26.8.1-x64-8d7ad2ee-1000/e3019385: bytes are not valid utf8
ERROR: logging before google.Init: E0831 01:12:57.018184     440 repo.go:368] failed to create patch for untracked file .scratch/phase19-review-zpWgwb/node-compile-cache/v26.8.1-x64-8d7ad2ee-1000/e3f73ed5: bytes are not valid utf8
ERROR: logging before google.Init: E0831 01:12:57.018192     440 repo.go:368] failed to create patch for untracked file .scratch/phase19-review-zpWgwb/node-compile-cache/v26.8.1-x64-8d7ad2ee-1000/e4445f1f: bytes are not valid utf8
ERROR: logging before google.Init: E0831 01:12:57.018200     440 repo.go:368] failed to create patch for untracked file .scratch/phase19-review-zpWgwb/node-compile-cache/v26.8.1-x64-8d7ad2ee-1000/e45fd827: bytes are not valid utf8
ERROR: logging before google.Init: E0831 01:12:57.018208     440 repo.go:368] failed to create patch for untracked file .scratch/phase19-review-zpWgwb/node-compile-cache/v26.8.1-x64-8d7ad2ee-1000/e66acb74: bytes are not valid utf8
ERROR: logging before google.Init: E0831 01:12:57.018216     440 repo.go:368] failed to create patch for untracked file .scratch/phase19-review-zpWgwb/node-compile-cache/v26.8.1-x64-8d7ad2ee-1000/e674a16c: bytes are not valid utf8
ERROR: logging before google.Init: E0831 01:12:57.018225     440 repo.go:368] failed to create patch for untracked file .scratch/phase19-review-zpWgwb/node-compile-cache/v26.8.1-x64-8d7ad2ee-1000/e6a21d71: bytes are not valid utf8
ERROR: logging before google.Init: E0831 01:12:57.018234     440 repo.go:368] failed to create patch for untracked file .scratch/phase19-review-zpWgwb/node-compile-cache/v26.8.1-x64-8d7ad2ee-1000/e6d3bb65: bytes are not valid utf8
ERROR: logging before google.Init: E0831 01:12:57.018242     440 repo.go:368] failed to create patch for untracked file .scratch/phase19-review-zpWgwb/node-compile-cache/v26.8.1-x64-8d7ad2ee-1000/e6ff280a: bytes are not valid utf8
ERROR: logging before google.Init: E0831 01:12:57.018251     440 repo.go:368] failed to create patch for untracked file .scratch/phase19-review-zpWgwb/node-compile-cache/v26.8.1-x64-8d7ad2ee-1000/e71b9b19: bytes are not valid utf8
ERROR: logging before google.Init: E0831 01:12:57.018259     440 repo.go:368] failed to create patch for untracked file .scratch/phase19-review-zpWgwb/node-compile-cache/v26.8.1-x64-8d7ad2ee-1000/e90dd27f: bytes are not valid utf8
ERROR: logging before google.Init: E0831 01:12:57.018269     440 repo.go:368] failed to create patch for untracked file .scratch/phase19-review-zpWgwb/node-compile-cache/v26.8.1-x64-8d7ad2ee-1000/e98000b9: bytes are not valid utf8
ERROR: logging before google.Init: E0831 01:12:57.018278     440 repo.go:368] failed to create patch for untracked file .scratch/phase19-review-zpWgwb/node-compile-cache/v26.8.1-x64-8d7ad2ee-1000/ea275b33: bytes are not valid utf8
ERROR: logging before google.Init: E0831 01:12:57.018287     440 repo.go:368] failed to create patch for untracked file .scratch/phase19-review-zpWgwb/node-compile-cache/v26.8.1-x64-8d7ad2ee-1000/ea67da59: bytes are not valid utf8
ERROR: logging before google.Init: E0831 01:12:57.018297     440 repo.go:368] failed to create patch for untracked file .scratch/phase19-review-zpWgwb/node-compile-cache/v26.8.1-x64-8d7ad2ee-1000/eb2a18ff: bytes are not valid utf8
ERROR: logging before google.Init: E0831 01:12:57.018307     440 repo.go:368] failed to create patch for untracked file .scratch/phase19-review-zpWgwb/node-compile-cache/v26.8.1-x64-8d7ad2ee-1000/eb553518: bytes are not valid utf8
ERROR: logging before google.Init: E0831 01:12:57.018317     440 repo.go:368] failed to create patch for untracked file .scratch/phase19-review-zpWgwb/node-compile-cache/v26.8.1-x64-8d7ad2ee-1000/ebac0d45: bytes are not valid utf8
ERROR: logging before google.Init: E0831 01:12:57.018327     440 repo.go:368] failed to create patch for untracked file .scratch/phase19-review-zpWgwb/node-compile-cache/v26.8.1-x64-8d7ad2ee-1000/ecc4bf5b: bytes are not valid utf8
ERROR: logging before google.Init: E0831 01:12:57.018336     440 repo.go:368] failed to create patch for untracked file .scratch/phase19-review-zpWgwb/node-compile-cache/v26.8.1-x64-8d7ad2ee-1000/ecfd389a: bytes are not valid utf8
ERROR: logging before google.Init: E0831 01:12:57.018346     440 repo.go:368] failed to create patch for untracked file .scratch/phase19-review-zpWgwb/node-compile-cache/v26.8.1-x64-8d7ad2ee-1000/ed0a1bdd: bytes are not valid utf8
ERROR: logging before google.Init: E0831 01:12:57.018356     440 repo.go:368] failed to create patch for untracked file .scratch/phase19-review-zpWgwb/node-compile-cache/v26.8.1-x64-8d7ad2ee-1000/ed4d3f5c: bytes are not valid utf8
ERROR: logging before google.Init: E0831 01:12:57.018370     440 repo.go:368] failed to create patch for untracked file .scratch/phase19-review-zpWgwb/node-compile-cache/v26.8.1-x64-8d7ad2ee-1000/ee02a576: bytes are not valid utf8
ERROR: logging before google.Init: E0831 01:12:57.018364    1112 skills.go:166] Failed to parse skill file /home/dd/.gemini/config/plugins/ponytail/skills/ponytail-debt/SKILL.md: failed to parse frontmatter: yaml: line 2: mapping values are not allowed in this context
ERROR: logging before google.Init: E0831 01:12:57.018380     440 repo.go:368] failed to create patch for untracked file .scratch/phase19-review-zpWgwb/node-compile-cache/v26.8.1-x64-8d7ad2ee-1000/ee175f50: bytes are not valid utf8
ERROR: logging before google.Init: E0831 01:12:57.018392     440 repo.go:368] failed to create patch for untracked file .scratch/phase19-review-zpWgwb/node-compile-cache/v26.8.1-x64-8d7ad2ee-1000/ef275563: bytes are not valid utf8
ERROR: logging before google.Init: E0831 01:12:57.018401     440 repo.go:368] failed to create patch for untracked file .scratch/phase19-review-zpWgwb/node-compile-cache/v26.8.1-x64-8d7ad2ee-1000/ef2e5440: bytes are not valid utf8
ERROR: logging before google.Init: E0831 01:12:57.018410     440 repo.go:368] failed to create patch for untracked file .scratch/phase19-review-zpWgwb/node-compile-cache/v26.8.1-x64-8d7ad2ee-1000/ef36498f: bytes are not valid utf8
ERROR: logging before google.Init: E0831 01:12:57.018418     440 repo.go:368] failed to create patch for untracked file .scratch/phase19-review-zpWgwb/node-compile-cache/v26.8.1-x64-8d7ad2ee-1000/ef53ad6e: bytes are not valid utf8
ERROR: logging before google.Init: E0831 01:12:57.018427     440 repo.go:368] failed to create patch for untracked file .scratch/phase19-review-zpWgwb/node-compile-cache/v26.8.1-x64-8d7ad2ee-1000/ef59bdd2: bytes are not valid utf8
ERROR: logging before google.Init: E0831 01:12:57.018435     440 repo.go:368] failed to create patch for untracked file .scratch/phase19-review-zpWgwb/node-compile-cache/v26.8.1-x64-8d7ad2ee-1000/ef6ee7db: bytes are not valid utf8
ERROR: logging before google.Init: E0831 01:12:57.018444     440 repo.go:368] failed to create patch for untracked file .scratch/phase19-review-zpWgwb/node-compile-cache/v26.8.1-x64-8d7ad2ee-1000/efdce4e3: bytes are not valid utf8
ERROR: logging before google.Init: E0831 01:12:57.018453     440 repo.go:368] failed to create patch for untracked file .scratch/phase19-review-zpWgwb/node-compile-cache/v26.8.1-x64-8d7ad2ee-1000/f0fa33bb: bytes are not valid utf8
ERROR: logging before google.Init: E0831 01:12:57.018462     440 repo.go:368] failed to create patch for untracked file .scratch/phase19-review-zpWgwb/node-compile-cache/v26.8.1-x64-8d7ad2ee-1000/f1978a7e: bytes are not valid utf8
ERROR: logging before google.Init: E0831 01:12:57.018470     440 repo.go:368] failed to create patch for untracked file .scratch/phase19-review-zpWgwb/node-compile-cache/v26.8.1-x64-8d7ad2ee-1000/f217bb8a: bytes are not valid utf8
ERROR: logging before google.Init: E0831 01:12:57.018478     440 repo.go:368] failed to create patch for untracked file .scratch/phase19-review-zpWgwb/node-compile-cache/v26.8.1-x64-8d7ad2ee-1000/f23718ea: bytes are not valid utf8
ERROR: logging before google.Init: E0831 01:12:57.018487     440 repo.go:368] failed to create patch for untracked file .scratch/phase19-review-zpWgwb/node-compile-cache/v26.8.1-x64-8d7ad2ee-1000/f2ce6811: bytes are not valid utf8
ERROR: logging before google.Init: E0831 01:12:57.018497     440 repo.go:368] failed to create patch for untracked file .scratch/phase19-review-zpWgwb/node-compile-cache/v26.8.1-x64-8d7ad2ee-1000/f3972852: bytes are not valid utf8
ERROR: logging before google.Init: E0831 01:12:57.018505     440 repo.go:368] failed to create patch for untracked file .scratch/phase19-review-zpWgwb/node-compile-cache/v26.8.1-x64-8d7ad2ee-1000/f4a9e467: bytes are not valid utf8
ERROR: logging before google.Init: E0831 01:12:57.018514     440 repo.go:368] failed to create patch for untracked file .scratch/phase19-review-zpWgwb/node-compile-cache/v26.8.1-x64-8d7ad2ee-1000/f544413c: bytes are not valid utf8
ERROR: logging before google.Init: E0831 01:12:57.018523     440 repo.go:368] failed to create patch for untracked file .scratch/phase19-review-zpWgwb/node-compile-cache/v26.8.1-x64-8d7ad2ee-1000/f5cd7fec: bytes are not valid utf8
ERROR: logging before google.Init: E0831 01:12:57.018531     440 repo.go:368] failed to create patch for untracked file .scratch/phase19-review-zpWgwb/node-compile-cache/v26.8.1-x64-8d7ad2ee-1000/f603b453: bytes are not valid utf8
ERROR: logging before google.Init: E0831 01:12:57.018541     440 repo.go:368] failed to create patch for untracked file .scratch/phase19-review-zpWgwb/node-compile-cache/v26.8.1-x64-8d7ad2ee-1000/f6b8fa96: bytes are not valid utf8
ERROR: logging before google.Init: E0831 01:12:57.018550     440 repo.go:368] failed to create patch for untracked file .scratch/phase19-review-zpWgwb/node-compile-cache/v26.8.1-x64-8d7ad2ee-1000/f7757223: bytes are not valid utf8
ERROR: logging before google.Init: E0831 01:12:57.018560     440 repo.go:368] failed to create patch for untracked file .scratch/phase19-review-zpWgwb/node-compile-cache/v26.8.1-x64-8d7ad2ee-1000/f7923593: bytes are not valid utf8
ERROR: logging before google.Init: E0831 01:12:57.018575     440 repo.go:368] failed to create patch for untracked file .scratch/phase19-review-zpWgwb/node-compile-cache/v26.8.1-x64-8d7ad2ee-1000/f7f943dd: bytes are not valid utf8
ERROR: logging before google.Init: E0831 01:12:57.018586     440 repo.go:368] failed to create patch for untracked file .scratch/phase19-review-zpWgwb/node-compile-cache/v26.8.1-x64-8d7ad2ee-1000/f8e05e04: bytes are not valid utf8
ERROR: logging before google.Init: E0831 01:12:57.018602     440 repo.go:368] failed to create patch for untracked file .scratch/phase19-review-zpWgwb/node-compile-cache/v26.8.1-x64-8d7ad2ee-1000/f97ebb6e: bytes are not valid utf8
ERROR: logging before google.Init: E0831 01:12:57.018614     440 repo.go:368] failed to create patch for untracked file .scratch/phase19-review-zpWgwb/node-compile-cache/v26.8.1-x64-8d7ad2ee-1000/fa210d92: bytes are not valid utf8
ERROR: logging before google.Init: E0831 01:12:57.018624     440 repo.go:368] failed to create patch for untracked file .scratch/phase19-review-zpWgwb/node-compile-cache/v26.8.1-x64-8d7ad2ee-1000/fa606627: bytes are not valid utf8
ERROR: logging before google.Init: E0831 01:12:57.018633     440 repo.go:368] failed to create patch for untracked file .scratch/phase19-review-zpWgwb/node-compile-cache/v26.8.1-x64-8d7ad2ee-1000/fa7b1e5e: bytes are not valid utf8
ERROR: logging before google.Init: E0831 01:12:57.018642     440 repo.go:368] failed to create patch for untracked file .scratch/phase19-review-zpWgwb/node-compile-cache/v26.8.1-x64-8d7ad2ee-1000/fa91102b: bytes are not valid utf8
ERROR: logging before google.Init: E0831 01:12:57.018651     440 repo.go:368] failed to create patch for untracked file .scratch/phase19-review-zpWgwb/node-compile-cache/v26.8.1-x64-8d7ad2ee-1000/fa91e12e: bytes are not valid utf8
ERROR: logging before google.Init: E0831 01:12:57.018660     440 repo.go:368] failed to create patch for untracked file .scratch/phase19-review-zpWgwb/node-compile-cache/v26.8.1-x64-8d7ad2ee-1000/fabf3bdc: bytes are not valid utf8
ERROR: logging before google.Init: E0831 01:12:57.018670     440 repo.go:368] failed to create patch for untracked file .scratch/phase19-review-zpWgwb/node-compile-cache/v26.8.1-x64-8d7ad2ee-1000/fadf1a38: bytes are not valid utf8
ERROR: logging before google.Init: E0831 01:12:57.018679     440 repo.go:368] failed to create patch for untracked file .scratch/phase19-review-zpWgwb/node-compile-cache/v26.8.1-x64-8d7ad2ee-1000/fb980dca: bytes are not valid utf8
ERROR: logging before google.Init: E0831 01:12:57.018688     440 repo.go:368] failed to create patch for untracked file .scratch/phase19-review-zpWgwb/node-compile-cache/v26.8.1-x64-8d7ad2ee-1000/fbe433f3: bytes are not valid utf8
ERROR: logging before google.Init: E0831 01:12:57.018696     440 repo.go:368] failed to create patch for untracked file .scratch/phase19-review-zpWgwb/node-compile-cache/v26.8.1-x64-8d7ad2ee-1000/fc62d5d5: bytes are not valid utf8
ERROR: logging before google.Init: E0831 01:12:57.018706     440 repo.go:368] failed to create patch for untracked file .scratch/phase19-review-zpWgwb/node-compile-cache/v26.8.1-x64-8d7ad2ee-1000/fde1f22c: bytes are not valid utf8
ERROR: logging before google.Init: E0831 01:12:57.018715     440 repo.go:368] failed to create patch for untracked file .scratch/phase19-review-zpWgwb/node-compile-cache/v26.8.1-x64-8d7ad2ee-1000/fe33d933: bytes are not valid utf8
ERROR: logging before google.Init: E0831 01:12:57.018724     440 repo.go:368] failed to create patch for untracked file .scratch/phase19-review-zpWgwb/node-compile-cache/v26.8.1-x64-8d7ad2ee-1000/fec41f63: bytes are not valid utf8
ERROR: logging before google.Init: E0831 01:12:57.018733     440 repo.go:368] failed to create patch for untracked file .scratch/phase19-review-zpWgwb/node-compile-cache/v26.8.1-x64-8d7ad2ee-1000/ff87e9b5: bytes are not valid utf8
ERROR: logging before google.Init: E0831 01:12:57.018891     440 repo.go:368] failed to create patch for untracked file .worktrees/explicit-phase-dispatch/: read /home/dd/projects/gsd-beads/.worktrees/explicit-phase-dispatch: is a directory
ERROR: logging before google.Init: E0831 01:12:57.018899     440 repo.go:368] failed to create patch for untracked file .worktrees/gsd-beads-template-contract-1oi/: read /home/dd/projects/gsd-beads/.worktrees/gsd-beads-template-contract-1oi: is a directory
ERROR: logging before google.Init: E0831 01:12:57.018906     440 repo.go:368] failed to create patch for untracked file .worktrees/sota-numerics-issue-1/: read /home/dd/projects/gsd-beads/.worktrees/sota-numerics-issue-1: is a directory
ERROR: logging before google.Init: E0831 01:12:57.018912     440 repo.go:368] failed to create patch for untracked file .worktrees/sota-numerics-release-013/: read /home/dd/projects/gsd-beads/.worktrees/sota-numerics-release-013: is a directory
ERROR: logging before google.Init: E0831 01:12:57.018945     440 repo.go:368] failed to create patch for untracked file ponytail-everywhere/: read /home/dd/projects/gsd-beads/ponytail-everywhere: is a directory
ERROR: logging before google.Init: E0831 01:12:57.022853     713 skills.go:166] Failed to parse skill file /home/dd/.gemini/config/plugins/ponytail/skills/ponytail-debt/SKILL.md: failed to parse frontmatter: yaml: line 2: mapping values are not allowed in this context
ERROR: logging before google.Init: E0831 01:12:57.035866    1278 skills.go:166] Failed to parse skill file /home/dd/.gemini/config/plugins/ponytail/skills/ponytail-debt/SKILL.md: failed to parse frontmatter: yaml: line 2: mapping values are not allowed in this context
ERROR: logging before google.Init: W0831 01:12:57.037247     780 hooks.go:73] Failed to parse hooks for plugin metaswarm: invalid hook "hooks": command hook must specify 'command'
ERROR: logging before google.Init: W0831 01:12:57.037446     780 declarative_config_loader.go:251] skipping component during resolution: empty component: prompt section "subagent_reminder"
ERROR: logging before google.Init: W0831 01:12:57.037455     780 declarative_config_loader.go:251] skipping component during resolution: empty component: prompt section "terminal_sandbox"
ERROR: logging before google.Init: E0831 01:12:57.040756     780 errorreport.go:223] mkdir /home/dd/.gemini/antigravity-cli/brain/cfc227d5-b0d6-413d-8fc5-5a28970c062e: read-only file system
ERROR: logging before google.Init: E0831 01:12:57.040780     132 stager.go:117] Failed to save message for cfc227d5-b0d6-413d-8fc5-5a28970c062e: open /home/dd/.gemini/antigravity-cli/conversations/cfc227d5-b0d6-413d-8fc5-5a28970c062e.a1d62dd5-08b0-4d40-bb9e-40800f3a53ef.tmp: read-only file system
ERROR: logging before google.Init: E0831 01:12:57.041029     132 errorreport.go:223] open /home/dd/.gemini/antigravity-cli/conversations/cfc227d5-b0d6-413d-8fc5-5a28970c062e.a1d62dd5-08b0-4d40-bb9e-40800f3a53ef.tmp: read-only file system
ERROR: logging before google.Init: I0831 01:12:57.243675     207 experiment_manager.go:38] Starting experiment refresh after login
ERROR: logging before google.Init: I0831 01:12:57.314272     215 model_config_manager.go:311] Propagating selected model override to backend: label="Gemini 3.7 Flash (High)"
ERROR: logging before google.Init: I0831 01:12:57.483451     206 quota_manager.go:45] doRefreshQuota: starting reload (force=true)
ERROR: logging before google.Init: I0831 01:12:57.548931     207 experiment_manager.go:42] Experiments refreshed after login
ERROR: logging before google.Init: I0831 01:12:57.549007     207 experiment_manager.go:38] Starting experiment refresh after login
ERROR: logging before google.Init: I0831 01:12:57.549058    1475 manager.go:1249] Reloading system slash commands
ERROR: logging before google.Init: I0831 01:12:57.550256    1475 manager.go:1253] Slash commands unchanged, skipping update
ERROR: logging before google.Init: I0831 01:12:57.711274     752 http_helpers.go:246] URL: https://daily-cloudcode-pa.googleapis.com/v1internal:streamGenerateContent?alt=sse Trace: 0x5362c2bc986cb78e ResponseID: -biUatzOE6mnkdUPkoTJ-Aw
ERROR: logging before google.Init: E0831 01:12:57.723805     779 errorreport.go:223] writing generated conversation title for cfc227d5-b0d6-413d-8fc5-5a28970c062e: open /home/dd/.gemini/antigravity-cli/annotations/cfc227d5-b0d6-413d-8fc5-5a28970c062e.pbtxt.7a1836d6-ff96-42a1-9306-7eb29da290b5.tmp: read-only file system
ERROR: logging before google.Init: I0831 01:12:57.829079     207 experiment_manager.go:42] Experiments refreshed after login
ERROR: logging before google.Init: I0831 01:12:57.829166     207 experiment_manager.go:38] Starting experiment refresh after login
ERROR: logging before google.Init: I0831 01:12:57.829230    1476 manager.go:1249] Reloading system slash commands
ERROR: logging before google.Init: I0831 01:12:57.830132    1476 manager.go:1253] Slash commands unchanged, skipping update
ERROR: logging before google.Init: I0831 01:12:57.898441     207 experiment_manager.go:42] Experiments refreshed after login
ERROR: logging before google.Init: I0831 01:12:57.898503     223 manager.go:1249] Reloading system slash commands
ERROR: logging before google.Init: I0831 01:12:57.899399     223 manager.go:1253] Slash commands unchanged, skipping update
ERROR: logging before google.Init: I0831 01:12:58.038603     214 http_helpers.go:246] URL: https://daily-cloudcode-pa.googleapis.com/v1internal:loadCodeAssist Trace: 0x95db847fbd9a2bac
ERROR: logging before google.Init: I0831 01:12:59.636265    1390 http_helpers.go:246] URL: https://daily-cloudcode-pa.googleapis.com/v1internal:streamGenerateContent?alt=sse Trace: 0xf30c25d7c140d086 ResponseID: -biUarm2J521kdUPqPaS2AI
ERROR: logging before google.Init: E0831 01:12:59.755623     780 errorreport.go:223] mkdir /home/dd/.gemini/antigravity-cli/brain/cfc227d5-b0d6-413d-8fc5-5a28970c062e: read-only file system
ERROR: logging before google.Init: E0831 01:12:59.755686     132 stager.go:117] Failed to save message for cfc227d5-b0d6-413d-8fc5-5a28970c062e: open /home/dd/.gemini/antigravity-cli/conversations/cfc227d5-b0d6-413d-8fc5-5a28970c062e.32229f6b-aa41-4f01-9206-b1200ffdb262.tmp: read-only file system
ERROR: logging before google.Init: E0831 01:12:59.755727     132 errorreport.go:223] open /home/dd/.gemini/antigravity-cli/conversations/cfc227d5-b0d6-413d-8fc5-5a28970c062e.32229f6b-aa41-4f01-9206-b1200ffdb262.tmp: read-only file system
ERROR: logging before google.Init: E0831 01:12:59.756626    1528 skills.go:166] Failed to parse skill file /home/dd/.gemini/config/plugins/ponytail/skills/ponytail-debt/SKILL.md: failed to parse frontmatter: yaml: line 2: mapping values are not allowed in this context
ERROR: logging before google.Init: E0831 01:12:59.758188    1460 errorreport.go:223] mkdir /home/dd/.gemini/antigravity-cli/brain/cfc227d5-b0d6-413d-8fc5-5a28970c062e: read-only file system
ERROR: logging before google.Init: E0831 01:12:59.758262     132 stager.go:117] Failed to save message for cfc227d5-b0d6-413d-8fc5-5a28970c062e: open /home/dd/.gemini/antigravity-cli/conversations/cfc227d5-b0d6-413d-8fc5-5a28970c062e.f6170435-8009-4438-b714-d3ced4fc691d.tmp: read-only file system
ERROR: logging before google.Init: E0831 01:12:59.758282     132 errorreport.go:223] open /home/dd/.gemini/antigravity-cli/conversations/cfc227d5-b0d6-413d-8fc5-5a28970c062e.f6170435-8009-4438-b714-d3ced4fc691d.tmp: read-only file system
ERROR: logging before google.Init: E0831 01:12:59.758935     132 stager.go:117] Failed to save message for cfc227d5-b0d6-413d-8fc5-5a28970c062e: open /home/dd/.gemini/antigravity-cli/conversations/cfc227d5-b0d6-413d-8fc5-5a28970c062e.8c8f3270-c0f6-4688-b2ab-2a5d5281ac56.tmp: read-only file system
ERROR: logging before google.Init: E0831 01:12:59.758964     132 errorreport.go:223] open /home/dd/.gemini/antigravity-cli/conversations/cfc227d5-b0d6-413d-8fc5-5a28970c062e.8c8f3270-c0f6-4688-b2ab-2a5d5281ac56.tmp: read-only file system
ERROR: logging before google.Init: I0831 01:13:03.474826    1546 http_helpers.go:246] URL: https://daily-cloudcode-pa.googleapis.com/v1internal:streamGenerateContent?alt=sse Trace: 0x52479837f7feaafd ResponseID: _riUasTLDdCE7M8P6YOD0AI
ERROR: logging before google.Init: E0831 01:13:03.488841     780 errorreport.go:223] mkdir /home/dd/.gemini/antigravity-cli/brain/cfc227d5-b0d6-413d-8fc5-5a28970c062e: read-only file system
ERROR: logging before google.Init: E0831 01:13:03.489062     132 stager.go:117] Failed to save message for cfc227d5-b0d6-413d-8fc5-5a28970c062e: open /home/dd/.gemini/antigravity-cli/conversations/cfc227d5-b0d6-413d-8fc5-5a28970c062e.21a4936d-d453-41a5-849d-b612d78e6509.tmp: read-only file system
ERROR: logging before google.Init: E0831 01:13:03.489111     132 errorreport.go:223] open /home/dd/.gemini/antigravity-cli/conversations/cfc227d5-b0d6-413d-8fc5-5a28970c062e.21a4936d-d453-41a5-849d-b612d78e6509.tmp: read-only file system
ERROR: logging before google.Init: E0831 01:13:03.489782    1651 skills.go:166] Failed to parse skill file /home/dd/.gemini/config/plugins/ponytail/skills/ponytail-debt/SKILL.md: failed to parse frontmatter: yaml: line 2: mapping values are not allowed in this context
ERROR: logging before google.Init: E0831 01:13:03.493759    1537 errorreport.go:223] mkdir /home/dd/.gemini/antigravity-cli/brain/cfc227d5-b0d6-413d-8fc5-5a28970c062e: read-only file system
ERROR: logging before google.Init: E0831 01:13:03.494034     132 stager.go:117] Failed to save message for cfc227d5-b0d6-413d-8fc5-5a28970c062e: open /home/dd/.gemini/antigravity-cli/conversations/cfc227d5-b0d6-413d-8fc5-5a28970c062e.66d77ec8-5881-4b8a-a915-65e5ff9563bb.tmp: read-only file system
ERROR: logging before google.Init: E0831 01:13:03.494093     132 errorreport.go:223] open /home/dd/.gemini/antigravity-cli/conversations/cfc227d5-b0d6-413d-8fc5-5a28970c062e.66d77ec8-5881-4b8a-a915-65e5ff9563bb.tmp: read-only file system
ERROR: logging before google.Init: E0831 01:13:03.494308     132 stager.go:117] Failed to save message for cfc227d5-b0d6-413d-8fc5-5a28970c062e: open /home/dd/.gemini/antigravity-cli/conversations/cfc227d5-b0d6-413d-8fc5-5a28970c062e.5d30f564-6067-4107-a9fe-d7bf98a5427a.tmp: read-only file system
ERROR: logging before google.Init: E0831 01:13:03.494328     132 errorreport.go:223] open /home/dd/.gemini/antigravity-cli/conversations/cfc227d5-b0d6-413d-8fc5-5a28970c062e.5d30f564-6067-4107-a9fe-d7bf98a5427a.tmp: read-only file system
ERROR: logging before google.Init: I0831 01:13:05.730657    1699 http_helpers.go:246] URL: https://daily-cloudcode-pa.googleapis.com/v1internal:streamGenerateContent?alt=sse Trace: 0x55653d50c33d68a3 ResponseID: ALmUasJ4xumewQ-ny8L4Ag
ERROR: logging before google.Init: E0831 01:13:05.759490     780 errorreport.go:223] mkdir /home/dd/.gemini/antigravity-cli/brain/cfc227d5-b0d6-413d-8fc5-5a28970c062e: read-only file system
ERROR: logging before google.Init: E0831 01:13:05.759827     132 stager.go:117] Failed to save message for cfc227d5-b0d6-413d-8fc5-5a28970c062e: open /home/dd/.gemini/antigravity-cli/conversations/cfc227d5-b0d6-413d-8fc5-5a28970c062e.74025b8c-8cd5-481e-a492-c6aaa1a55e69.tmp: read-only file system
ERROR: logging before google.Init: E0831 01:13:05.759875     132 errorreport.go:223] open /home/dd/.gemini/antigravity-cli/conversations/cfc227d5-b0d6-413d-8fc5-5a28970c062e.74025b8c-8cd5-481e-a492-c6aaa1a55e69.tmp: read-only file system
ERROR: logging before google.Init: E0831 01:13:05.760491    1748 skills.go:166] Failed to parse skill file /home/dd/.gemini/config/plugins/ponytail/skills/ponytail-debt/SKILL.md: failed to parse frontmatter: yaml: line 2: mapping values are not allowed in this context
ERROR: logging before google.Init: E0831 01:13:05.761992    1252 errorreport.go:223] mkdir /home/dd/.gemini/antigravity-cli/brain/cfc227d5-b0d6-413d-8fc5-5a28970c062e: read-only file system
ERROR: logging before google.Init: E0831 01:13:05.762222     132 stager.go:117] Failed to save message for cfc227d5-b0d6-413d-8fc5-5a28970c062e: open /home/dd/.gemini/antigravity-cli/conversations/cfc227d5-b0d6-413d-8fc5-5a28970c062e.f9795511-b788-4756-8ea7-50205f212308.tmp: read-only file system
ERROR: logging before google.Init: E0831 01:13:05.762243     132 errorreport.go:223] open /home/dd/.gemini/antigravity-cli/conversations/cfc227d5-b0d6-413d-8fc5-5a28970c062e.f9795511-b788-4756-8ea7-50205f212308.tmp: read-only file system
ERROR: logging before google.Init: E0831 01:13:05.762697     132 stager.go:117] Failed to save message for cfc227d5-b0d6-413d-8fc5-5a28970c062e: open /home/dd/.gemini/antigravity-cli/conversations/cfc227d5-b0d6-413d-8fc5-5a28970c062e.f582346b-2b0e-49d5-9bdd-ae4571ea1c59.tmp: read-only file system
ERROR: logging before google.Init: E0831 01:13:05.762725     132 errorreport.go:223] open /home/dd/.gemini/antigravity-cli/conversations/cfc227d5-b0d6-413d-8fc5-5a28970c062e.f582346b-2b0e-49d5-9bdd-ae4571ea1c59.tmp: read-only file system
ERROR: logging before google.Init: I0831 01:13:07.252648    1725 http_helpers.go:246] URL: https://daily-cloudcode-pa.googleapis.com/v1internal:streamGenerateContent?alt=sse Trace: 0xc6d7a7d05062f3c2 ResponseID: ArmUaqz-AdKC7M8PwM6H6Ag
ERROR: logging before google.Init: E0831 01:13:07.262283     780 errorreport.go:223] mkdir /home/dd/.gemini/antigravity-cli/brain/cfc227d5-b0d6-413d-8fc5-5a28970c062e: read-only file system
ERROR: logging before google.Init: E0831 01:13:07.262584     132 stager.go:117] Failed to save message for cfc227d5-b0d6-413d-8fc5-5a28970c062e: open /home/dd/.gemini/antigravity-cli/conversations/cfc227d5-b0d6-413d-8fc5-5a28970c062e.1d6bb60e-0bcc-4f00-bb99-18470459d12d.tmp: read-only file system
ERROR: logging before google.Init: E0831 01:13:07.262630     132 errorreport.go:223] open /home/dd/.gemini/antigravity-cli/conversations/cfc227d5-b0d6-413d-8fc5-5a28970c062e.1d6bb60e-0bcc-4f00-bb99-18470459d12d.tmp: read-only file system
ERROR: logging before google.Init: E0831 01:13:07.263193    1808 skills.go:166] Failed to parse skill file /home/dd/.gemini/config/plugins/ponytail/skills/ponytail-debt/SKILL.md: failed to parse frontmatter: yaml: line 2: mapping values are not allowed in this context
ERROR: logging before google.Init: E0831 01:13:07.264646    1669 errorreport.go:223] mkdir /home/dd/.gemini/antigravity-cli/brain/cfc227d5-b0d6-413d-8fc5-5a28970c062e: read-only file system
ERROR: logging before google.Init: E0831 01:13:07.265043     132 stager.go:117] Failed to save message for cfc227d5-b0d6-413d-8fc5-5a28970c062e: open /home/dd/.gemini/antigravity-cli/conversations/cfc227d5-b0d6-413d-8fc5-5a28970c062e.c016b642-e1c8-467f-8901-08337196116f.tmp: read-only file system
ERROR: logging before google.Init: E0831 01:13:07.265082     132 errorreport.go:223] open /home/dd/.gemini/antigravity-cli/conversations/cfc227d5-b0d6-413d-8fc5-5a28970c062e.c016b642-e1c8-467f-8901-08337196116f.tmp: read-only file system
ERROR: logging before google.Init: E0831 01:13:07.265454     132 stager.go:117] Failed to save message for cfc227d5-b0d6-413d-8fc5-5a28970c062e: open /home/dd/.gemini/antigravity-cli/conversations/cfc227d5-b0d6-413d-8fc5-5a28970c062e.22f45eaa-c730-4c1a-be2b-e2cd859adcaf.tmp: read-only file system
ERROR: logging before google.Init: E0831 01:13:07.265478     132 errorreport.go:223] open /home/dd/.gemini/antigravity-cli/conversations/cfc227d5-b0d6-413d-8fc5-5a28970c062e.22f45eaa-c730-4c1a-be2b-e2cd859adcaf.tmp: read-only file system
ERROR: logging before google.Init: I0831 01:13:09.556115    1892 http_helpers.go:246] URL: https://daily-cloudcode-pa.googleapis.com/v1internal:streamGenerateContent?alt=sse Trace: 0xa1508d9e33e48c5a ResponseID: BLmUat_MCcX6nsEPnK3bwQs
ERROR: logging before google.Init: E0831 01:13:09.570423     780 errorreport.go:223] mkdir /home/dd/.gemini/antigravity-cli/brain/cfc227d5-b0d6-413d-8fc5-5a28970c062e: read-only file system
ERROR: logging before google.Init: E0831 01:13:09.570745     132 stager.go:117] Failed to save message for cfc227d5-b0d6-413d-8fc5-5a28970c062e: open /home/dd/.gemini/antigravity-cli/conversations/cfc227d5-b0d6-413d-8fc5-5a28970c062e.409df197-4f2d-4704-aec2-32f2e16f1553.tmp: read-only file system
ERROR: logging before google.Init: E0831 01:13:09.570787     132 errorreport.go:223] open /home/dd/.gemini/antigravity-cli/conversations/cfc227d5-b0d6-413d-8fc5-5a28970c062e.409df197-4f2d-4704-aec2-32f2e16f1553.tmp: read-only file system
ERROR: logging before google.Init: E0831 01:13:09.571371    1951 skills.go:166] Failed to parse skill file /home/dd/.gemini/config/plugins/ponytail/skills/ponytail-debt/SKILL.md: failed to parse frontmatter: yaml: line 2: mapping values are not allowed in this context
ERROR: logging before google.Init: E0831 01:13:09.572790    1785 errorreport.go:223] mkdir /home/dd/.gemini/antigravity-cli/brain/cfc227d5-b0d6-413d-8fc5-5a28970c062e: read-only file system
ERROR: logging before google.Init: E0831 01:13:09.573065     132 stager.go:117] Failed to save message for cfc227d5-b0d6-413d-8fc5-5a28970c062e: open /home/dd/.gemini/antigravity-cli/conversations/cfc227d5-b0d6-413d-8fc5-5a28970c062e.b525ef93-ea29-45ee-b7e9-e078a647f3db.tmp: read-only file system
ERROR: logging before google.Init: E0831 01:13:09.573093     132 errorreport.go:223] open /home/dd/.gemini/antigravity-cli/conversations/cfc227d5-b0d6-413d-8fc5-5a28970c062e.b525ef93-ea29-45ee-b7e9-e078a647f3db.tmp: read-only file system
ERROR: logging before google.Init: E0831 01:13:09.573370     132 stager.go:117] Failed to save message for cfc227d5-b0d6-413d-8fc5-5a28970c062e: open /home/dd/.gemini/antigravity-cli/conversations/cfc227d5-b0d6-413d-8fc5-5a28970c062e.40d5bc13-d5b0-4f84-ae72-7644a97ea60a.tmp: read-only file system
ERROR: logging before google.Init: E0831 01:13:09.573393     132 errorreport.go:223] open /home/dd/.gemini/antigravity-cli/conversations/cfc227d5-b0d6-413d-8fc5-5a28970c062e.40d5bc13-d5b0-4f84-ae72-7644a97ea60a.tmp: read-only file system
ERROR: logging before google.Init: I0831 01:13:13.574255    1963 http_helpers.go:246] URL: https://daily-cloudcode-pa.googleapis.com/v1internal:streamGenerateContent?alt=sse Trace: 0xe45a1284951c9498 ResponseID: BrmUaviqBvSUkdUPsbqI4Qw
ERROR: logging before google.Init: E0831 01:13:13.588277     780 errorreport.go:223] mkdir /home/dd/.gemini/antigravity-cli/brain/cfc227d5-b0d6-413d-8fc5-5a28970c062e: read-only file system
ERROR: logging before google.Init: E0831 01:13:13.588644     132 stager.go:117] Failed to save message for cfc227d5-b0d6-413d-8fc5-5a28970c062e: open /home/dd/.gemini/antigravity-cli/conversations/cfc227d5-b0d6-413d-8fc5-5a28970c062e.53e30236-bb04-442d-b187-fb3f2b328199.tmp: read-only file system
ERROR: logging before google.Init: E0831 01:13:13.588692     132 errorreport.go:223] open /home/dd/.gemini/antigravity-cli/conversations/cfc227d5-b0d6-413d-8fc5-5a28970c062e.53e30236-bb04-442d-b187-fb3f2b328199.tmp: read-only file system
ERROR: logging before google.Init: E0831 01:13:13.589289    2074 skills.go:166] Failed to parse skill file /home/dd/.gemini/config/plugins/ponytail/skills/ponytail-debt/SKILL.md: failed to parse frontmatter: yaml: line 2: mapping values are not allowed in this context
ERROR: logging before google.Init: E0831 01:13:13.590910    1990 errorreport.go:223] mkdir /home/dd/.gemini/antigravity-cli/brain/cfc227d5-b0d6-413d-8fc5-5a28970c062e: read-only file system
ERROR: logging before google.Init: E0831 01:13:13.591167     132 stager.go:117] Failed to save message for cfc227d5-b0d6-413d-8fc5-5a28970c062e: open /home/dd/.gemini/antigravity-cli/conversations/cfc227d5-b0d6-413d-8fc5-5a28970c062e.b1cce574-eeb1-4c8d-82c4-8c0c055d37d2.tmp: read-only file system
ERROR: logging before google.Init: E0831 01:13:13.591196     132 errorreport.go:223] open /home/dd/.gemini/antigravity-cli/conversations/cfc227d5-b0d6-413d-8fc5-5a28970c062e.b1cce574-eeb1-4c8d-82c4-8c0c055d37d2.tmp: read-only file system
ERROR: logging before google.Init: E0831 01:13:13.591667     132 stager.go:117] Failed to save message for cfc227d5-b0d6-413d-8fc5-5a28970c062e: open /home/dd/.gemini/antigravity-cli/conversations/cfc227d5-b0d6-413d-8fc5-5a28970c062e.fac596f5-e863-411b-bfad-0844f963c0a1.tmp: read-only file system
ERROR: logging before google.Init: E0831 01:13:13.591694     132 errorreport.go:223] open /home/dd/.gemini/antigravity-cli/conversations/cfc227d5-b0d6-413d-8fc5-5a28970c062e.fac596f5-e863-411b-bfad-0844f963c0a1.tmp: read-only file system
ERROR: logging before google.Init: I0831 01:13:15.369718    2134 http_helpers.go:246] URL: https://daily-cloudcode-pa.googleapis.com/v1internal:streamGenerateContent?alt=sse Trace: 0x5f6be0d29fcae462 ResponseID: CbmUarPPL_ymkdUP9oyauQs
ERROR: logging before google.Init: E0831 01:13:15.382142     780 errorreport.go:223] mkdir /home/dd/.gemini/antigravity-cli/brain/cfc227d5-b0d6-413d-8fc5-5a28970c062e: read-only file system
ERROR: logging before google.Init: E0831 01:13:15.382671     132 stager.go:117] Failed to save message for cfc227d5-b0d6-413d-8fc5-5a28970c062e: open /home/dd/.gemini/antigravity-cli/conversations/cfc227d5-b0d6-413d-8fc5-5a28970c062e.3fe1a923-2286-41fe-b4f8-9bad8a435946.tmp: read-only file system
ERROR: logging before google.Init: E0831 01:13:15.382716     132 errorreport.go:223] open /home/dd/.gemini/antigravity-cli/conversations/cfc227d5-b0d6-413d-8fc5-5a28970c062e.3fe1a923-2286-41fe-b4f8-9bad8a435946.tmp: read-only file system
ERROR: logging before google.Init: E0831 01:13:15.383273    1850 skills.go:166] Failed to parse skill file /home/dd/.gemini/config/plugins/ponytail/skills/ponytail-debt/SKILL.md: failed to parse frontmatter: yaml: line 2: mapping values are not allowed in this context
ERROR: logging before google.Init: E0831 01:13:15.385422    1974 errorreport.go:223] mkdir /home/dd/.gemini/antigravity-cli/brain/cfc227d5-b0d6-413d-8fc5-5a28970c062e: read-only file system
ERROR: logging before google.Init: E0831 01:13:15.385750     132 stager.go:117] Failed to save message for cfc227d5-b0d6-413d-8fc5-5a28970c062e: open /home/dd/.gemini/antigravity-cli/conversations/cfc227d5-b0d6-413d-8fc5-5a28970c062e.d4d2e894-133d-4764-8713-84d0f597d65d.tmp: read-only file system
ERROR: logging before google.Init: E0831 01:13:15.385779     132 errorreport.go:223] open /home/dd/.gemini/antigravity-cli/conversations/cfc227d5-b0d6-413d-8fc5-5a28970c062e.d4d2e894-133d-4764-8713-84d0f597d65d.tmp: read-only file system
ERROR: logging before google.Init: E0831 01:13:15.386045     132 stager.go:117] Failed to save message for cfc227d5-b0d6-413d-8fc5-5a28970c062e: open /home/dd/.gemini/antigravity-cli/conversations/cfc227d5-b0d6-413d-8fc5-5a28970c062e.209cdaad-9323-4fae-a188-5777ad3221ea.tmp: read-only file system
ERROR: logging before google.Init: E0831 01:13:15.386058     132 errorreport.go:223] open /home/dd/.gemini/antigravity-cli/conversations/cfc227d5-b0d6-413d-8fc5-5a28970c062e.209cdaad-9323-4fae-a188-5777ad3221ea.tmp: read-only file system
ERROR: logging before google.Init: I0831 01:13:17.098983    2140 http_helpers.go:246] URL: https://daily-cloudcode-pa.googleapis.com/v1internal:streamGenerateContent?alt=sse Trace: 0x6d7f5ce852ece95e ResponseID: C7mUatOvN_GmkdUP1ZfYwQI
ERROR: logging before google.Init: E0831 01:13:17.109512     780 errorreport.go:223] mkdir /home/dd/.gemini/antigravity-cli/brain/cfc227d5-b0d6-413d-8fc5-5a28970c062e: read-only file system
ERROR: logging before google.Init: E0831 01:13:17.110066     132 stager.go:117] Failed to save message for cfc227d5-b0d6-413d-8fc5-5a28970c062e: open /home/dd/.gemini/antigravity-cli/conversations/cfc227d5-b0d6-413d-8fc5-5a28970c062e.98e619de-ca43-4d91-9f12-01ce34fe722d.tmp: read-only file system
ERROR: logging before google.Init: E0831 01:13:17.110106     132 errorreport.go:223] open /home/dd/.gemini/antigravity-cli/conversations/cfc227d5-b0d6-413d-8fc5-5a28970c062e.98e619de-ca43-4d91-9f12-01ce34fe722d.tmp: read-only file system
ERROR: logging before google.Init: E0831 01:13:17.110623    2127 skills.go:166] Failed to parse skill file /home/dd/.gemini/config/plugins/ponytail/skills/ponytail-debt/SKILL.md: failed to parse frontmatter: yaml: line 2: mapping values are not allowed in this context
ERROR: logging before google.Init: E0831 01:13:17.112246    1910 errorreport.go:223] mkdir /home/dd/.gemini/antigravity-cli/brain/cfc227d5-b0d6-413d-8fc5-5a28970c062e: read-only file system
ERROR: logging before google.Init: E0831 01:13:17.112680     132 stager.go:117] Failed to save message for cfc227d5-b0d6-413d-8fc5-5a28970c062e: open /home/dd/.gemini/antigravity-cli/conversations/cfc227d5-b0d6-413d-8fc5-5a28970c062e.628cfff6-0337-4898-a114-35fa8276d594.tmp: read-only file system
ERROR: logging before google.Init: E0831 01:13:17.112706     132 errorreport.go:223] open /home/dd/.gemini/antigravity-cli/conversations/cfc227d5-b0d6-413d-8fc5-5a28970c062e.628cfff6-0337-4898-a114-35fa8276d594.tmp: read-only file system
ERROR: logging before google.Init: E0831 01:13:17.113036     132 stager.go:117] Failed to save message for cfc227d5-b0d6-413d-8fc5-5a28970c062e: open /home/dd/.gemini/antigravity-cli/conversations/cfc227d5-b0d6-413d-8fc5-5a28970c062e.690ef62a-2684-4d5d-89bf-7d723daf2290.tmp: read-only file system
ERROR: logging before google.Init: E0831 01:13:17.113050     132 errorreport.go:223] open /home/dd/.gemini/antigravity-cli/conversations/cfc227d5-b0d6-413d-8fc5-5a28970c062e.690ef62a-2684-4d5d-89bf-7d723daf2290.tmp: read-only file system
ERROR: logging before google.Init: I0831 01:13:18.696717    2342 http_helpers.go:246] URL: https://daily-cloudcode-pa.googleapis.com/v1internal:streamGenerateContent?alt=sse Trace: 0x3078cc663104435 ResponseID: DbmUaqWrELXpkdUPjIPA2AI
ERROR: logging before google.Init: E0831 01:13:18.714492     780 errorreport.go:223] mkdir /home/dd/.gemini/antigravity-cli/brain/cfc227d5-b0d6-413d-8fc5-5a28970c062e: read-only file system
ERROR: logging before google.Init: E0831 01:13:18.715070     132 stager.go:117] Failed to save message for cfc227d5-b0d6-413d-8fc5-5a28970c062e: open /home/dd/.gemini/antigravity-cli/conversations/cfc227d5-b0d6-413d-8fc5-5a28970c062e.f0be85da-1ff4-4324-8a0f-6b7e8e25622d.tmp: read-only file system
ERROR: logging before google.Init: E0831 01:13:18.715117     132 errorreport.go:223] open /home/dd/.gemini/antigravity-cli/conversations/cfc227d5-b0d6-413d-8fc5-5a28970c062e.f0be85da-1ff4-4324-8a0f-6b7e8e25622d.tmp: read-only file system
ERROR: logging before google.Init: E0831 01:13:18.715658    2419 skills.go:166] Failed to parse skill file /home/dd/.gemini/config/plugins/ponytail/skills/ponytail-debt/SKILL.md: failed to parse frontmatter: yaml: line 2: mapping values are not allowed in this context
ERROR: logging before google.Init: E0831 01:13:18.718151    2160 errorreport.go:223] mkdir /home/dd/.gemini/antigravity-cli/brain/cfc227d5-b0d6-413d-8fc5-5a28970c062e: read-only file system
ERROR: logging before google.Init: E0831 01:13:18.719649     132 stager.go:117] Failed to save message for cfc227d5-b0d6-413d-8fc5-5a28970c062e: open /home/dd/.gemini/antigravity-cli/conversations/cfc227d5-b0d6-413d-8fc5-5a28970c062e.a1e48b12-3b55-4429-acd8-5f236dc563bd.tmp: read-only file system
ERROR: logging before google.Init: E0831 01:13:18.719687     132 errorreport.go:223] open /home/dd/.gemini/antigravity-cli/conversations/cfc227d5-b0d6-413d-8fc5-5a28970c062e.a1e48b12-3b55-4429-acd8-5f236dc563bd.tmp: read-only file system
ERROR: logging before google.Init: E0831 01:13:18.720074     132 stager.go:117] Failed to save message for cfc227d5-b0d6-413d-8fc5-5a28970c062e: open /home/dd/.gemini/antigravity-cli/conversations/cfc227d5-b0d6-413d-8fc5-5a28970c062e.26c49ef0-3792-46df-98eb-e93bdecdf119.tmp: read-only file system
ERROR: logging before google.Init: E0831 01:13:18.720091     132 errorreport.go:223] open /home/dd/.gemini/antigravity-cli/conversations/cfc227d5-b0d6-413d-8fc5-5a28970c062e.26c49ef0-3792-46df-98eb-e93bdecdf119.tmp: read-only file system
ERROR: logging before google.Init: I0831 01:13:20.488512    2231 http_helpers.go:246] URL: https://daily-cloudcode-pa.googleapis.com/v1internal:streamGenerateContent?alt=sse Trace: 0x12314502435fe4f2 ResponseID: D7mUaqK5DMrq7M8P553Q0QI
ERROR: logging before google.Init: E0831 01:13:20.501370     780 errorreport.go:223] mkdir /home/dd/.gemini/antigravity-cli/brain/cfc227d5-b0d6-413d-8fc5-5a28970c062e: read-only file system
ERROR: logging before google.Init: E0831 01:13:20.501983     132 stager.go:117] Failed to save message for cfc227d5-b0d6-413d-8fc5-5a28970c062e: open /home/dd/.gemini/antigravity-cli/conversations/cfc227d5-b0d6-413d-8fc5-5a28970c062e.a1c43487-0fda-4893-bae2-1ec121ab1d4e.tmp: read-only file system
ERROR: logging before google.Init: E0831 01:13:20.502032     132 errorreport.go:223] open /home/dd/.gemini/antigravity-cli/conversations/cfc227d5-b0d6-413d-8fc5-5a28970c062e.a1c43487-0fda-4893-bae2-1ec121ab1d4e.tmp: read-only file system
ERROR: logging before google.Init: E0831 01:13:20.502412    2297 skills.go:166] Failed to parse skill file /home/dd/.gemini/config/plugins/ponytail/skills/ponytail-debt/SKILL.md: failed to parse frontmatter: yaml: line 2: mapping values are not allowed in this context
ERROR: logging before google.Init: E0831 01:13:20.504073    2389 errorreport.go:223] mkdir /home/dd/.gemini/antigravity-cli/brain/cfc227d5-b0d6-413d-8fc5-5a28970c062e: read-only file system
ERROR: logging before google.Init: E0831 01:13:20.504469     132 stager.go:117] Failed to save message for cfc227d5-b0d6-413d-8fc5-5a28970c062e: open /home/dd/.gemini/antigravity-cli/conversations/cfc227d5-b0d6-413d-8fc5-5a28970c062e.786e44c9-0698-4cbd-b498-507880400d19.tmp: read-only file system
ERROR: logging before google.Init: E0831 01:13:20.504501     132 errorreport.go:223] open /home/dd/.gemini/antigravity-cli/conversations/cfc227d5-b0d6-413d-8fc5-5a28970c062e.786e44c9-0698-4cbd-b498-507880400d19.tmp: read-only file system
ERROR: logging before google.Init: E0831 01:13:20.504805     132 stager.go:117] Failed to save message for cfc227d5-b0d6-413d-8fc5-5a28970c062e: open /home/dd/.gemini/antigravity-cli/conversations/cfc227d5-b0d6-413d-8fc5-5a28970c062e.99950f6a-8f80-4d75-aa3d-e5e94b01009d.tmp: read-only file system
ERROR: logging before google.Init: E0831 01:13:20.504819     132 errorreport.go:223] open /home/dd/.gemini/antigravity-cli/conversations/cfc227d5-b0d6-413d-8fc5-5a28970c062e.99950f6a-8f80-4d75-aa3d-e5e94b01009d.tmp: read-only file system
ERROR: logging before google.Init: I0831 01:13:22.276598    2546 http_helpers.go:246] URL: https://daily-cloudcode-pa.googleapis.com/v1internal:streamGenerateContent?alt=sse Trace: 0x9abd7aaf532d4d09 ResponseID: EbmUao-9AfymkdUP9oyauQs
ERROR: logging before google.Init: E0831 01:13:22.291093     780 errorreport.go:223] mkdir /home/dd/.gemini/antigravity-cli/brain/cfc227d5-b0d6-413d-8fc5-5a28970c062e: read-only file system
ERROR: logging before google.Init: E0831 01:13:22.291519     132 stager.go:117] Failed to save message for cfc227d5-b0d6-413d-8fc5-5a28970c062e: open /home/dd/.gemini/antigravity-cli/conversations/cfc227d5-b0d6-413d-8fc5-5a28970c062e.4a65218a-9aa8-42a2-9482-d0eeea1bd60a.tmp: read-only file system
ERROR: logging before google.Init: E0831 01:13:22.291559     132 errorreport.go:223] open /home/dd/.gemini/antigravity-cli/conversations/cfc227d5-b0d6-413d-8fc5-5a28970c062e.4a65218a-9aa8-42a2-9482-d0eeea1bd60a.tmp: read-only file system
ERROR: logging before google.Init: E0831 01:13:22.291993    2600 skills.go:166] Failed to parse skill file /home/dd/.gemini/config/plugins/ponytail/skills/ponytail-debt/SKILL.md: failed to parse frontmatter: yaml: line 2: mapping values are not allowed in this context
ERROR: logging before google.Init: E0831 01:13:22.293718    2488 errorreport.go:223] mkdir /home/dd/.gemini/antigravity-cli/brain/cfc227d5-b0d6-413d-8fc5-5a28970c062e: read-only file system
ERROR: logging before google.Init: E0831 01:13:22.294156     132 stager.go:117] Failed to save message for cfc227d5-b0d6-413d-8fc5-5a28970c062e: open /home/dd/.gemini/antigravity-cli/conversations/cfc227d5-b0d6-413d-8fc5-5a28970c062e.ba890e4c-34d3-4137-a0c3-2b6b55cdaae5.tmp: read-only file system
ERROR: logging before google.Init: E0831 01:13:22.294186     132 errorreport.go:223] open /home/dd/.gemini/antigravity-cli/conversations/cfc227d5-b0d6-413d-8fc5-5a28970c062e.ba890e4c-34d3-4137-a0c3-2b6b55cdaae5.tmp: read-only file system
ERROR: logging before google.Init: E0831 01:13:22.294613     132 stager.go:117] Failed to save message for cfc227d5-b0d6-413d-8fc5-5a28970c062e: open /home/dd/.gemini/antigravity-cli/conversations/cfc227d5-b0d6-413d-8fc5-5a28970c062e.bfbd3ca4-4dbc-455b-a395-12c18bd5b6e7.tmp: read-only file system
ERROR: logging before google.Init: E0831 01:13:22.294633     132 errorreport.go:223] open /home/dd/.gemini/antigravity-cli/conversations/cfc227d5-b0d6-413d-8fc5-5a28970c062e.bfbd3ca4-4dbc-455b-a395-12c18bd5b6e7.tmp: read-only file system
ERROR: logging before google.Init: I0831 01:13:23.814178    2649 http_helpers.go:246] URL: https://daily-cloudcode-pa.googleapis.com/v1internal:streamGenerateContent?alt=sse Trace: 0xf170d7efe1d65097 ResponseID: ErmUasKeHOy0kdUPguup8AI
ERROR: logging before google.Init: E0831 01:13:23.825709     780 errorreport.go:223] mkdir /home/dd/.gemini/antigravity-cli/brain/cfc227d5-b0d6-413d-8fc5-5a28970c062e: read-only file system
ERROR: logging before google.Init: E0831 01:13:23.826196     132 stager.go:117] Failed to save message for cfc227d5-b0d6-413d-8fc5-5a28970c062e: open /home/dd/.gemini/antigravity-cli/conversations/cfc227d5-b0d6-413d-8fc5-5a28970c062e.d3acfd5c-2658-4e23-8cf1-e375b2857910.tmp: read-only file system
ERROR: logging before google.Init: E0831 01:13:23.826235     132 errorreport.go:223] open /home/dd/.gemini/antigravity-cli/conversations/cfc227d5-b0d6-413d-8fc5-5a28970c062e.d3acfd5c-2658-4e23-8cf1-e375b2857910.tmp: read-only file system
ERROR: logging before google.Init: E0831 01:13:23.826712    2493 skills.go:166] Failed to parse skill file /home/dd/.gemini/config/plugins/ponytail/skills/ponytail-debt/SKILL.md: failed to parse frontmatter: yaml: line 2: mapping values are not allowed in this context
ERROR: logging before google.Init: E0831 01:13:23.830253    2674 errorreport.go:223] mkdir /home/dd/.gemini/antigravity-cli/brain/cfc227d5-b0d6-413d-8fc5-5a28970c062e: read-only file system
ERROR: logging before google.Init: E0831 01:13:23.830957     132 stager.go:117] Failed to save message for cfc227d5-b0d6-413d-8fc5-5a28970c062e: open /home/dd/.gemini/antigravity-cli/conversations/cfc227d5-b0d6-413d-8fc5-5a28970c062e.71fca26b-b856-42cb-a163-81df78368b1c.tmp: read-only file system
ERROR: logging before google.Init: E0831 01:13:23.831025     132 errorreport.go:223] open /home/dd/.gemini/antigravity-cli/conversations/cfc227d5-b0d6-413d-8fc5-5a28970c062e.71fca26b-b856-42cb-a163-81df78368b1c.tmp: read-only file system
ERROR: logging before google.Init: E0831 01:13:23.831685     132 stager.go:117] Failed to save message for cfc227d5-b0d6-413d-8fc5-5a28970c062e: open /home/dd/.gemini/antigravity-cli/conversations/cfc227d5-b0d6-413d-8fc5-5a28970c062e.65bcd6a0-b713-458c-9fcf-1bc65473410b.tmp: read-only file system
ERROR: logging before google.Init: E0831 01:13:23.831706     132 errorreport.go:223] open /home/dd/.gemini/antigravity-cli/conversations/cfc227d5-b0d6-413d-8fc5-5a28970c062e.65bcd6a0-b713-458c-9fcf-1bc65473410b.tmp: read-only file system
ERROR: logging before google.Init: I0831 01:13:25.214031    2762 http_helpers.go:246] URL: https://daily-cloudcode-pa.googleapis.com/v1internal:streamGenerateContent?alt=sse Trace: 0x37ee90c64d3f1bf1 ResponseID: FLmUatDdAaiBkdUP9rro8Aw
ERROR: logging before google.Init: E0831 01:13:25.227281     780 errorreport.go:223] mkdir /home/dd/.gemini/antigravity-cli/brain/cfc227d5-b0d6-413d-8fc5-5a28970c062e: read-only file system
ERROR: logging before google.Init: E0831 01:13:25.227716     132 stager.go:117] Failed to save message for cfc227d5-b0d6-413d-8fc5-5a28970c062e: open /home/dd/.gemini/antigravity-cli/conversations/cfc227d5-b0d6-413d-8fc5-5a28970c062e.cbdd4a88-b38c-47ec-97f4-ccc1f6972d1e.tmp: read-only file system
ERROR: logging before google.Init: E0831 01:13:25.227744     132 errorreport.go:223] open /home/dd/.gemini/antigravity-cli/conversations/cfc227d5-b0d6-413d-8fc5-5a28970c062e.cbdd4a88-b38c-47ec-97f4-ccc1f6972d1e.tmp: read-only file system
ERROR: logging before google.Init: E0831 01:13:25.228327    2543 skills.go:166] Failed to parse skill file /home/dd/.gemini/config/plugins/ponytail/skills/ponytail-debt/SKILL.md: failed to parse frontmatter: yaml: line 2: mapping values are not allowed in this context
ERROR: logging before google.Init: E0831 01:13:25.230435    2304 errorreport.go:223] mkdir /home/dd/.gemini/antigravity-cli/brain/cfc227d5-b0d6-413d-8fc5-5a28970c062e: read-only file system
ERROR: logging before google.Init: E0831 01:13:25.230908     132 stager.go:117] Failed to save message for cfc227d5-b0d6-413d-8fc5-5a28970c062e: open /home/dd/.gemini/antigravity-cli/conversations/cfc227d5-b0d6-413d-8fc5-5a28970c062e.449673a0-fa18-4a36-8752-52ce191a12d7.tmp: read-only file system
ERROR: logging before google.Init: E0831 01:13:25.230941     132 errorreport.go:223] open /home/dd/.gemini/antigravity-cli/conversations/cfc227d5-b0d6-413d-8fc5-5a28970c062e.449673a0-fa18-4a36-8752-52ce191a12d7.tmp: read-only file system
ERROR: logging before google.Init: E0831 01:13:25.231351     132 stager.go:117] Failed to save message for cfc227d5-b0d6-413d-8fc5-5a28970c062e: open /home/dd/.gemini/antigravity-cli/conversations/cfc227d5-b0d6-413d-8fc5-5a28970c062e.960b35f5-eda9-4f0f-8bbf-d7533b10c976.tmp: read-only file system
ERROR: logging before google.Init: E0831 01:13:25.231370     132 errorreport.go:223] open /home/dd/.gemini/antigravity-cli/conversations/cfc227d5-b0d6-413d-8fc5-5a28970c062e.960b35f5-eda9-4f0f-8bbf-d7533b10c976.tmp: read-only file system
ERROR: logging before google.Init: I0831 01:13:27.454441    2703 http_helpers.go:246] URL: https://daily-cloudcode-pa.googleapis.com/v1internal:streamGenerateContent?alt=sse Trace: 0x7102c71d3b26dc14 ResponseID: FbmUarWjHtCE7M8P6YOD0AI
ERROR: logging before google.Init: E0831 01:13:27.468793     780 errorreport.go:223] mkdir /home/dd/.gemini/antigravity-cli/brain/cfc227d5-b0d6-413d-8fc5-5a28970c062e: read-only file system
ERROR: logging before google.Init: E0831 01:13:27.469272     132 stager.go:117] Failed to save message for cfc227d5-b0d6-413d-8fc5-5a28970c062e: open /home/dd/.gemini/antigravity-cli/conversations/cfc227d5-b0d6-413d-8fc5-5a28970c062e.2b554390-c3b7-42f1-bc04-7fe0a31e6f20.tmp: read-only file system
ERROR: logging before google.Init: E0831 01:13:27.469318     132 errorreport.go:223] open /home/dd/.gemini/antigravity-cli/conversations/cfc227d5-b0d6-413d-8fc5-5a28970c062e.2b554390-c3b7-42f1-bc04-7fe0a31e6f20.tmp: read-only file system
ERROR: logging before google.Init: E0831 01:13:27.469702    2784 skills.go:166] Failed to parse skill file /home/dd/.gemini/config/plugins/ponytail/skills/ponytail-debt/SKILL.md: failed to parse frontmatter: yaml: line 2: mapping values are not allowed in this context
ERROR: logging before google.Init: E0831 01:13:27.471000    2653 errorreport.go:223] mkdir /home/dd/.gemini/antigravity-cli/brain/cfc227d5-b0d6-413d-8fc5-5a28970c062e: read-only file system
ERROR: logging before google.Init: E0831 01:13:27.471513     132 stager.go:117] Failed to save message for cfc227d5-b0d6-413d-8fc5-5a28970c062e: open /home/dd/.gemini/antigravity-cli/conversations/cfc227d5-b0d6-413d-8fc5-5a28970c062e.b57601fd-bf92-4e2a-9b4e-e13cd6b51a41.tmp: read-only file system
ERROR: logging before google.Init: E0831 01:13:27.471544     132 errorreport.go:223] open /home/dd/.gemini/antigravity-cli/conversations/cfc227d5-b0d6-413d-8fc5-5a28970c062e.b57601fd-bf92-4e2a-9b4e-e13cd6b51a41.tmp: read-only file system
ERROR: logging before google.Init: E0831 01:13:27.471993     132 stager.go:117] Failed to save message for cfc227d5-b0d6-413d-8fc5-5a28970c062e: open /home/dd/.gemini/antigravity-cli/conversations/cfc227d5-b0d6-413d-8fc5-5a28970c062e.f9a219bb-ee14-4e98-b6dc-41900f2ae016.tmp: read-only file system
ERROR: logging before google.Init: E0831 01:13:27.472011     132 errorreport.go:223] open /home/dd/.gemini/antigravity-cli/conversations/cfc227d5-b0d6-413d-8fc5-5a28970c062e.f9a219bb-ee14-4e98-b6dc-41900f2ae016.tmp: read-only file system
ERROR: logging before google.Init: I0831 01:13:28.800300    2859 http_helpers.go:246] URL: https://daily-cloudcode-pa.googleapis.com/v1internal:streamGenerateContent?alt=sse Trace: 0x65ff11d2f5e43996 ResponseID: F7mUarWDJ-jn7M8Pg7n-iAk
ERROR: logging before google.Init: E0831 01:13:28.811621     780 errorreport.go:223] mkdir /home/dd/.gemini/antigravity-cli/brain/cfc227d5-b0d6-413d-8fc5-5a28970c062e: read-only file system
ERROR: logging before google.Init: E0831 01:13:28.812389     132 stager.go:117] Failed to save message for cfc227d5-b0d6-413d-8fc5-5a28970c062e: open /home/dd/.gemini/antigravity-cli/conversations/cfc227d5-b0d6-413d-8fc5-5a28970c062e.27a9498e-3dcf-4564-81d1-8157210bdd5f.tmp: read-only file system
ERROR: logging before google.Init: E0831 01:13:28.812461     132 errorreport.go:223] open /home/dd/.gemini/antigravity-cli/conversations/cfc227d5-b0d6-413d-8fc5-5a28970c062e.27a9498e-3dcf-4564-81d1-8157210bdd5f.tmp: read-only file system
ERROR: logging before google.Init: E0831 01:13:28.812424    3058 skills.go:166] Failed to parse skill file /home/dd/.gemini/config/plugins/ponytail/skills/ponytail-debt/SKILL.md: failed to parse frontmatter: yaml: line 2: mapping values are not allowed in this context
ERROR: logging before google.Init: E0831 01:13:28.813819    2861 errorreport.go:223] mkdir /home/dd/.gemini/antigravity-cli/brain/cfc227d5-b0d6-413d-8fc5-5a28970c062e: read-only file system
ERROR: logging before google.Init: E0831 01:13:28.814219     132 stager.go:117] Failed to save message for cfc227d5-b0d6-413d-8fc5-5a28970c062e: open /home/dd/.gemini/antigravity-cli/conversations/cfc227d5-b0d6-413d-8fc5-5a28970c062e.dd17ee76-ca8b-45fd-b128-3e60e5219ebb.tmp: read-only file system
ERROR: logging before google.Init: E0831 01:13:28.814242     132 errorreport.go:223] open /home/dd/.gemini/antigravity-cli/conversations/cfc227d5-b0d6-413d-8fc5-5a28970c062e.dd17ee76-ca8b-45fd-b128-3e60e5219ebb.tmp: read-only file system
ERROR: logging before google.Init: E0831 01:13:28.814608     132 stager.go:117] Failed to save message for cfc227d5-b0d6-413d-8fc5-5a28970c062e: open /home/dd/.gemini/antigravity-cli/conversations/cfc227d5-b0d6-413d-8fc5-5a28970c062e.96282621-28b9-4b55-bb10-faa1237da3f8.tmp: read-only file system
ERROR: logging before google.Init: E0831 01:13:28.814621     132 errorreport.go:223] open /home/dd/.gemini/antigravity-cli/conversations/cfc227d5-b0d6-413d-8fc5-5a28970c062e.96282621-28b9-4b55-bb10-faa1237da3f8.tmp: read-only file system
ERROR: logging before google.Init: I0831 01:13:30.413696    3024 http_helpers.go:246] URL: https://daily-cloudcode-pa.googleapis.com/v1internal:streamGenerateContent?alt=sse Trace: 0x404143edb1ab7e1a ResponseID: GbmUasjzFJ-VnsEPzKfxEQ
ERROR: logging before google.Init: E0831 01:13:30.425209     780 errorreport.go:223] mkdir /home/dd/.gemini/antigravity-cli/brain/cfc227d5-b0d6-413d-8fc5-5a28970c062e: read-only file system
ERROR: logging before google.Init: E0831 01:13:30.425706     132 stager.go:117] Failed to save message for cfc227d5-b0d6-413d-8fc5-5a28970c062e: open /home/dd/.gemini/antigravity-cli/conversations/cfc227d5-b0d6-413d-8fc5-5a28970c062e.9c4d9ab9-1485-4715-a850-098356a77a67.tmp: read-only file system
ERROR: logging before google.Init: E0831 01:13:30.425742     132 errorreport.go:223] open /home/dd/.gemini/antigravity-cli/conversations/cfc227d5-b0d6-413d-8fc5-5a28970c062e.9c4d9ab9-1485-4715-a850-098356a77a67.tmp: read-only file system
ERROR: logging before google.Init: E0831 01:13:30.426087    3110 skills.go:166] Failed to parse skill file /home/dd/.gemini/config/plugins/ponytail/skills/ponytail-debt/SKILL.md: failed to parse frontmatter: yaml: line 2: mapping values are not allowed in this context
ERROR: logging before google.Init: E0831 01:13:30.427495    2905 errorreport.go:223] mkdir /home/dd/.gemini/antigravity-cli/brain/cfc227d5-b0d6-413d-8fc5-5a28970c062e: read-only file system
ERROR: logging before google.Init: E0831 01:13:30.428072     132 stager.go:117] Failed to save message for cfc227d5-b0d6-413d-8fc5-5a28970c062e: open /home/dd/.gemini/antigravity-cli/conversations/cfc227d5-b0d6-413d-8fc5-5a28970c062e.406a9212-00ef-40d3-9e89-e59134c1ec21.tmp: read-only file system
ERROR: logging before google.Init: E0831 01:13:30.428110     132 errorreport.go:223] open /home/dd/.gemini/antigravity-cli/conversations/cfc227d5-b0d6-413d-8fc5-5a28970c062e.406a9212-00ef-40d3-9e89-e59134c1ec21.tmp: read-only file system
ERROR: logging before google.Init: E0831 01:13:30.428511     132 stager.go:117] Failed to save message for cfc227d5-b0d6-413d-8fc5-5a28970c062e: open /home/dd/.gemini/antigravity-cli/conversations/cfc227d5-b0d6-413d-8fc5-5a28970c062e.3f169362-5fe0-4195-b8e2-f2276de77978.tmp: read-only file system
ERROR: logging before google.Init: E0831 01:13:30.428530     132 errorreport.go:223] open /home/dd/.gemini/antigravity-cli/conversations/cfc227d5-b0d6-413d-8fc5-5a28970c062e.3f169362-5fe0-4195-b8e2-f2276de77978.tmp: read-only file system
ERROR: logging before google.Init: I0831 01:13:31.952614    3005 http_helpers.go:246] URL: https://daily-cloudcode-pa.googleapis.com/v1internal:streamGenerateContent?alt=sse Trace: 0xc6a087b3032ddad ResponseID: GrmUarmfMs2xnsEPmILjgQ0
ERROR: logging before google.Init: E0831 01:13:31.968254     780 errorreport.go:223] mkdir /home/dd/.gemini/antigravity-cli/brain/cfc227d5-b0d6-413d-8fc5-5a28970c062e: read-only file system
ERROR: logging before google.Init: E0831 01:13:31.969057     132 stager.go:117] Failed to save message for cfc227d5-b0d6-413d-8fc5-5a28970c062e: open /home/dd/.gemini/antigravity-cli/conversations/cfc227d5-b0d6-413d-8fc5-5a28970c062e.aa7d03c3-083e-44f3-b91c-d50415477d89.tmp: read-only file system
ERROR: logging before google.Init: E0831 01:13:31.969108     132 errorreport.go:223] open /home/dd/.gemini/antigravity-cli/conversations/cfc227d5-b0d6-413d-8fc5-5a28970c062e.aa7d03c3-083e-44f3-b91c-d50415477d89.tmp: read-only file system
ERROR: logging before google.Init: W0831 01:13:31.969342    3148 output_truncation.go:115] output truncation: failed to create output file: mkdir /home/dd/.gemini/antigravity-cli/brain/cfc227d5-b0d6-413d-8fc5-5a28970c062e: read-only file system
ERROR: logging before google.Init: E0831 01:13:31.973409    3148 errorreport.go:223] mkdir /home/dd/.gemini/antigravity-cli/brain/cfc227d5-b0d6-413d-8fc5-5a28970c062e: read-only file system
ERROR: logging before google.Init: E0831 01:13:31.974002     132 stager.go:117] Failed to save message for cfc227d5-b0d6-413d-8fc5-5a28970c062e: open /home/dd/.gemini/antigravity-cli/conversations/cfc227d5-b0d6-413d-8fc5-5a28970c062e.022dcc30-594c-44f3-b132-be670ecc81d9.tmp: read-only file system
ERROR: logging before google.Init: E0831 01:13:31.974038     132 errorreport.go:223] open /home/dd/.gemini/antigravity-cli/conversations/cfc227d5-b0d6-413d-8fc5-5a28970c062e.022dcc30-594c-44f3-b132-be670ecc81d9.tmp: read-only file system
ERROR: logging before google.Init: E0831 01:13:31.974678     132 stager.go:117] Failed to save message for cfc227d5-b0d6-413d-8fc5-5a28970c062e: open /home/dd/.gemini/antigravity-cli/conversations/cfc227d5-b0d6-413d-8fc5-5a28970c062e.a939bd58-f8ba-4c36-ade2-8321fd608738.tmp: read-only file system
ERROR: logging before google.Init: E0831 01:13:31.974699     132 errorreport.go:223] open /home/dd/.gemini/antigravity-cli/conversations/cfc227d5-b0d6-413d-8fc5-5a28970c062e.a939bd58-f8ba-4c36-ade2-8321fd608738.tmp: read-only file system
ERROR: logging before google.Init: I0831 01:13:33.293051     503 http_helpers.go:246] URL: https://daily-cloudcode-pa.googleapis.com/v1internal:streamGenerateContent?alt=sse Trace: 0x9a76e2a92b5cdf0c ResponseID: HLmUapG2CZPFnsEP772W-Aw
ERROR: logging before google.Init: E0831 01:13:33.309955     780 errorreport.go:223] mkdir /home/dd/.gemini/antigravity-cli/brain/cfc227d5-b0d6-413d-8fc5-5a28970c062e: read-only file system
ERROR: logging before google.Init: W0831 01:13:33.310355    3081 output_truncation.go:115] output truncation: failed to create output file: mkdir /home/dd/.gemini/antigravity-cli/brain/cfc227d5-b0d6-413d-8fc5-5a28970c062e: read-only file system
ERROR: logging before google.Init: E0831 01:13:33.310434    3081 errorreport.go:223] mkdir /home/dd/.gemini/antigravity-cli/brain/cfc227d5-b0d6-413d-8fc5-5a28970c062e: read-only file system
ERROR: logging before google.Init: E0831 01:13:33.310837     132 stager.go:117] Failed to save message for cfc227d5-b0d6-413d-8fc5-5a28970c062e: open /home/dd/.gemini/antigravity-cli/conversations/cfc227d5-b0d6-413d-8fc5-5a28970c062e.5420d2be-883f-481d-a7c1-bd1cda8287a0.tmp: read-only file system
ERROR: logging before google.Init: E0831 01:13:33.310884     132 errorreport.go:223] open /home/dd/.gemini/antigravity-cli/conversations/cfc227d5-b0d6-413d-8fc5-5a28970c062e.5420d2be-883f-481d-a7c1-bd1cda8287a0.tmp: read-only file system
ERROR: logging before google.Init: E0831 01:13:33.311569     132 stager.go:117] Failed to save message for cfc227d5-b0d6-413d-8fc5-5a28970c062e: open /home/dd/.gemini/antigravity-cli/conversations/cfc227d5-b0d6-413d-8fc5-5a28970c062e.e0783b4f-3747-4dd7-9a4f-90d57175b05e.tmp: read-only file system
ERROR: logging before google.Init: E0831 01:13:33.311600     132 errorreport.go:223] open /home/dd/.gemini/antigravity-cli/conversations/cfc227d5-b0d6-413d-8fc5-5a28970c062e.e0783b4f-3747-4dd7-9a4f-90d57175b05e.tmp: read-only file system
ERROR: logging before google.Init: I0831 01:13:34.710973    3234 http_helpers.go:246] URL: https://daily-cloudcode-pa.googleapis.com/v1internal:streamGenerateContent?alt=sse Trace: 0x573e09ad0b4aa2fa ResponseID: HbmUapDOJrXpkdUP_oTA2AI
ERROR: logging before google.Init: E0831 01:13:34.835558     780 errorreport.go:223] mkdir /home/dd/.gemini/antigravity-cli/brain/cfc227d5-b0d6-413d-8fc5-5a28970c062e: read-only file system
ERROR: logging before google.Init: E0831 01:13:34.836179     132 stager.go:117] Failed to save message for cfc227d5-b0d6-413d-8fc5-5a28970c062e: open /home/dd/.gemini/antigravity-cli/conversations/cfc227d5-b0d6-413d-8fc5-5a28970c062e.b7509795-9c85-4e96-810c-0c325171dab5.tmp: read-only file system
ERROR: logging before google.Init: E0831 01:13:34.836219     132 errorreport.go:223] open /home/dd/.gemini/antigravity-cli/conversations/cfc227d5-b0d6-413d-8fc5-5a28970c062e.b7509795-9c85-4e96-810c-0c325171dab5.tmp: read-only file system
ERROR: logging before google.Init: E0831 01:13:34.836660    3227 skills.go:166] Failed to parse skill file /home/dd/.gemini/config/plugins/ponytail/skills/ponytail-debt/SKILL.md: failed to parse frontmatter: yaml: line 2: mapping values are not allowed in this context
ERROR: logging before google.Init: E0831 01:13:34.838283    2428 errorreport.go:223] mkdir /home/dd/.gemini/antigravity-cli/brain/cfc227d5-b0d6-413d-8fc5-5a28970c062e: read-only file system
ERROR: logging before google.Init: E0831 01:13:34.838852     132 stager.go:117] Failed to save message for cfc227d5-b0d6-413d-8fc5-5a28970c062e: open /home/dd/.gemini/antigravity-cli/conversations/cfc227d5-b0d6-413d-8fc5-5a28970c062e.992cf6a1-038e-4c79-a89f-2972e09a90e9.tmp: read-only file system
ERROR: logging before google.Init: E0831 01:13:34.838883     132 errorreport.go:223] open /home/dd/.gemini/antigravity-cli/conversations/cfc227d5-b0d6-413d-8fc5-5a28970c062e.992cf6a1-038e-4c79-a89f-2972e09a90e9.tmp: read-only file system
ERROR: logging before google.Init: E0831 01:13:34.839358     132 stager.go:117] Failed to save message for cfc227d5-b0d6-413d-8fc5-5a28970c062e: open /home/dd/.gemini/antigravity-cli/conversations/cfc227d5-b0d6-413d-8fc5-5a28970c062e.55fb0233-9b6a-4bd0-a1d8-17911df937f5.tmp: read-only file system
ERROR: logging before google.Init: E0831 01:13:34.839372     132 errorreport.go:223] open /home/dd/.gemini/antigravity-cli/conversations/cfc227d5-b0d6-413d-8fc5-5a28970c062e.55fb0233-9b6a-4bd0-a1d8-17911df937f5.tmp: read-only file system
ERROR: logging before google.Init: I0831 01:13:36.178691    3336 http_helpers.go:246] URL: https://daily-cloudcode-pa.googleapis.com/v1internal:streamGenerateContent?alt=sse Trace: 0xca86b8497f395f79 ResponseID: H7mUasBAtKWR1Q_tiumACQ
ERROR: logging before google.Init: E0831 01:13:36.191538     780 errorreport.go:223] mkdir /home/dd/.gemini/antigravity-cli/brain/cfc227d5-b0d6-413d-8fc5-5a28970c062e: read-only file system
ERROR: logging before google.Init: E0831 01:13:36.192180     132 stager.go:117] Failed to save message for cfc227d5-b0d6-413d-8fc5-5a28970c062e: open /home/dd/.gemini/antigravity-cli/conversations/cfc227d5-b0d6-413d-8fc5-5a28970c062e.f66f4080-fb08-40ce-bb35-68f49ce02dea.tmp: read-only file system
ERROR: logging before google.Init: E0831 01:13:36.192217     132 errorreport.go:223] open /home/dd/.gemini/antigravity-cli/conversations/cfc227d5-b0d6-413d-8fc5-5a28970c062e.f66f4080-fb08-40ce-bb35-68f49ce02dea.tmp: read-only file system
ERROR: logging before google.Init: E0831 01:13:36.192635    3168 skills.go:166] Failed to parse skill file /home/dd/.gemini/config/plugins/ponytail/skills/ponytail-debt/SKILL.md: failed to parse frontmatter: yaml: line 2: mapping values are not allowed in this context
ERROR: logging before google.Init: E0831 01:13:36.194189    2617 errorreport.go:223] mkdir /home/dd/.gemini/antigravity-cli/brain/cfc227d5-b0d6-413d-8fc5-5a28970c062e: read-only file system
ERROR: logging before google.Init: E0831 01:13:36.195258     132 stager.go:117] Failed to save message for cfc227d5-b0d6-413d-8fc5-5a28970c062e: open /home/dd/.gemini/antigravity-cli/conversations/cfc227d5-b0d6-413d-8fc5-5a28970c062e.6bfb0fa0-dd18-4310-8f6d-e2963585bc81.tmp: read-only file system
ERROR: logging before google.Init: E0831 01:13:36.195318     132 errorreport.go:223] open /home/dd/.gemini/antigravity-cli/conversations/cfc227d5-b0d6-413d-8fc5-5a28970c062e.6bfb0fa0-dd18-4310-8f6d-e2963585bc81.tmp: read-only file system
ERROR: logging before google.Init: E0831 01:13:36.196271     132 stager.go:117] Failed to save message for cfc227d5-b0d6-413d-8fc5-5a28970c062e: open /home/dd/.gemini/antigravity-cli/conversations/cfc227d5-b0d6-413d-8fc5-5a28970c062e.5836a615-1558-4096-9c10-b70138424134.tmp: read-only file system
ERROR: logging before google.Init: E0831 01:13:36.196312     132 errorreport.go:223] open /home/dd/.gemini/antigravity-cli/conversations/cfc227d5-b0d6-413d-8fc5-5a28970c062e.5836a615-1558-4096-9c10-b70138424134.tmp: read-only file system
ERROR: logging before google.Init: I0831 01:13:39.952934    3448 http_helpers.go:246] URL: https://daily-cloudcode-pa.googleapis.com/v1internal:streamGenerateContent?alt=sse Trace: 0x58d0b7c5791a4832 ResponseID: ILmUasqwJOKYkdUPsoDzmQ0
ERROR: logging before google.Init: E0831 01:13:39.964656     780 errorreport.go:223] mkdir /home/dd/.gemini/antigravity-cli/brain/cfc227d5-b0d6-413d-8fc5-5a28970c062e: read-only file system
ERROR: logging before google.Init: E0831 01:13:39.965282     132 stager.go:117] Failed to save message for cfc227d5-b0d6-413d-8fc5-5a28970c062e: open /home/dd/.gemini/antigravity-cli/conversations/cfc227d5-b0d6-413d-8fc5-5a28970c062e.52c64279-4ec7-42e9-be44-d3370da141d0.tmp: read-only file system
ERROR: logging before google.Init: E0831 01:13:39.965335     132 errorreport.go:223] open /home/dd/.gemini/antigravity-cli/conversations/cfc227d5-b0d6-413d-8fc5-5a28970c062e.52c64279-4ec7-42e9-be44-d3370da141d0.tmp: read-only file system
ERROR: logging before google.Init: E0831 01:13:39.965676    3473 skills.go:166] Failed to parse skill file /home/dd/.gemini/config/plugins/ponytail/skills/ponytail-debt/SKILL.md: failed to parse frontmatter: yaml: line 2: mapping values are not allowed in this context
ERROR: logging before google.Init: E0831 01:13:39.967158    3459 errorreport.go:223] mkdir /home/dd/.gemini/antigravity-cli/brain/cfc227d5-b0d6-413d-8fc5-5a28970c062e: read-only file system
ERROR: logging before google.Init: E0831 01:13:39.968122     132 stager.go:117] Failed to save message for cfc227d5-b0d6-413d-8fc5-5a28970c062e: open /home/dd/.gemini/antigravity-cli/conversations/cfc227d5-b0d6-413d-8fc5-5a28970c062e.5fba0233-757f-4e08-b886-ec497a2d68aa.tmp: read-only file system
ERROR: logging before google.Init: E0831 01:13:39.968168     132 errorreport.go:223] open /home/dd/.gemini/antigravity-cli/conversations/cfc227d5-b0d6-413d-8fc5-5a28970c062e.5fba0233-757f-4e08-b886-ec497a2d68aa.tmp: read-only file system
ERROR: logging before google.Init: E0831 01:13:39.969144     132 stager.go:117] Failed to save message for cfc227d5-b0d6-413d-8fc5-5a28970c062e: open /home/dd/.gemini/antigravity-cli/conversations/cfc227d5-b0d6-413d-8fc5-5a28970c062e.e476a7c0-1b53-43e0-bfd2-32426bc996c2.tmp: read-only file system
ERROR: logging before google.Init: E0831 01:13:39.969175     132 errorreport.go:223] open /home/dd/.gemini/antigravity-cli/conversations/cfc227d5-b0d6-413d-8fc5-5a28970c062e.e476a7c0-1b53-43e0-bfd2-32426bc996c2.tmp: read-only file system
ERROR: logging before google.Init: I0831 01:13:42.062068    3457 http_helpers.go:246] URL: https://daily-cloudcode-pa.googleapis.com/v1internal:streamGenerateContent?alt=sse Trace: 0x650f61e2fcfddbc0 ResponseID: JLmUar6ODYbjnsEP7c-5mQ4
ERROR: logging before google.Init: E0831 01:13:42.075701     780 errorreport.go:223] mkdir /home/dd/.gemini/antigravity-cli/brain/cfc227d5-b0d6-413d-8fc5-5a28970c062e: read-only file system
ERROR: logging before google.Init: E0831 01:13:42.076512     132 stager.go:117] Failed to save message for cfc227d5-b0d6-413d-8fc5-5a28970c062e: open /home/dd/.gemini/antigravity-cli/conversations/cfc227d5-b0d6-413d-8fc5-5a28970c062e.6b687a5d-318e-49c9-8159-310f8336f0c9.tmp: read-only file system
ERROR: logging before google.Init: E0831 01:13:42.076569     132 errorreport.go:223] open /home/dd/.gemini/antigravity-cli/conversations/cfc227d5-b0d6-413d-8fc5-5a28970c062e.6b687a5d-318e-49c9-8159-310f8336f0c9.tmp: read-only file system
ERROR: logging before google.Init: E0831 01:13:42.076866    3510 skills.go:166] Failed to parse skill file /home/dd/.gemini/config/plugins/ponytail/skills/ponytail-debt/SKILL.md: failed to parse frontmatter: yaml: line 2: mapping values are not allowed in this context
ERROR: logging before google.Init: E0831 01:13:42.078633    3571 errorreport.go:223] mkdir /home/dd/.gemini/antigravity-cli/brain/cfc227d5-b0d6-413d-8fc5-5a28970c062e: read-only file system
ERROR: logging before google.Init: E0831 01:13:42.079147     132 stager.go:117] Failed to save message for cfc227d5-b0d6-413d-8fc5-5a28970c062e: open /home/dd/.gemini/antigravity-cli/conversations/cfc227d5-b0d6-413d-8fc5-5a28970c062e.edad1e60-a9e9-41aa-82d0-62325f3387aa.tmp: read-only file system
ERROR: logging before google.Init: E0831 01:13:42.079179     132 errorreport.go:223] open /home/dd/.gemini/antigravity-cli/conversations/cfc227d5-b0d6-413d-8fc5-5a28970c062e.edad1e60-a9e9-41aa-82d0-62325f3387aa.tmp: read-only file system
ERROR: logging before google.Init: E0831 01:13:42.079853     132 stager.go:117] Failed to save message for cfc227d5-b0d6-413d-8fc5-5a28970c062e: open /home/dd/.gemini/antigravity-cli/conversations/cfc227d5-b0d6-413d-8fc5-5a28970c062e.6b69965a-386c-49b5-b7c3-9f5711407c63.tmp: read-only file system
ERROR: logging before google.Init: E0831 01:13:42.079870     132 errorreport.go:223] open /home/dd/.gemini/antigravity-cli/conversations/cfc227d5-b0d6-413d-8fc5-5a28970c062e.6b69965a-386c-49b5-b7c3-9f5711407c63.tmp: read-only file system
ERROR: logging before google.Init: I0831 01:13:43.487101    3615 http_helpers.go:246] URL: https://daily-cloudcode-pa.googleapis.com/v1internal:streamGenerateContent?alt=sse Trace: 0x6bd0476ca881a530 ResponseID: JrmUavv1E534nsEP9PPJ6A8
ERROR: logging before google.Init: E0831 01:13:43.497507     780 errorreport.go:223] mkdir /home/dd/.gemini/antigravity-cli/brain/cfc227d5-b0d6-413d-8fc5-5a28970c062e: read-only file system
ERROR: logging before google.Init: E0831 01:13:43.499184     132 stager.go:117] Failed to save message for cfc227d5-b0d6-413d-8fc5-5a28970c062e: open /home/dd/.gemini/antigravity-cli/conversations/cfc227d5-b0d6-413d-8fc5-5a28970c062e.6a253bc2-de3b-471e-905e-52663a31dd12.tmp: read-only file system
ERROR: logging before google.Init: E0831 01:13:43.499309     132 errorreport.go:223] open /home/dd/.gemini/antigravity-cli/conversations/cfc227d5-b0d6-413d-8fc5-5a28970c062e.6a253bc2-de3b-471e-905e-52663a31dd12.tmp: read-only file system
ERROR: logging before google.Init: W0831 01:13:43.501429    3411 output_truncation.go:115] output truncation: failed to create output file: mkdir /home/dd/.gemini/antigravity-cli/brain/cfc227d5-b0d6-413d-8fc5-5a28970c062e: read-only file system
ERROR: logging before google.Init: E0831 01:13:43.508054     132 stager.go:117] Failed to save message for cfc227d5-b0d6-413d-8fc5-5a28970c062e: open /home/dd/.gemini/antigravity-cli/conversations/cfc227d5-b0d6-413d-8fc5-5a28970c062e.5dc6f95c-8cf9-49c2-ba43-4e71bd32e8e3.tmp: read-only file system
ERROR: logging before google.Init: E0831 01:13:43.508111     132 errorreport.go:223] open /home/dd/.gemini/antigravity-cli/conversations/cfc227d5-b0d6-413d-8fc5-5a28970c062e.5dc6f95c-8cf9-49c2-ba43-4e71bd32e8e3.tmp: read-only file system
ERROR: logging before google.Init: E0831 01:13:43.508957     132 stager.go:117] Failed to save message for cfc227d5-b0d6-413d-8fc5-5a28970c062e: open /home/dd/.gemini/antigravity-cli/conversations/cfc227d5-b0d6-413d-8fc5-5a28970c062e.184de171-bd36-466e-b42e-755495b8b6a9.tmp: read-only file system
ERROR: logging before google.Init: E0831 01:13:43.508990     132 errorreport.go:223] open /home/dd/.gemini/antigravity-cli/conversations/cfc227d5-b0d6-413d-8fc5-5a28970c062e.184de171-bd36-466e-b42e-755495b8b6a9.tmp: read-only file system
ERROR: logging before google.Init: I0831 01:13:45.138106    3654 http_helpers.go:246] URL: https://daily-cloudcode-pa.googleapis.com/v1internal:streamGenerateContent?alt=sse Trace: 0xaab843730dca04c4 ResponseID: J7mUatqjMMHqnsEP69Op8QI
ERROR: logging before google.Init: E0831 01:13:45.151727     780 errorreport.go:223] mkdir /home/dd/.gemini/antigravity-cli/brain/cfc227d5-b0d6-413d-8fc5-5a28970c062e: read-only file system
ERROR: logging before google.Init: W0831 01:13:45.152263    3517 output_truncation.go:115] output truncation: failed to create output file: mkdir /home/dd/.gemini/antigravity-cli/brain/cfc227d5-b0d6-413d-8fc5-5a28970c062e: read-only file system
ERROR: logging before google.Init: E0831 01:13:45.152352    3517 errorreport.go:223] mkdir /home/dd/.gemini/antigravity-cli/brain/cfc227d5-b0d6-413d-8fc5-5a28970c062e: read-only file system
ERROR: logging before google.Init: E0831 01:13:45.152443     132 stager.go:117] Failed to save message for cfc227d5-b0d6-413d-8fc5-5a28970c062e: open /home/dd/.gemini/antigravity-cli/conversations/cfc227d5-b0d6-413d-8fc5-5a28970c062e.d8577987-380d-45d3-b8a5-5ea00078a4d7.tmp: read-only file system
ERROR: logging before google.Init: E0831 01:13:45.152484     132 errorreport.go:223] open /home/dd/.gemini/antigravity-cli/conversations/cfc227d5-b0d6-413d-8fc5-5a28970c062e.d8577987-380d-45d3-b8a5-5ea00078a4d7.tmp: read-only file system
ERROR: logging before google.Init: E0831 01:13:45.153002     132 stager.go:117] Failed to save message for cfc227d5-b0d6-413d-8fc5-5a28970c062e: open /home/dd/.gemini/antigravity-cli/conversations/cfc227d5-b0d6-413d-8fc5-5a28970c062e.eed14f67-1f22-4875-a900-33bdec901057.tmp: read-only file system
ERROR: logging before google.Init: E0831 01:13:45.153018     132 errorreport.go:223] open /home/dd/.gemini/antigravity-cli/conversations/cfc227d5-b0d6-413d-8fc5-5a28970c062e.eed14f67-1f22-4875-a900-33bdec901057.tmp: read-only file system
ERROR: logging before google.Init: E0831 01:13:45.153516     132 stager.go:117] Failed to save message for cfc227d5-b0d6-413d-8fc5-5a28970c062e: open /home/dd/.gemini/antigravity-cli/conversations/cfc227d5-b0d6-413d-8fc5-5a28970c062e.b6c6f753-09c7-42ba-bded-3647409bae1d.tmp: read-only file system
ERROR: logging before google.Init: E0831 01:13:45.153529     132 errorreport.go:223] open /home/dd/.gemini/antigravity-cli/conversations/cfc227d5-b0d6-413d-8fc5-5a28970c062e.b6c6f753-09c7-42ba-bded-3647409bae1d.tmp: read-only file system
ERROR: logging before google.Init: I0831 01:13:46.685691    3668 http_helpers.go:246] URL: https://daily-cloudcode-pa.googleapis.com/v1internal:streamGenerateContent?alt=sse Trace: 0x7719f796eb441a0c ResponseID: KbmUas7VJfSGnsEP5I-8-QU
ERROR: logging before google.Init: E0831 01:13:46.704900     780 errorreport.go:223] mkdir /home/dd/.gemini/antigravity-cli/brain/cfc227d5-b0d6-413d-8fc5-5a28970c062e: read-only file system
ERROR: logging before google.Init: W0831 01:13:46.705346    3485 output_truncation.go:115] output truncation: failed to create output file: mkdir /home/dd/.gemini/antigravity-cli/brain/cfc227d5-b0d6-413d-8fc5-5a28970c062e: read-only file system
ERROR: logging before google.Init: E0831 01:13:46.705428    3485 errorreport.go:223] mkdir /home/dd/.gemini/antigravity-cli/brain/cfc227d5-b0d6-413d-8fc5-5a28970c062e: read-only file system
ERROR: logging before google.Init: E0831 01:13:46.705597     132 stager.go:117] Failed to save message for cfc227d5-b0d6-413d-8fc5-5a28970c062e: open /home/dd/.gemini/antigravity-cli/conversations/cfc227d5-b0d6-413d-8fc5-5a28970c062e.cb28b975-fbd3-422f-8dfd-729037497ee9.tmp: read-only file system
ERROR: logging before google.Init: E0831 01:13:46.705631     132 errorreport.go:223] open /home/dd/.gemini/antigravity-cli/conversations/cfc227d5-b0d6-413d-8fc5-5a28970c062e.cb28b975-fbd3-422f-8dfd-729037497ee9.tmp: read-only file system
ERROR: logging before google.Init: E0831 01:13:46.706152     132 stager.go:117] Failed to save message for cfc227d5-b0d6-413d-8fc5-5a28970c062e: open /home/dd/.gemini/antigravity-cli/conversations/cfc227d5-b0d6-413d-8fc5-5a28970c062e.fce98fac-ac0a-45bd-91b9-cfaa50d37cf0.tmp: read-only file system
ERROR: logging before google.Init: E0831 01:13:46.706167     132 errorreport.go:223] open /home/dd/.gemini/antigravity-cli/conversations/cfc227d5-b0d6-413d-8fc5-5a28970c062e.fce98fac-ac0a-45bd-91b9-cfaa50d37cf0.tmp: read-only file system
ERROR: logging before google.Init: E0831 01:13:46.706737     132 stager.go:117] Failed to save message for cfc227d5-b0d6-413d-8fc5-5a28970c062e: open /home/dd/.gemini/antigravity-cli/conversations/cfc227d5-b0d6-413d-8fc5-5a28970c062e.054885bb-2075-4aed-aabc-920adadef58b.tmp: read-only file system
ERROR: logging before google.Init: E0831 01:13:46.706750     132 errorreport.go:223] open /home/dd/.gemini/antigravity-cli/conversations/cfc227d5-b0d6-413d-8fc5-5a28970c062e.054885bb-2075-4aed-aabc-920adadef58b.tmp: read-only file system
ERROR: logging before google.Init: I0831 01:13:48.040045    3684 http_helpers.go:246] URL: https://daily-cloudcode-pa.googleapis.com/v1internal:streamGenerateContent?alt=sse Trace: 0xdb27c6f5ce978ef6 ResponseID: KrmUatPsNrXpkdUP_oTA2AI
ERROR: logging before google.Init: E0831 01:13:48.051736     780 errorreport.go:223] mkdir /home/dd/.gemini/antigravity-cli/brain/cfc227d5-b0d6-413d-8fc5-5a28970c062e: read-only file system
ERROR: logging before google.Init: E0831 01:13:48.052513     132 stager.go:117] Failed to save message for cfc227d5-b0d6-413d-8fc5-5a28970c062e: open /home/dd/.gemini/antigravity-cli/conversations/cfc227d5-b0d6-413d-8fc5-5a28970c062e.58657281-e313-44f7-a295-6166d253abbb.tmp: read-only file system
ERROR: logging before google.Init: E0831 01:13:48.052556     132 errorreport.go:223] open /home/dd/.gemini/antigravity-cli/conversations/cfc227d5-b0d6-413d-8fc5-5a28970c062e.58657281-e313-44f7-a295-6166d253abbb.tmp: read-only file system
ERROR: logging before google.Init: I0831 01:13:48.058745    3625 search_ripgrep.go:108] reusing extracted ripgrep at /home/dd/.cache/antigravity/bin/rg_embedded-58c20e0fcf621199 (8591344 bytes)
ERROR: logging before google.Init: I0831 01:13:48.058760    3625 search_ripgrep.go:459] ripgrep resolved to /home/dd/.cache/antigravity/bin/rg_embedded-58c20e0fcf621199 (embedded copy)
ERROR: logging before google.Init: E0831 01:13:48.059010    3625 grep_handler.go:674] ripgrep at /home/dd/.cache/antigravity/bin/rg_embedded-58c20e0fcf621199 could not be executed (fork/exec /home/dd/.cache/antigravity/bin/rg_embedded-58c20e0fcf621199: no such file or directory), falling back to grep
ERROR: logging before google.Init: W0831 01:13:48.063056    3625 output_truncation.go:115] output truncation: failed to create output file: mkdir /home/dd/.gemini/antigravity-cli/brain/cfc227d5-b0d6-413d-8fc5-5a28970c062e: read-only file system
ERROR: logging before google.Init: E0831 01:13:48.063153    3625 errorreport.go:223] mkdir /home/dd/.gemini/antigravity-cli/brain/cfc227d5-b0d6-413d-8fc5-5a28970c062e: read-only file system
ERROR: logging before google.Init: E0831 01:13:48.063874     132 stager.go:117] Failed to save message for cfc227d5-b0d6-413d-8fc5-5a28970c062e: open /home/dd/.gemini/antigravity-cli/conversations/cfc227d5-b0d6-413d-8fc5-5a28970c062e.65256174-b104-44f6-85bc-c9fdcb163d48.tmp: read-only file system
ERROR: logging before google.Init: E0831 01:13:48.063903     132 errorreport.go:223] open /home/dd/.gemini/antigravity-cli/conversations/cfc227d5-b0d6-413d-8fc5-5a28970c062e.65256174-b104-44f6-85bc-c9fdcb163d48.tmp: read-only file system
ERROR: logging before google.Init: E0831 01:13:48.064736     132 stager.go:117] Failed to save message for cfc227d5-b0d6-413d-8fc5-5a28970c062e: open /home/dd/.gemini/antigravity-cli/conversations/cfc227d5-b0d6-413d-8fc5-5a28970c062e.1805c798-e144-4c2e-b34b-fc6936eaca16.tmp: read-only file system
ERROR: logging before google.Init: E0831 01:13:48.064823     132 errorreport.go:223] open /home/dd/.gemini/antigravity-cli/conversations/cfc227d5-b0d6-413d-8fc5-5a28970c062e.1805c798-e144-4c2e-b34b-fc6936eaca16.tmp: read-only file system
ERROR: logging before google.Init: I0831 01:13:49.436387    3692 http_helpers.go:246] URL: https://daily-cloudcode-pa.googleapis.com/v1internal:streamGenerateContent?alt=sse Trace: 0x37016f3911e8ac6e ResponseID: LLmUaqngFby0kdUP0enP8QI
ERROR: logging before google.Init: E0831 01:13:49.453585     780 errorreport.go:223] mkdir /home/dd/.gemini/antigravity-cli/brain/cfc227d5-b0d6-413d-8fc5-5a28970c062e: read-only file system
ERROR: logging before google.Init: E0831 01:13:49.454312     132 stager.go:117] Failed to save message for cfc227d5-b0d6-413d-8fc5-5a28970c062e: open /home/dd/.gemini/antigravity-cli/conversations/cfc227d5-b0d6-413d-8fc5-5a28970c062e.2c27a517-98d2-4ec0-97ad-07eed432c234.tmp: read-only file system
ERROR: logging before google.Init: E0831 01:13:49.454356     132 errorreport.go:223] open /home/dd/.gemini/antigravity-cli/conversations/cfc227d5-b0d6-413d-8fc5-5a28970c062e.2c27a517-98d2-4ec0-97ad-07eed432c234.tmp: read-only file system
ERROR: logging before google.Init: E0831 01:13:49.454418    3718 skills.go:166] Failed to parse skill file /home/dd/.gemini/config/plugins/ponytail/skills/ponytail-debt/SKILL.md: failed to parse frontmatter: yaml: line 2: mapping values are not allowed in this context
ERROR: logging before google.Init: E0831 01:13:49.456003    3671 errorreport.go:223] mkdir /home/dd/.gemini/antigravity-cli/brain/cfc227d5-b0d6-413d-8fc5-5a28970c062e: read-only file system
ERROR: logging before google.Init: E0831 01:13:49.456995     132 stager.go:117] Failed to save message for cfc227d5-b0d6-413d-8fc5-5a28970c062e: open /home/dd/.gemini/antigravity-cli/conversations/cfc227d5-b0d6-413d-8fc5-5a28970c062e.dd3adcd5-798a-42a5-be32-f33d3944ca49.tmp: read-only file system
ERROR: logging before google.Init: E0831 01:13:49.457417     132 errorreport.go:223] open /home/dd/.gemini/antigravity-cli/conversations/cfc227d5-b0d6-413d-8fc5-5a28970c062e.dd3adcd5-798a-42a5-be32-f33d3944ca49.tmp: read-only file system
ERROR: logging before google.Init: E0831 01:13:49.458132     132 stager.go:117] Failed to save message for cfc227d5-b0d6-413d-8fc5-5a28970c062e: open /home/dd/.gemini/antigravity-cli/conversations/cfc227d5-b0d6-413d-8fc5-5a28970c062e.8c8fb197-3d1f-423b-9994-8c786eac46ec.tmp: read-only file system
ERROR: logging before google.Init: E0831 01:13:49.458159     132 errorreport.go:223] open /home/dd/.gemini/antigravity-cli/conversations/cfc227d5-b0d6-413d-8fc5-5a28970c062e.8c8fb197-3d1f-423b-9994-8c786eac46ec.tmp: read-only file system
ERROR: logging before google.Init: I0831 01:13:51.663329    3217 http_helpers.go:246] URL: https://daily-cloudcode-pa.googleapis.com/v1internal:streamGenerateContent?alt=sse Trace: 0x2eff133133d818cc ResponseID: LbmUar2iKZv7nsEPgLGG-AI
ERROR: logging before google.Init: E0831 01:13:52.808678     780 errorreport.go:223] mkdir /home/dd/.gemini/antigravity-cli/brain/cfc227d5-b0d6-413d-8fc5-5a28970c062e: read-only file system
ERROR: logging before google.Init: E0831 01:13:52.809391     132 stager.go:117] Failed to save message for cfc227d5-b0d6-413d-8fc5-5a28970c062e: open /home/dd/.gemini/antigravity-cli/conversations/cfc227d5-b0d6-413d-8fc5-5a28970c062e.a64d04c4-4a32-4c8d-92e7-268801616026.tmp: read-only file system
ERROR: logging before google.Init: E0831 01:13:52.809431     132 errorreport.go:223] open /home/dd/.gemini/antigravity-cli/conversations/cfc227d5-b0d6-413d-8fc5-5a28970c062e.a64d04c4-4a32-4c8d-92e7-268801616026.tmp: read-only file system
ERROR: logging before google.Init: E0831 01:13:52.809774    2729 skills.go:166] Failed to parse skill file /home/dd/.gemini/config/plugins/ponytail/skills/ponytail-debt/SKILL.md: failed to parse frontmatter: yaml: line 2: mapping values are not allowed in this context
ERROR: logging before google.Init: E0831 01:13:52.811223    3104 errorreport.go:223] mkdir /home/dd/.gemini/antigravity-cli/brain/cfc227d5-b0d6-413d-8fc5-5a28970c062e: read-only file system
ERROR: logging before google.Init: E0831 01:13:52.811822     132 stager.go:117] Failed to save message for cfc227d5-b0d6-413d-8fc5-5a28970c062e: open /home/dd/.gemini/antigravity-cli/conversations/cfc227d5-b0d6-413d-8fc5-5a28970c062e.94cf26a4-0e93-4e71-9b65-c9d597784966.tmp: read-only file system
ERROR: logging before google.Init: E0831 01:13:52.811848     132 errorreport.go:223] open /home/dd/.gemini/antigravity-cli/conversations/cfc227d5-b0d6-413d-8fc5-5a28970c062e.94cf26a4-0e93-4e71-9b65-c9d597784966.tmp: read-only file system
ERROR: logging before google.Init: E0831 01:13:52.812699     132 stager.go:117] Failed to save message for cfc227d5-b0d6-413d-8fc5-5a28970c062e: open /home/dd/.gemini/antigravity-cli/conversations/cfc227d5-b0d6-413d-8fc5-5a28970c062e.59e39319-8eff-4b57-9969-02c89c22bb76.tmp: read-only file system
ERROR: logging before google.Init: E0831 01:13:52.812736     132 errorreport.go:223] open /home/dd/.gemini/antigravity-cli/conversations/cfc227d5-b0d6-413d-8fc5-5a28970c062e.59e39319-8eff-4b57-9969-02c89c22bb76.tmp: read-only file system
ERROR: logging before google.Init: I0831 01:13:54.380864    3841 http_helpers.go:246] URL: https://daily-cloudcode-pa.googleapis.com/v1internal:streamGenerateContent?alt=sse Trace: 0xbab3488857ecfd12 ResponseID: MbmUatzvB6n5xN8PudeMgQk
ERROR: logging before google.Init: E0831 01:13:54.400847     780 errorreport.go:223] mkdir /home/dd/.gemini/antigravity-cli/brain/cfc227d5-b0d6-413d-8fc5-5a28970c062e: read-only file system
ERROR: logging before google.Init: I0831 01:13:54.401688    3645 search_ripgrep.go:459] ripgrep resolved to /usr/bin/rg (co-located with the executable)
ERROR: logging before google.Init: E0831 01:13:54.402566     132 stager.go:117] Failed to save message for cfc227d5-b0d6-413d-8fc5-5a28970c062e: open /home/dd/.gemini/antigravity-cli/conversations/cfc227d5-b0d6-413d-8fc5-5a28970c062e.e6419786-7e28-4b16-9ee2-18d4710e38e3.tmp: read-only file system
ERROR: logging before google.Init: E0831 01:13:54.402626     132 errorreport.go:223] open /home/dd/.gemini/antigravity-cli/conversations/cfc227d5-b0d6-413d-8fc5-5a28970c062e.e6419786-7e28-4b16-9ee2-18d4710e38e3.tmp: read-only file system
ERROR: logging before google.Init: W0831 01:13:54.407608    3645 output_truncation.go:115] output truncation: failed to create output file: mkdir /home/dd/.gemini/antigravity-cli/brain/cfc227d5-b0d6-413d-8fc5-5a28970c062e: read-only file system
ERROR: logging before google.Init: E0831 01:13:54.407733    3645 errorreport.go:223] mkdir /home/dd/.gemini/antigravity-cli/brain/cfc227d5-b0d6-413d-8fc5-5a28970c062e: read-only file system
ERROR: logging before google.Init: E0831 01:13:54.408383     132 stager.go:117] Failed to save message for cfc227d5-b0d6-413d-8fc5-5a28970c062e: open /home/dd/.gemini/antigravity-cli/conversations/cfc227d5-b0d6-413d-8fc5-5a28970c062e.9c9d2f8d-b6c7-4e59-82e7-ada47a824980.tmp: read-only file system
ERROR: logging before google.Init: E0831 01:13:54.408417     132 errorreport.go:223] open /home/dd/.gemini/antigravity-cli/conversations/cfc227d5-b0d6-413d-8fc5-5a28970c062e.9c9d2f8d-b6c7-4e59-82e7-ada47a824980.tmp: read-only file system
ERROR: logging before google.Init: E0831 01:13:54.409104     132 stager.go:117] Failed to save message for cfc227d5-b0d6-413d-8fc5-5a28970c062e: open /home/dd/.gemini/antigravity-cli/conversations/cfc227d5-b0d6-413d-8fc5-5a28970c062e.dd445723-ab44-4efa-b8fc-556a58a22247.tmp: read-only file system
ERROR: logging before google.Init: E0831 01:13:54.409121     132 errorreport.go:223] open /home/dd/.gemini/antigravity-cli/conversations/cfc227d5-b0d6-413d-8fc5-5a28970c062e.dd445723-ab44-4efa-b8fc-556a58a22247.tmp: read-only file system
ERROR: logging before google.Init: I0831 01:13:55.791582    3712 http_helpers.go:246] URL: https://daily-cloudcode-pa.googleapis.com/v1internal:streamGenerateContent?alt=sse Trace: 0x90e381a6e1e39ec5 ResponseID: MrmUau79JIuBkdUPrL3d-AI
ERROR: logging before google.Init: E0831 01:13:55.802192     780 errorreport.go:223] mkdir /home/dd/.gemini/antigravity-cli/brain/cfc227d5-b0d6-413d-8fc5-5a28970c062e: read-only file system
ERROR: logging before google.Init: E0831 01:13:55.803002     132 stager.go:117] Failed to save message for cfc227d5-b0d6-413d-8fc5-5a28970c062e: open /home/dd/.gemini/antigravity-cli/conversations/cfc227d5-b0d6-413d-8fc5-5a28970c062e.6db5697c-3e6b-4d5a-9abc-fa986ac52011.tmp: read-only file system
ERROR: logging before google.Init: E0831 01:13:55.803040     132 errorreport.go:223] open /home/dd/.gemini/antigravity-cli/conversations/cfc227d5-b0d6-413d-8fc5-5a28970c062e.6db5697c-3e6b-4d5a-9abc-fa986ac52011.tmp: read-only file system
ERROR: logging before google.Init: W0831 01:13:55.803773    3787 output_truncation.go:115] output truncation: failed to create output file: mkdir /home/dd/.gemini/antigravity-cli/brain/cfc227d5-b0d6-413d-8fc5-5a28970c062e: read-only file system
ERROR: logging before google.Init: E0831 01:13:55.803844    3787 errorreport.go:223] mkdir /home/dd/.gemini/antigravity-cli/brain/cfc227d5-b0d6-413d-8fc5-5a28970c062e: read-only file system
ERROR: logging before google.Init: E0831 01:13:55.804407     132 stager.go:117] Failed to save message for cfc227d5-b0d6-413d-8fc5-5a28970c062e: open /home/dd/.gemini/antigravity-cli/conversations/cfc227d5-b0d6-413d-8fc5-5a28970c062e.703ad5be-9c95-4b0e-bceb-34a145667f37.tmp: read-only file system
ERROR: logging before google.Init: E0831 01:13:55.804432     132 errorreport.go:223] open /home/dd/.gemini/antigravity-cli/conversations/cfc227d5-b0d6-413d-8fc5-5a28970c062e.703ad5be-9c95-4b0e-bceb-34a145667f37.tmp: read-only file system
ERROR: logging before google.Init: E0831 01:13:55.804990     132 stager.go:117] Failed to save message for cfc227d5-b0d6-413d-8fc5-5a28970c062e: open /home/dd/.gemini/antigravity-cli/conversations/cfc227d5-b0d6-413d-8fc5-5a28970c062e.c8362663-cd99-42b8-9853-2d17089593aa.tmp: read-only file system
ERROR: logging before google.Init: E0831 01:13:55.805004     132 errorreport.go:223] open /home/dd/.gemini/antigravity-cli/conversations/cfc227d5-b0d6-413d-8fc5-5a28970c062e.c8362663-cd99-42b8-9853-2d17089593aa.tmp: read-only file system
ERROR: logging before google.Init: I0831 01:13:59.072879    3264 http_helpers.go:246] URL: https://daily-cloudcode-pa.googleapis.com/v1internal:streamGenerateContent?alt=sse Trace: 0x547a6456f8777e41 ResponseID: NLmUatLoEo_FnsEP0OKWmAM
ERROR: logging before google.Init: E0831 01:13:59.089199     780 errorreport.go:223] mkdir /home/dd/.gemini/antigravity-cli/brain/cfc227d5-b0d6-413d-8fc5-5a28970c062e: read-only file system
ERROR: logging before google.Init: E0831 01:13:59.089958     132 stager.go:117] Failed to save message for cfc227d5-b0d6-413d-8fc5-5a28970c062e: open /home/dd/.gemini/antigravity-cli/conversations/cfc227d5-b0d6-413d-8fc5-5a28970c062e.5ad7608a-d026-4143-9356-6b8d8d1c5e01.tmp: read-only file system
ERROR: logging before google.Init: E0831 01:13:59.089993     132 errorreport.go:223] open /home/dd/.gemini/antigravity-cli/conversations/cfc227d5-b0d6-413d-8fc5-5a28970c062e.5ad7608a-d026-4143-9356-6b8d8d1c5e01.tmp: read-only file system
ERROR: logging before google.Init: E0831 01:13:59.090154    4041 skills.go:166] Failed to parse skill file /home/dd/.gemini/config/plugins/ponytail/skills/ponytail-debt/SKILL.md: failed to parse frontmatter: yaml: line 2: mapping values are not allowed in this context
ERROR: logging before google.Init: E0831 01:13:59.091604    3914 errorreport.go:223] mkdir /home/dd/.gemini/antigravity-cli/brain/cfc227d5-b0d6-413d-8fc5-5a28970c062e: read-only file system
ERROR: logging before google.Init: E0831 01:13:59.092171     132 stager.go:117] Failed to save message for cfc227d5-b0d6-413d-8fc5-5a28970c062e: open /home/dd/.gemini/antigravity-cli/conversations/cfc227d5-b0d6-413d-8fc5-5a28970c062e.489c0e89-92ce-43be-85b8-54a50e00db33.tmp: read-only file system
ERROR: logging before google.Init: E0831 01:13:59.092195     132 errorreport.go:223] open /home/dd/.gemini/antigravity-cli/conversations/cfc227d5-b0d6-413d-8fc5-5a28970c062e.489c0e89-92ce-43be-85b8-54a50e00db33.tmp: read-only file system
ERROR: logging before google.Init: E0831 01:13:59.092749     132 stager.go:117] Failed to save message for cfc227d5-b0d6-413d-8fc5-5a28970c062e: open /home/dd/.gemini/antigravity-cli/conversations/cfc227d5-b0d6-413d-8fc5-5a28970c062e.7225a222-070a-4f6b-bad4-318ea0a74088.tmp: read-only file system
ERROR: logging before google.Init: E0831 01:13:59.092761     132 errorreport.go:223] open /home/dd/.gemini/antigravity-cli/conversations/cfc227d5-b0d6-413d-8fc5-5a28970c062e.7225a222-070a-4f6b-bad4-318ea0a74088.tmp: read-only file system
ERROR: logging before google.Init: I0831 01:14:00.592257    3901 http_helpers.go:246] URL: https://daily-cloudcode-pa.googleapis.com/v1internal:streamGenerateContent?alt=sse Trace: 0x207e7cea07716ece ResponseID: N7mUaun7EtrYkdUPjJeVyAI
ERROR: logging before google.Init: E0831 01:14:00.605435     780 errorreport.go:223] mkdir /home/dd/.gemini/antigravity-cli/brain/cfc227d5-b0d6-413d-8fc5-5a28970c062e: read-only file system
ERROR: logging before google.Init: E0831 01:14:00.606244     132 stager.go:117] Failed to save message for cfc227d5-b0d6-413d-8fc5-5a28970c062e: open /home/dd/.gemini/antigravity-cli/conversations/cfc227d5-b0d6-413d-8fc5-5a28970c062e.d64d7805-0795-43ab-a511-84fe7e8ee47a.tmp: read-only file system
ERROR: logging before google.Init: E0831 01:14:00.606310     132 errorreport.go:223] open /home/dd/.gemini/antigravity-cli/conversations/cfc227d5-b0d6-413d-8fc5-5a28970c062e.d64d7805-0795-43ab-a511-84fe7e8ee47a.tmp: read-only file system
ERROR: logging before google.Init: W0831 01:14:00.608362    3960 output_truncation.go:115] output truncation: failed to create output file: mkdir /home/dd/.gemini/antigravity-cli/brain/cfc227d5-b0d6-413d-8fc5-5a28970c062e: read-only file system
ERROR: logging before google.Init: E0831 01:14:00.608451    3960 errorreport.go:223] mkdir /home/dd/.gemini/antigravity-cli/brain/cfc227d5-b0d6-413d-8fc5-5a28970c062e: read-only file system
ERROR: logging before google.Init: E0831 01:14:00.609162     132 stager.go:117] Failed to save message for cfc227d5-b0d6-413d-8fc5-5a28970c062e: open /home/dd/.gemini/antigravity-cli/conversations/cfc227d5-b0d6-413d-8fc5-5a28970c062e.53e42091-8f58-4883-8398-5cb3113683f5.tmp: read-only file system
ERROR: logging before google.Init: E0831 01:14:00.609194     132 errorreport.go:223] open /home/dd/.gemini/antigravity-cli/conversations/cfc227d5-b0d6-413d-8fc5-5a28970c062e.53e42091-8f58-4883-8398-5cb3113683f5.tmp: read-only file system
ERROR: logging before google.Init: E0831 01:14:00.609827     132 stager.go:117] Failed to save message for cfc227d5-b0d6-413d-8fc5-5a28970c062e: open /home/dd/.gemini/antigravity-cli/conversations/cfc227d5-b0d6-413d-8fc5-5a28970c062e.ae3d41f8-5d32-4fd2-8075-3c34acc2d633.tmp: read-only file system
ERROR: logging before google.Init: E0831 01:14:00.609859     132 errorreport.go:223] open /home/dd/.gemini/antigravity-cli/conversations/cfc227d5-b0d6-413d-8fc5-5a28970c062e.ae3d41f8-5d32-4fd2-8075-3c34acc2d633.tmp: read-only file system
ERROR: logging before google.Init: I0831 01:14:02.251838    3888 http_helpers.go:246] URL: https://daily-cloudcode-pa.googleapis.com/v1internal:streamGenerateContent?alt=sse Trace: 0x47577db4c1b5ec0f ResponseID: ObmUasOTB534nsEP9PPJ6A8
ERROR: logging before google.Init: E0831 01:14:02.268825     780 errorreport.go:223] mkdir /home/dd/.gemini/antigravity-cli/brain/cfc227d5-b0d6-413d-8fc5-5a28970c062e: read-only file system
ERROR: logging before google.Init: E0831 01:14:02.269628     132 stager.go:117] Failed to save message for cfc227d5-b0d6-413d-8fc5-5a28970c062e: open /home/dd/.gemini/antigravity-cli/conversations/cfc227d5-b0d6-413d-8fc5-5a28970c062e.82a3baed-8eb1-486b-89ad-af9e5797389e.tmp: read-only file system
ERROR: logging before google.Init: E0831 01:14:02.269668     132 errorreport.go:223] open /home/dd/.gemini/antigravity-cli/conversations/cfc227d5-b0d6-413d-8fc5-5a28970c062e.82a3baed-8eb1-486b-89ad-af9e5797389e.tmp: read-only file system
ERROR: logging before google.Init: E0831 01:14:02.269800    4142 skills.go:166] Failed to parse skill file /home/dd/.gemini/config/plugins/ponytail/skills/ponytail-debt/SKILL.md: failed to parse frontmatter: yaml: line 2: mapping values are not allowed in this context
ERROR: logging before google.Init: E0831 01:14:02.271209    3807 errorreport.go:223] mkdir /home/dd/.gemini/antigravity-cli/brain/cfc227d5-b0d6-413d-8fc5-5a28970c062e: read-only file system
ERROR: logging before google.Init: E0831 01:14:02.272070     132 stager.go:117] Failed to save message for cfc227d5-b0d6-413d-8fc5-5a28970c062e: open /home/dd/.gemini/antigravity-cli/conversations/cfc227d5-b0d6-413d-8fc5-5a28970c062e.6d464f43-acae-4c4c-bf01-1e2ab24faf70.tmp: read-only file system
ERROR: logging before google.Init: E0831 01:14:02.272097     132 errorreport.go:223] open /home/dd/.gemini/antigravity-cli/conversations/cfc227d5-b0d6-413d-8fc5-5a28970c062e.6d464f43-acae-4c4c-bf01-1e2ab24faf70.tmp: read-only file system
ERROR: logging before google.Init: E0831 01:14:02.272722     132 stager.go:117] Failed to save message for cfc227d5-b0d6-413d-8fc5-5a28970c062e: open /home/dd/.gemini/antigravity-cli/conversations/cfc227d5-b0d6-413d-8fc5-5a28970c062e.ffa18f33-fbbe-4fd9-a07f-fa9cdc63b832.tmp: read-only file system
ERROR: logging before google.Init: E0831 01:14:02.272741     132 errorreport.go:223] open /home/dd/.gemini/antigravity-cli/conversations/cfc227d5-b0d6-413d-8fc5-5a28970c062e.ffa18f33-fbbe-4fd9-a07f-fa9cdc63b832.tmp: read-only file system
ERROR: logging before google.Init: I0831 01:14:06.986054    4092 http_helpers.go:246] URL: https://daily-cloudcode-pa.googleapis.com/v1internal:streamGenerateContent?alt=sse Trace: 0x55946e385ecccbc2 ResponseID: OrmUav7PH8eUnsEPv-_J8Qw
ERROR: logging before google.Init: E0831 01:14:27.320597     780 errorreport.go:223] mkdir /home/dd/.gemini/antigravity-cli/brain/cfc227d5-b0d6-413d-8fc5-5a28970c062e: read-only file system
ERROR: logging before google.Init: E0831 01:14:27.321733     132 stager.go:117] Failed to save message for cfc227d5-b0d6-413d-8fc5-5a28970c062e: open /home/dd/.gemini/antigravity-cli/conversations/cfc227d5-b0d6-413d-8fc5-5a28970c062e.5502f7a8-ff50-4d74-98e8-34fb995b19c3.tmp: read-only file system
ERROR: logging before google.Init: E0831 01:14:27.321780     132 errorreport.go:223] open /home/dd/.gemini/antigravity-cli/conversations/cfc227d5-b0d6-413d-8fc5-5a28970c062e.5502f7a8-ff50-4d74-98e8-34fb995b19c3.tmp: read-only file system
ERROR: logging before google.Init: E0831 01:14:27.322726     132 stager.go:117] Failed to save message for cfc227d5-b0d6-413d-8fc5-5a28970c062e: open /home/dd/.gemini/antigravity-cli/conversations/cfc227d5-b0d6-413d-8fc5-5a28970c062e.28aca59e-9009-4790-b167-f31f76769ab7.tmp: read-only file system
ERROR: logging before google.Init: E0831 01:14:27.322756     132 errorreport.go:223] open /home/dd/.gemini/antigravity-cli/conversations/cfc227d5-b0d6-413d-8fc5-5a28970c062e.28aca59e-9009-4790-b167-f31f76769ab7.tmp: read-only file system
ERROR: logging before google.Init: I0831 01:14:27.481363       1 manager.go:751] CLI store manager shutting down
ERROR: logging before google.Init: E0831 01:14:27.481745       1 cache_manager.go:37] failed to persist last conversation to cache: failed to write last conversations: open /home/dd/.gemini/antigravity-cli/cache/last_conversations.json.e5e4783f-982f-4130-9f66-7b2f07fbda54.tmp: read-only file system
ERROR: logging before google.Init: I0831 01:14:27.481755       1 conversation_manager.go:706] Stopping conversation stream
ERROR: logging before google.Init: I0831 01:14:27.481828     445 server.go:1209] Stream goroutine exited for cfc227d5-b0d6-413d-8fc5-5a28970c062e, sending completion signal
ERROR: logging before google.Init: I0831 01:14:27.481834     445 conversation_manager.go:836] Stream completed for cfc227d5-b0d6-413d-8fc5-5a28970c062e, clearing ResponsePending
ERROR: logging before google.Init: I0831 01:14:27.481951    3416 server.go:2712] Language server shutting down
ERROR: logging before google.Init: I0831 01:14:27.481956    3416 server.go:2717] Waiting for migrations to complete to prevent partial migration state...
